{"origStddevs": {"correlation": 0.9942785706395657, "fixed": 0.9942785706395657}, "origMeans": {"correlation": 0.4465909090909091, "fixed": 0.553409090909091}, "predStddevs": {"correlation": 0.011804652109953235, "fixed": 0.011804652109953228}, "predMeans": {"correlation": 0.44662061388623214, "fixed": 0.5533793861137679}}