{"origStddev": 0.46288142622803613, "origMean": 0.06920454545454545, "predStddev": 0.07635480234237627, "predMean": 0.06920454510760465}