{"origStddevs": {"random": 0.6706276259643733, "top": 0.6706276259643733}, "origMeans": {"random": 0.2761363636363636, "top": 0.7238636363636364}, "predStddevs": {"random": 0.011526191163456084, "top": 0.011526191163456082}, "predMeans": {"random": 0.27628246512366106, "top": 0.7237175348763388}}