{"origStddev": 3.7062133358221496, "origMean": 5.015698587127159, "predStddev": 0.645420895248906, "predMean": 5.03303135259439}