{"origStddev": 0.3935751677972222, "origMean": 1.5147727272727274, "predStddev": 0.158451327141875, "predMean": 1.5147727237323574}