{"origStddev": 10.362413962996067, "origMean": 16.745454545454546, "predStddev": 0.597523528086575, "predMean": 16.74545454173603}