{"origStddev": 1.0485989526449087, "origMean": 2.515021459227468, "predStddev": 0.024046924894631852, "predMean": 2.5165909655551375}