{"origStddevs": {"age": 0.9706666523580586, "loss_rank": 0.8401785524517987, "none": 0.9693296652842106, "random": 0.8316249154516717, "zscore": 0.7189880040723908}, "origMeans": {"age": 0.26477272727272727, "loss_rank": 0.17727272727272728, "none": 0.2636363636363636, "random": 0.17272727272727273, "zscore": 0.1215909090909091}, "predStddevs": {"age": 0.0454770004098398, "loss_rank": 0.03643372763796506, "none": 0.04430510418870357, "random": 0.03508726381070191, "zscore": 0.026711856416690216}, "predMeans": {"age": 0.26454936428402986, "loss_rank": 0.1774699075947602, "none": 0.26331490923132966, "random": 0.172849980868472, "zscore": 0.12181583802140823}}