{"all_correlation_best_percentile25_ratio": {"scales": [0.09926577784335743], "means": [1.241897643097991], "variances": [0.009853694650846791]}, "all_correlation_best_percentile50_ratio": {"scales": [0.2844096251429972], "means": [1.7120531385078186], "variances": [0.08088883487398021]}, "all_correlation_best_percentile75_ratio": {"scales": [0.8606309497728307], "means": [3.0578996587241485], "variances": [0.7406856317068847]}, "all_correlation_kurtosis": {"scales": [0.2420919748559853], "means": [-1.104316768010089], "variances": [0.05860852428967102]}, "all_correlation_percentile5_percentile25_ratio": {"scales": [0.07804272972067827], "means": [1.1915246337369376], "variances": [0.00609066766225484]}, "all_correlation_skew": {"scales": [0.2584775288096681], "means": [-0.043433418037466295], "variances": [0.0668106328995528]}, "all_correlation_stddev_best_ratio": {"scales": [0.02694066214167305], "means": [0.3026154788599247], "variances": [0.0007257992766317754]}, "all_correlation_stddev_median_ratio": {"scales": [0.10472605366042012], "means": [0.5117438944600412], "variances": [0.010967546315285195]}, "all_loss_best_percentile25_ratio": {"scales": [0.12766585296993724], "means": [0.8167450439894127], "variances": [0.01629857001454163]}, "all_loss_best_percentile50_ratio": {"scales": [0.14845849256551877], "means": [0.6252163100721251], "variances": [0.022039924014826188]}, "all_loss_best_percentile75_ratio": {"scales": [0.1378008547430723], "means": [0.3209562783058477], "variances": [0.018989075567921312]}, "all_loss_kurtosis": {"scales": [1.1962227220082402], "means": [3.7202654546766483], "variances": [1.4309488006488036]}, "all_loss_percentile5_percentile25_ratio": {"scales": [0.08849427139313511], "means": [0.8757164641410005], "variances": [0.00783123606940185]}, "all_loss_skew": {"scales": [0.2784684757873215], "means": [2.1330000903945545], "variances": [0.07754469200731405]}, "all_loss_stddev_best_ratio": {"scales": [1.2887639814319527], "means": [1.3868103684076565], "variances": [1.6609125998363388]}, "all_loss_stddev_median_ratio": {"scales": [0.5913146922769968], "means": [1.0837718461241765], "variances": [0.3496530653026395]}, "log10_cardinality": {"scales": [1.1824819820735588], "means": [7.068319136064099], "variances": [1.3982636379286122]}, "recent_10_correlation_best_percentile25_ratio": {"scales": [0.3306113125767445], "means": [1.6287861744655214], "variances": [0.10930384000371783]}, "recent_10_correlation_best_percentile50_ratio": {"scales": [0.8610457546395319], "means": [2.712830868909445], "variances": [0.741399791582761]}, "recent_10_correlation_best_percentile75_ratio": {"scales": [3.1782007509449928], "means": [5.905002518609421], "variances": [10.100960013307315]}, "recent_10_correlation_kurtosis": {"scales": [0.40323624789048357], "means": [-0.841234366449916], "variances": [0.16259947161279553]}, "recent_10_correlation_percentile5_percentile25_ratio": {"scales": [0.25083415768137285], "means": [1.49107300645554], "variances": [0.06291777465972383]}, "recent_10_correlation_skew": {"scales": [0.35425148118114586], "means": [0.5355184165212367], "variances": [0.12549411191903573]}, "recent_10_correlation_stddev_best_ratio": {"scales": [0.02307718712163457], "means": [0.3437218593987035], "variances": [0.0005325565654469365]}, "recent_10_correlation_stddev_median_ratio": {"scales": [0.3183758666910877], "means": [0.940557951339126], "variances": [0.10136319249130123]}, "recent_10_loss_best_percentile25_ratio": {"scales": [0.06012255171905134], "means": [0.931944069496532], "variances": [0.0036147212252100034]}, "recent_10_loss_best_percentile50_ratio": {"scales": [0.11770165142884251], "means": [0.8431275779412127], "variances": [0.013853678749076743]}, "recent_10_loss_best_percentile75_ratio": {"scales": [0.17958578801160385], "means": [0.6638104905877387], "variances": [0.032251055255748715]}, "recent_10_loss_kurtosis": {"scales": [1.7209542032919087], "means": [1.6354093595557604], "variances": [2.9616833698280884]}, "recent_10_loss_percentile5_percentile25_ratio": {"scales": [0.047282020565005335], "means": [0.9467027274147644], "variances": [0.0022355894687095877]}, "recent_10_loss_skew": {"scales": [0.525451678721384], "means": [1.6325311903620345], "variances": [0.2760994666711205]}, "recent_10_loss_stddev_best_ratio": {"scales": [0.8767219711046943], "means": [0.7900232832746958], "variances": [0.7686414146177004]}, "recent_10_loss_stddev_median_ratio": {"scales": [0.627041077199717], "means": [0.663977660908109], "variances": [0.3931805124957815]}, "recent_15%_correlation_best_percentile25_ratio": {"scales": [0.315465239129336], "means": [1.5971976647611899], "variances": [0.09951831709892914]}, "recent_15%_correlation_best_percentile50_ratio": {"scales": [0.7098896313275292], "means": [2.50058099279214], "variances": [0.5039432886663354]}, "recent_15%_correlation_best_percentile75_ratio": {"scales": [2.092172919998721], "means": [4.9665716891663365], "variances": [4.377187527175975]}, "recent_15%_correlation_kurtosis": {"scales": [0.4001967626492866], "means": [-0.8648026816032349], "variances": [0.16015744883496946]}, "recent_15%_correlation_percentile5_percentile25_ratio": {"scales": [0.23205297197657482], "means": [1.4631415624887025], "variances": [0.05384858180316102]}, "recent_15%_correlation_skew": {"scales": [0.34937799286256277], "means": [0.4665365281844858], "variances": [0.12206498189667296]}, "recent_15%_correlation_stddev_best_ratio": {"scales": [0.024258218354466874], "means": [0.33523820069180815], "variances": [0.0005884611577329935]}, "recent_15%_correlation_stddev_median_ratio": {"scales": [0.24804825719441767], "means": [0.8360194661402279], "variances": [0.06152793789718798]}, "recent_15%_loss_best_percentile25_ratio": {"scales": [0.06400842628915648], "means": [0.9302041530177034], "variances": [0.00409707863601438]}, "recent_15%_loss_best_percentile50_ratio": {"scales": [0.11909823723069839], "means": [0.8484285392637785], "variances": [0.014184390111459713]}, "recent_15%_loss_best_percentile75_ratio": {"scales": [0.17118618817431472], "means": [0.6850589797588014], "variances": [0.02930471102165189]}, "recent_15%_loss_kurtosis": {"scales": [2.7493817130256333], "means": [2.9472727376048913], "variances": [7.559099803919765]}, "recent_15%_loss_percentile5_percentile25_ratio": {"scales": [0.04774633422734023], "means": [0.9475754965959489], "variances": [0.002279712432148881]}, "recent_15%_loss_skew": {"scales": [0.6727369148345596], "means": [1.9833198353140447], "variances": [0.45257495658112146]}, "recent_15%_loss_stddev_best_ratio": {"scales": [1.0866557301699293], "means": [0.9769488559729942], "variances": [1.1808206759111424]}, "recent_15%_loss_stddev_median_ratio": {"scales": [0.8128879221644866], "means": [0.8189332471611779], "variances": [0.6607867740008965]}, "recent_25_correlation_best_percentile25_ratio": {"scales": [0.26720470951320696], "means": [1.5266502408455576], "variances": [0.07139835678603731]}, "recent_25_correlation_best_percentile50_ratio": {"scales": [0.6007711482381188], "means": [2.3603255877401295], "variances": [0.36092597255534775]}, "recent_25_correlation_best_percentile75_ratio": {"scales": [1.6686499332710296], "means": [4.485425340201707], "variances": [2.7843925998054115]}, "recent_25_correlation_kurtosis": {"scales": [0.3658428017675169], "means": [-0.889342353732984], "variances": [0.13384095560510664]}, "recent_25_correlation_percentile5_percentile25_ratio": {"scales": [0.19546690002823447], "means": [1.4064667025870556], "variances": [0.03820730900664781]}, "recent_25_correlation_skew": {"scales": [0.3236518172117002], "means": [0.4052566138523881], "variances": [0.1047504987844358]}, "recent_25_correlation_stddev_best_ratio": {"scales": [0.022211878473570305], "means": [0.3259437701323186], "variances": [0.0004933675453246559]}, "recent_25_correlation_stddev_median_ratio": {"scales": [0.2204203512146246], "means": [0.7711365946650776],