{"origStddev": 0.16316317667360558, "origMean": 0.7133333333333334, "predStddev": 0.004283073146448711, "predMean": 0.7137024867487736}