tree
version=v4
num_class=2
num_tree_per_iteration=2
label_index=0
max_feature_idx=116
objective=multiclass num_class:2
feature_names=all_correlation_best_percentile25_ratio all_correlation_best_percentile50_ratio all_correlation_best_percentile75_ratio all_correlation_kurtosis all_correlation_percentile5_percentile25_ratio all_correlation_skew all_correlation_stddev_best_ratio all_correlation_stddev_median_ratio all_loss_best_percentile25_ratio all_loss_best_percentile50_ratio all_loss_best_percentile75_ratio all_loss_kurtosis all_loss_percentile5_percentile25_ratio all_loss_skew all_loss_stddev_best_ratio all_loss_stddev_median_ratio log10_cardinality recent_10_correlation_best_percentile25_ratio recent_10_correlation_best_percentile50_ratio recent_10_correlation_best_percentile75_ratio recent_10_correlation_kurtosis recent_10_correlation_percentile5_percentile25_ratio recent_10_correlation_skew recent_10_correlation_stddev_best_ratio recent_10_correlation_stddev_median_ratio recent_10_loss_best_percentile25_ratio recent_10_loss_best_percentile50_ratio recent_10_loss_best_percentile75_ratio recent_10_loss_kurtosis recent_10_loss_percentile5_percentile25_ratio recent_10_loss_skew recent_10_loss_stddev_best_ratio recent_10_loss_stddev_median_ratio recent_15%_correlation_best_percentile25_ratio recent_15%_correlation_best_percentile50_ratio recent_15%_correlation_best_percentile75_ratio recent_15%_correlation_kurtosis recent_15%_correlation_percentile5_percentile25_ratio recent_15%_correlation_skew recent_15%_correlation_stddev_best_ratio recent_15%_correlation_stddev_median_ratio recent_15%_loss_best_percentile25_ratio recent_15%_loss_best_percentile50_ratio recent_15%_loss_best_percentile75_ratio recent_15%_loss_kurtosis recent_15%_loss_percentile5_percentile25_ratio recent_15%_loss_skew recent_15%_loss_stddev_best_ratio recent_15%_loss_stddev_median_ratio recent_25_correlation_best_percentile25_ratio recent_25_correlation_best_percentile50_ratio recent_25_correlation_best_percentile75_ratio recent_25_correlation_kurtosis recent_25_correlation_percentile5_percentile25_ratio recent_25_correlation_skew recent_25_correlation_stddev_best_ratio recent_25_correlation_stddev_median_ratio recent_25_loss_best_percentile25_ratio recent_25_loss_best_percentile50_ratio recent_25_loss_best_percentile75_ratio recent_25_loss_kurtosis recent_25_loss_percentile5_percentile25_ratio recent_25_loss_skew recent_25_loss_stddev_best_ratio recent_25_loss_stddev_median_ratio top_10%_correlation_best_percentile25_ratio top_10%_correlation_best_percentile50_ratio top_10%_correlation_best_percentile75_ratio top_10%_correlation_kurtosis top_10%_correlation_percentile5_percentile25_ratio top_10%_correlation_skew top_10%_correlation_stddev_best_ratio top_10%_correlation_stddev_median_ratio top_10%_loss_best_percentile25_ratio top_10%_loss_best_percentile50_ratio top_10%_loss_best_percentile75_ratio top_10%_loss_kurtosis top_10%_loss_percentile5_percentile25_ratio top_10%_loss_skew top_10%_loss_stddev_best_ratio top_10%_loss_stddev_median_ratio top_20%_correlation_best_percentile25_ratio top_20%_correlation_best_percentile50_ratio top_20%_correlation_best_percentile75_ratio top_20%_correlation_kurtosis top_20%_correlation_percentile5_percentile25_ratio top_20%_correlation_skew top_20%_correlation_stddev_best_ratio top_20%_correlation_stddev_median_ratio top_20%_loss_best_percentile25_ratio top_20%_loss_best_percentile50_ratio top_20%_loss_best_percentile75_ratio top_20%_loss_kurtosis top_20%_loss_percentile5_percentile25_ratio top_20%_loss_skew top_20%_loss_stddev_best_ratio top_20%_loss_stddev_median_ratio top_30%_correlation_best_percentile25_ratio top_30%_correlation_best_percentile50_ratio top_30%_correlation_best_percentile75_ratio top_30%_correlation_kurtosis top_30%_correlation_percentile5_percentile25_ratio top_30%_correlation_skew top_30%_correlation_stddev_best_ratio top_30%_correlation_stddev_median_ratio top_30%_loss_best_percentile25_ratio top_30%_loss_best_percentile50_ratio top_30%_loss_best_percentile75_ratio top_30%_loss_kurtosis top_30%_loss_percentile5_percentile25_ratio top_30%_loss_skew top_30%_loss_stddev_best_ratio top_30%_loss_stddev_median_ratio resultFilteringMode_age resultFilteringMode_loss_rank resultFilteringMode_none resultFilteringMode_random
feature_infos=[-2.7585000000000002:12.096] [-3.1349:22.742999999999999] [-4.2889999999999997:348.13999999999999] [-3.0638000000000001:16.376000000000001] [-2.8199999999999998:16.007999999999999] [-10.465999999999999:6.9572000000000003] [-10.196:5.5462999999999996] [-4.9671000000000003:26.239000000000001] [-5126:1120.8] [-567.79999999999995:2690.0999999999999] [-506.04000000000002:810.32000000000005] [-2.5886999999999998:18.346] [-5325:824.69000000000005] [-8.2829999999999995:9.0170999999999992] [-473.61000000000001:110.67] [-4837:490.19999999999999] [-3.4767999999999999:4.4359000000000002] [-4.3643999999999998:255.68000000000001] [-2.6444000000000001:150.03] [-2.2385999999999999:239.21000000000001] [-2.4207000000000001:22.759] [-5.1281999999999996:170.59] [-7.5959000000000003:8.7441999999999993] [-6.4291:5.5557999999999996] [-2.5219:170.97] [-1177.5999999999999:1840.5] [-19887:559.12] [-280.63999999999999:248.15000000000001] [-1.9136:2.1812999999999998] [-1219:1338.5999999999999] [-5.7264999999999997:1.9712000000000001] [-1515.0999999999999:211.83000000000001] [-315:9796.6000000000004] [-4.9798:756.27999999999997] [-2.8128000000000002:170.72999999999999] [-2.4746999999999999:215.09] [-2.7593999999999999:19.036999999999999] [-5.7945000000000002:454.60000000000002] [-7.1641000000000004:8.4036000000000008] [-9.2312999999999992:6.9210000000000003] [-2.6337999999999999:169.08000000000001] [-301.29000000000002:1082.5999999999999] [-1054.3:2389.9000000000001] [-622.17999999999995:485.41000000000003] [-1.4893000000000001:16.936] [-262.89999999999998:1157.9000000000001] [-3.9784000000000002:7.1360000000000001] [-1134.0999999999999:206.11000000000001] [-2725.0999999999999:6617.6000000000004] [-5.3132000000000001:182.53999999999999] [-3.2658999999999998:641.96000000000004] [-2.3534000000000002:1293] [-2.7898999999999998:20.292000000000002] [-6.4752999999999998:145.03999999999999] [-8.1113:8.3633000000000006] [-7.6295999999999999:5.8018000000000001] [-2.9634999999999998:711.14999999999998] [-170:2965.5] [-670.36000000000001:465.23000000000002] [-290.44999999999999:1796.7] [-1.9281999999999999:3.6038999999999999] [-141.97:3118.5] [-6.3792999999999997:3.1057000000000001] [-636.32000000000005:126.3] [-1028:670.66999999999996] [-3.8249:203.49000000000001] [-2.2526000000000002:171.53999999999999] [-2.1015999999999999:75.602000000000004] [-2.1911:15.638999999999999] [-4.6616:226.11000000000001] [-11.215:7.4360999999999997] [-14.228999999999999:6.6036000000000001] [-2.3298000000000001:156.16] [-804.83000000000004:950.64999999999998] [-237.52000000000001:854.76999999999998] [-4746.6999999999998:837.57000000000005] [-3.1417999999999999:67.188000000000002] [-671.47000000000003:896.32000000000005] [-17.552:10.898999999999999] [-565.15999999999997:267.94] [-588.87:236.90000000000001] [-4.4303999999999997:302.19999999999999] [-2.3784000000000001:496.85000000000002] [-2.0764:147] [-2.5341999999999998:14.991] [-5.4390999999999998:374.38] [-12.369999999999999:7.6329000000000002] [-15.390000000000001:7.5674000000000001] [-2.4765999999999999:451.25999999999999] [-241.74000000000001:870.32000000000005] [-176.74000000000001:1673.5] [-1134.3:411.51999999999998] [-3.8809999999999998:80.233000000000004] [-187.16999999999999:427.30000000000001] [-16.16:8.0564] [-550.12:180.30000000000001] [-883.88999999999999:228.02000000000001] [-4.8955000000000002:249.44] [-2.1396000000000002:1545.5] [-1.8222:433.41000000000003] [-2.3641000000000001:23.234000000000002] [-6.1416000000000004:333.32999999999998] [-9.1119000000000003:8.8153000000000006] [-9.3923000000000005:6.7373000000000003] [-2.1368:1317.4000000000001] [-1300.7:843.67999999999995] [-1113.0999999999999:403.93000000000001] [-1125.5:1327.8] [-3.7747999999999999:47.898000000000003] [-1041.5999999999999:174.66] [-11.696:9.9757999999999996] [-407.25999999999999:159.52000000000001] [-544.32000000000005:722.84000000000003] [0:1] [0:1] [0:1] [0:1]
tree_sizes=3359 3355 3387 3417 3388 3404 3402 3404 3400 3406 3396 3405 3390 3394 3405 3406 3398 3408 3411 3414 3375 3405 3423 3408 3416 3408 3406 3413 3410 3394 3403 3404

Tree=0
num_leaves=31
num_cat=0
split_feature=88 87 43 106 4 97 52 58 9 27 21 82 85 87 46 65 70 104 102 1 39 98 68 87 86 68 13 61 34 97
split_gain=7.02453 6.55363 5.89058 4.73106 4.57957 4.3852 5.78617 4.24137 4.33611 7.08519 5.17959 6.24753 5.23547 4.21117 4.01502 4.38519 5.21668 3.7173 3.64858 3.56736 3.91087 3.47238 3.26884 2.92919 3.3211 4.05225 2.83181 2.53639 2.35521 2.3125
threshold=-0.30116499999999996 -1.3767499999999997 0.27437500000000009 -0.75504999999999989 0.16775000000000004 0.12464000000000001 2.1042000000000001 -5.3586999999999998 6.9815500000000013 1.7202500000000003 -1.2810499999999998 -1.2912999999999999 -1.2013999999999998 -2.5262999999999995 3.2162500000000005 -0.40260499999999994 -1.5118499999999997 -0.96981499999999987 0.52996500000000013 0.18355500000000002 -0.79543499999999989 -1.2696999999999996 2.5533000000000006 -0.74083999999999983 1.0306500000000003 -0.6549299999999999 -1.0000000180025095e-35 0.34902500000000003 -0.45383499999999993 0.33126000000000005
decision_type=2 2 2 2 2 2 2 2 2 2 2 2 2 2 2 2 2 2 2 2 2 2 2 2 2 2 2 2 2 2
left_child=1 3 19 21 13 7 23 -3 9 10 26 12 -12 -5 15 16 -4 -13 28 20 -2 -1 -8 -7 25 -25 -9 -22 -17 -6
right_child=2 5 14 4 29 6 22 8 -10 -11 11 17 -14 -15 -16 18 -18 -19 -20 -21 27 -23 -24 24 -26 -27 -28 -29 -30 -31
leaf_value=-0.83344763722481541 -0.81996550843086025 -0.80235175952262838 -0.81673206660229591 -0.83990911830578929 -0.86413967235944156 -0.78505114392832076 -0.81996550843086025 -0.83443090608496362 -0.80235175952262838 -0.87113961019716324 -0.85832433938656494 -0.7857590975076274 -0.81391634213914421 -0.79796519370257069 -0.85641618325483992 -0.78660189938775449 -0.86071888825774945 -0.82158845548473525 -0.8372168345220502 -0.86413967235944156 -0.83885561595563052 -0.86497842230745259 -0.85832433938656494 -0.82355349431957403 -0.83097410149850504 -0.78392818307838597 -0.86982858505029903 -0.87358958844036594 -0.8193131473601849 -0.83305772026303249
leaf_weight=13.265423923730848 12.774111926555632 11.791487932205198 11.300175935029985 10.317551940679552 10.317551940679552 12.282799929380415 12.774111926555635 11.300175935029985 9.8262399435043317 13.265423923730848 17.195919901132587 11.300175935029978 10.808863937854758 14.248047918081282 15.721983909606932 10.317551940679548 16.704607903957367 20.143791884183905 13.265423923730848 37.831023782491684 11.300175935029985 25.548223853111267 9.8262399435043317 11.791487932205198 15.721983909606932 14.248047918081285 11.300175935029975 9.8262399435043317 11.791487932205202 14.248047918081282
leaf_count=27 26 24 23 21 21 25 26 23 20 27 35 23 22 29 32 21 34 41 27 77 23 52 20 24 32 29 23 20 24 29
internal_value=-0.834501 -0.829836 -0.843208 -0.841154 -0.830847 -0.824694 -0.815399 -0.830787 -0.833976 -0.837236 -0.831755 -0.824009 -0.841184 -0.815582 -0.833799 -0.828188 -0.84297 -0.808712 -0.816486 -0.853584 -0.841805 -0.854202 -0.836643 -0.806515 -0.812828 -0.801872 -0.85213 -0.855011 -0.804048 -0.846112
internal_weight=0 281.522 150.833 87.9448 49.1312 193.577 76.6447 116.932 105.141 95.3145 82.0491 59.4488 28.0048 24.5656 79.1012 63.3792 28.0048 31.444 35.3745 71.7316 33.9005 38.8136 22.6004 54.0443 41.7615 26.0395 22.6004 21.1264 22.109 24.5656
internal_count=880 573 307 179 100 394 156 238 214 194 167 121 57 50 161 129 57 64 72 146 69 79 46 110 85 53 46 43 45 50
is_linear=0
shrinkage=1


Tree=1
num_leaves=31
num_cat=0
split_feature=88 55 43 55 11 32 23 17 27 88 45 29 5 61 41 42 65 97 87 76 40 64 115 37 26 62 6 5 35 68
split_gain=7.02453 8.7305 5.89058 5.87236 5.6649 6.49424 5.46374 6.02707 5.8022 4.65358 4.85529 4.93508 4.377 6.32878 4.36793 6.43019 5.15965 4.32436 6.08982 4.60235 4.15809 8.0137 3.84328 3.81631 3.36176 3.16647 3.03896 3.00744 2.58534 2.49332
threshold=-0.30116499999999996 2.5458000000000003 0.27437500000000009 1.2442500000000003 -0.58307999999999993 -0.92985499999999988 -0.94521499999999992 -1.2757499999999997 0.086298000000000014 -1.0481999999999998 -0.73009999999999986 0.53092000000000017 0.016847500000000005 0.34902500000000003 -0.065182999999999991 0.89489500000000011 -0.40260499999999994 0.12464000000000001 0.4475900000000001 1.5854000000000001 0.43134000000000006 -0.52085999999999988 1.0000000180025095e-35 -0.56169499999999994 -1.1564499999999998 0.56957500000000005 -0.24860499999999996 -0.060770999999999999 -1.4947499999999998 -1.3155999999999997
decision_type=2 2 2 2 2 2 2 2 2 2 2 2 2 2 2 2 2 2 2 2 2 2 2 2 2 2 2 2 2 2
left_child=1 4 3 12 17 -6 24 8 -8 10 -9 -12 13 -2 -4 -16 29 18 22 26 21 -19 27 -18 -7 -3 -20 -1 -14 -17
right_child=2 25 14 -5 5 6 7 9 -10 -11 11 -13 28 -15 15 16 23 20 19 -21 -22 -23 -24 -25 -26 -27 -28 -29 -30 -31
leaf_value=-0.56585245533177908 -0.60655978614191475 -0.58480241967442848 -0.59408495895816349 -0.52947569162910468 -0.5403021093977578 -0.5719035450467993 -0.57767071266375403 -0.55422178938602606 -0.52977095756824977 -0.61049920525257306 -0.61722122992552175 -0.56939222322831262 -0.56283709749399125 -0.55169338374564492 -0.5353219572241773 -0.57094087168304608 -0.56076403898051219 -0.62691345154698264 -0.61806403180564884 -0.56054280348697882 -0.56754859411553471 -0.57414468938569563 -0.58026963499370221 -0.59892716161501436 -0.54399111100781739 -0.61908511869887961 -0.58213538765583339 -0.52905929094569493 -0.53216362983373577 -0.5353219572241773
leaf_weight=9.8262399435043335 9.8262399435043353 14.248047918081285 15.230671912431715 23.091663867235184 23.091663867235184 18.178543895483017 15.230671912431719 13.756735920906065 10.808863937854765 15.230671912431715 10.317551940679552 11.300175935029982 13.265423923730852 11.300175935029982 14.739359915256498 9.8262399435043353 9.8262399435043317 15.721983909606934 11.300175935029984 11.300175935029982 11.791487932205198 13.26542392373085 11.791487932205198 19.652479887008674 26.5308478474617 12.774111926555632 12.282799929380417 12.774111926555634 14.248047918081282 9.8262399435043282
leaf_count=20 20 29 31 47 47 37 31 28 22 31 21 23 27 23 30 20 20 32 23 23 24 27 24 40 54 26 25 26 29 20
internal_value=-0.569322 -0.573987 -0.560615 -0.550239 -0.571118 -0.564606 -0.569231 -0.577334 -0.557788 -0.587392 -0.577443 -0.59222 -0.560096 -0.577213 -0.570024 -0.564287 -0.572976 -0.579664 -0.57206 -0.586779 -0.592582 -0.602765 -0.557129 -0.586206 -0.55534 -0.601009 -0.599351 -0.545056 -0.546953 -0.553131
internal_weight=0 281.522 150.833 71.7316 254.5 144.446 121.354 76.6447 26.0395 50.6051 35.3745 21.6177 48.6399 21.1264 79.1012 63.8706 49.1312 110.054 69.275 34.8832 40.7789 28.9874 34.3918 29.4787 44.7094 27.0222 23.583 22.6004 27.5135 19.6525
internal_count=880 573 307 146 518 294 247 156 53 103 72 44 99 43 161 130 100 224 141 71 83 59 70 60 91 55 48 46 56 40
is_linear=0
shrinkage=1


Tree=2
num_leaves=31
num_cat=0
split_feature=88 55 11 29 59 44 23 55 87 101 30 87 41 33 20 101 15 48 34 99 44 63 15 62 111 50 70 20 39 71
split_gain=6.35007 7.97177 5.19563 5.96853 5.12194 5.16059 5.0626 5.0194 4.75373 4.02796 5.21195 5.16951 4.02157 4.3231 3.85784 5.39074 3.84221 3.78124 3.40322 3.36268 3.25 3.36084 3.07495 2.89368 2.87769 4.79285 2.99254 2.85519 2.67164 2.66679
threshold=-0.30116499999999996 2.5458000000000003 -0.58307999999999993 0.58162500000000017 1.0495000000000003 1.4884000000000002 -0.98531499999999983 1.2442500000000003 -2.2185999999999995 -0.56734499999999988 -1.0508999999999997 0.4475900000000001 -1.0181999999999998 1.8016500000000002 0.29015000000000007 0.46482000000000007 -0.40188499999999994 -1.0412999999999999 -0.26982999999999996 -1.3036999999999999 0.75333000000000017 0.43319500000000005 -7.2364999999999986 0.56957500000000005 1.4961000000000002 -0.82642999999999989 -1.1469499999999997 0.66844500000000007 -1.4270499999999997 -2.0401999999999996
decision_type=2 2 2 2 2 2 2 2 2 2 2 2 2 2 2 2 2 2 2 2 2 2 2 2 2 2 2 2 2 2
left_child=1 2 9 6 7 17 18 14 -8 11 -11 29 -12 22 16 -16 -2 -6 28 -13 -5 -22 -14 -3 25 -10 -27 -7 -4 -1
right_child=4 23 3 20 5 27 8 -9 24 10 12 19 13 -15 15 -17 -18 -19 -20 -21 21 -23 -24 -25 -26 26 -28 -29 -30 -31
leaf_value=0.0025732207364607719 0.003395342603468117 0.014674659729243464 -0.0022971645982307861 -0.035624062050807384 0.0015497068191434879 -0.023903925604148571 -0.014673247716299402 -0.032847110139447536 0.049068480589209706 0.043480051948432533 -0.016486696034863368 -0.00021924829844200048 -0.014209331956026717 0.046225796235183039 0.030406461686444369 -0.017065932572285034 -0.028479072055126332 0.038029767252207872 0.01167208789406041 0.035030147155713565 -0.022366742826603652 0.013972280673974087 0.024379802818694226 0.047343617891878069 -0.0014974063942656949 -0.0071564017646371381 0.030929539859877848 0.009223183222326202 -0.034428020094048918 -0.030175302682695044
leaf_weight=10.775873303413393 14.726001769304274 14.299499452114107 10.791073232889174 18.596341878175735 15.242021769285204 17.625243067741398 13.717152446508406 28.77354708313942 13.818193107843394 15.803911238908766 10.810000896453856 15.760643839836122 9.8522388041019422 9.8693878650665265 12.756315499544145 11.257485479116438 26.410976529121399 13.303100556135176 10.788041323423384 11.855073660612105 16.607986599206928 10.314180880784987 10.844781398773199 12.887027114629744 12.789673537015913 10.799765497446055 9.8723486065864652 10.308721780776976 16.15474155545235 14.692338794469832
leaf_count=22 30 29 22 38 31 36 28 59 28 32 22 32 20 20 26 23 54 27 22 24 34 21 22 26 26 22 20 21 33 30
internal_value=0 0.00442498 0.00167598 -0.0045699 -0.00829923 0.00359958 0.0023359 -0.0154543 0.011241 0.00984695 0.0190547 -7.1351e-05 0.00972532 0.0189954 -0.00777282 0.00815177 -0.0170688 0.0185508 -0.0120593 0.0149129 -0.0195488 -0.00844486 0.00601052 0.0301605 0.0187594 0.0262711 0.0110322 -0.0116787 -0.0215605 -0.0163191
internal_weight=0 281.7 254.514 144.249 150.403 56.4791 98.731 93.9243 60.9971 110.264 57.1803 53.0839 41.3764 30.5664 65.1508 24.0138 41.137 28.5451 37.7339 27.6157 45.5185 26.9222 20.697 27.1865 47.28 34.4903 20.6721 27.934 26.9458 25.4682
internal_count=880 573 518 294 307 115 201 192 124 224 116 108 84 62 133 49 84 58 77 56 93 55 42 55 96 70 42 57 55 52
is_linear=0
shrinkage=0.05


Tree=3
num_leaves=31
num_cat=0
split_feature=88 55 43 55 11 32 23 17 27 88 45 29 41 42 6 5 61 101 30 58 41 33 35 55 78 62 51 51 62 46
split_gain=6.35007 7.97177 5.35997 5.57582 5.19563 6.04521 5.11008 5.51819 5.41981 4.18948 4.44773 4.61533 4.1057 6.09821 4.88686 4.08168 5.86681 4.02796 5.21195 4.63365 4.02157 4.3231 4.0042 3.85131 3.44766 3.34158 3.39707 3.05238 2.89368 2.6377
threshold=-0.30116499999999996 2.5458000000000003 0.27437500000000009 1.2442500000000003 -0.58307999999999993 -0.92985499999999988 -0.94521499999999992 -1.2757499999999997 0.086298000000000014 -1.0481999999999998 -0.73009999999999986 0.53092000000000017 -0.065182999999999991 0.89489500000000011 -0.32028999999999991 0.016847500000000005 0.34902500000000003 -0.56734499999999988 -1.0508999999999997 -5.1087999999999996 -1.0181999999999998 1.8016500000000002 -1.2704499999999996 -1.7897499999999997 0.084002000000000007 -0.23750999999999997 -0.66392499999999988 -2.0800999999999994 0.56957500000000005 0.91526000000000007
decision_type=2 2 2 2 2 2 2 2 2 2 2 2 2 2 2 2 2 2 2 2 2 2 2 2 2 2 2 2 2 2
left_child=1 4 3 15 17 29 25 8 -8 10 -9 -12 -4 -14 22 16 -2 19 -19 -1 -20 27 -15 -21 -16 -7 -27 -22 -3 -6
right_child=2 28 12 -5 5 6 7 9 -10 -11 11 -13 13 14 24 -17 -18 18 20 23 21 -23 -24 -25 -26 26 -28 -29 -30 -31
leaf_value=-0.030820510588728353 -0.035992160328318056 -0.014674659729243464 -0.023940504567698941 0.038588372367084664 0.043343216625266037 -0.0054592407646494095 -0.0080989364485185133 0.014466836513835613 0.038315542035119561 -0.039110126238107293 -0.045972543697371748 0.00018103365261034168 0.033216590384220125 -0.0065109988297936336 -0.042291781326475791 0.021389664219092476 0.016825552937091877 -0.043480051948432533 0.016486696034863368 -0.012572606048525482 0.012310694082059141 -0.046225796235183039 0.031614504380094069 0.018443212588996536 -0.0019173833094128694 0.035900032185687165 0.00027273528084723324 -0.026134608195684302 -0.047343617891878069 0.0092441712140711885
leaf_weight=9.8795980811119062 9.8766523599624652 14.299499452114107 15.284186929464338 22.86794239282608 12.69108819961548 15.195497423410414 15.245917141437532 13.702816277742384 10.706232130527495 15.351698219776152 10.392283946275713 11.313451409339903 14.65725466609001 15.730075269937513 10.348316580057149 27.334985792636871 11.241751521825789 15.803911238908766 10.810000896453856 15.751472830772398 10.833797335624693 9.8693878650665265 12.250311523675917 27.452858686447144 10.811936497688292 19.098635315895081 10.298779696226122 9.8632228672504478 12.887027114629744 10.253098905086516
leaf_count=20 20 29 31 47 26 31 31 28 22 31 21 23 30 32 21 56 23 32 22 32 22 20 25 56 22 39 21 20 26 21
internal_value=0 -0.00442498 0.00829923 0.0182384 -0.00167598 0.0045699 0.000118312 -0.00770596 0.0110488 -0.0172947 -0.00783639 -0.0219164 -0.000664594 0.00491166 -0.00353089 0.00863413 -0.00787623 -0.00984695 -0.0190547 7.1351e-05 -0.00972532 -0.0189954 0.010181 0.00713544 -0.0216623 0.0135783 0.0234187 -0.00601052 -0.0301605 0.0281053
internal_weight=0 281.7 150.403 71.3213 254.514 144.249 121.305 76.7124 25.9521 50.7602 35.4086 21.7057 79.0821 63.7979 49.1406 48.4534 21.1184 110.264 57.1803 53.0839 41.3764 30.5664 27.9804 43.2043 21.1603 44.5929 29.3974 20.697 27.1865 22.9442
internal_count=880 573 307 146 518 294 247 156 53 103 72 44 161 130 100 99 43 224 116 108 84 62 57 88 43 91 60 42 55 47
is_linear=0
shrinkage=0.05


Tree=4
num_leaves=31
num_cat=0
split_feature=88 55 43 22 11 21 23 25 101 87 30 102 35 37 38 99 26 45 38 34 15 36 37 76 68 49 15 76 92 97
split_gain=5.74485 7.15081 4.94943 4.71247 5.10636 5.87862 5.84653 6.76353 4.46005 5.09236 4.85745 4.42953 6.70271 5.20282 4.23035 4.1974 4.01959 3.70736 4.2846 3.61193 3.18185 3.58763 5.06012 3.1353 2.90771 2.87432 3.32746 2.83364 2.76923 2.35725
threshold=-0.30116499999999996 2.5458000000000003 -1.5322499999999997 -3.3277999999999994 -0.58307999999999993 -1.2907 -0.92610499999999984 1.2424000000000002 -0.56734499999999988 0.4475900000000001 -1.0508999999999997 0.49611000000000011 -0.95720999999999978 -1.1145499999999997 -0.11902999999999998 0.085734000000000019 -1.1564499999999998 -0.99006499999999986 1.3639500000000002 -1.2106999999999999 -0.55795499999999987 -0.84442499999999987 1.8983500000000002 -0.13308499999999998 0.71231500000000014 0.60786500000000021 0.30554500000000007 -0.27248499999999992 -1.0645999999999998 0.23117500000000002
decision_type=2 2 2 2 2 2 2 2 2 2 2 2 2 2 2 2 2 2 2 2 2 2 2 2 2 2 2 2 2 2
left_child=1 3 28 -1 8 29 16 20 9 24 -10 12 13 -4 -15 -14 -7 -12 -19 -11 -8 -22 -23 -16 -5 -13 -27 -3 -2 -6
right_child=2 27 11 4 5 6 7 -9 10 19 17 25 15 14 23 -17 -18 18 -20 -21 21 22 -24 -25 -26 26 -28 -29 -30 -31
leaf_value=0.031720699560271445 -0.0043090610175823395 0.048986055744564119 -0.01306005742824214 -0.03285666023539973 -0.035371623382662164 0.0055259134696341895 -0.006467238902201993 -0.025663427779181576 0.043117801041358012 -0.008121304510780445 -0.01580680099993256 -0.033382535285273685 -0.026643705572951495 0.051914057093152749 0.033640798884432041 0.011770239093513737 -0.026574183336154019 0.0044487114184610802 0.044232871754000619 0.030405393264218573 0.044301611733176781 -0.0039220558443963912 0.040232438048773744 -0.0032805318472253712 0.0023699831909401933 0.016311219742565646 -0.022776514215588222 0.015845359964181592 -0.03407237218101649 -0.0064306021771919812
leaf_weight=12.346760481595991 11.656553059816359 10.439843982458116 11.270023375749586 14.612201422452928 20.373507589101795 15.1845865547657 11.786011904478071 11.652815341949461 14.432449519634245 10.852546751499178 10.764883786439894 15.562181591987608 20.957839667797092 10.841981023550032 10.837414443492888 10.763290405273436 27.260389745235443 19.234011232852939 10.441328495740889 13.84387484192848 13.344176054000846 17.206155091524135 10.416927397251127 12.248637408018114 9.7779070138931257 9.8422340154647845 12.185815274715422 16.877217769622803 23.714641690254211 10.747428864240645
leaf_count=25 24 21 23 30 42 31 24 24 29 22 22 32 43 22 22 22 56 39 21 28 27 35 21 25 20 20 25 34 49 22
internal_value=0 0.00420153 -0.00791568 0.00158998 5.22854e-05 -0.00625316 -0.000683237 0.00881142 0.00842071 -0.00252907 0.0182159 -0.00286582 0.0040088 0.0163737 0.0261509 -0.0136095 -0.0150905 0.00932878 0.0184468 0.0134753 0.0164267 0.0230131 0.012729 0.0140517 -0.0187344 -0.016933 -0.00531193 0.0285108 -0.0242639 -0.025377
internal_weight=0 281.595 149.881 254.278 241.931 137.972 106.851 64.4061 103.959 49.0865 54.8727 114.509 76.9192 45.1981 33.928 31.7211 42.445 40.4402 29.6753 24.6964 52.7533 40.9673 27.6231 23.0861 24.3901 37.5902 22.028 27.3171 35.3712 31.1209
internal_count=880 573 307 518 493 282 218 131 211 100 111 234 157 92 69 65 87 82 60 50 107 83 56 47 50 77 45 55 73 64
is_linear=0
shrinkage=0.05


Tree=5
num_leaves=31
num_cat=0
split_feature=10 98 4 3 24 86 92 104 23 70 63 10 32 4 55 10 93 1 106 21 89 94 81 21 60 94 43 64 28 38
split_gain=5.59972 6.36412 4.58792 4.51424 4.03572 5.80199 5.76397 4.90118 4.56209 4.40201 4.7873 10.9758 4.78952 4.00828 4.30286 6.36642 3.94732 3.79813 3.73531 4.69053 3.92262 4.32091 3.64891 3.4753 3.21489 2.86116 2.73693 2.58241 5.2528 2.2457
threshold=-11.127999999999998 3.0139000000000005 4.723650000000001 0.037265500000000007 -1.4184499999999998 -2.2946999999999993 2.5619500000000004 -0.95387499999999992 1.8506500000000001 -2.6280499999999996 0.20297500000000004 0.92882500000000012 1.6820500000000003 1.9586000000000003 1.3700000000000003 1.0000000180025095e-35 0.65044500000000005 -0.13645499999999997 -2.8219999999999996 -1.3173999999999999 -0.90834999999999988 0.76282500000000009 -0.17346499999999995 0.54853500000000011 -0.21667999999999996 1.3535500000000003 -0.73704499999999984 -1.0291499999999998 1.0000000180025095e-35 1.7753500000000002
decision_type=2 2 2 2 2 2 2 2 2 2 2 2 2 2 2 2 2 2 2 2 2 2 2 2 2 2 2 2 2 2
left_child=3 2 4 -1 5 -2 7 18 13 -9 27 12 -12 14 15 -7 29 23 -6 -20 -21 -22 -8 -3 -14 -19 -4 28 -11 -17
right_child=1 17 26 -5 6 8 22 9 -10 10 11 -13 24 -15 -16 16 -18 25 19 20 21 -23 -24 -25 -26 -27 -28 -29 -30 -31
leaf_value=-0.0028813548266455415 -0.039674517500016632 -0.019696848036408376 -0.0060454848749404606 -0.043399980881516489 0.043368565659630549 -0.020527367343660504 -0.027574336983703901 -0.021874233578780253 -0.035524185971751526 -0.01636663171256638 -0.014842064325773008 -0.050792512078211872 0.042876058702252549 0.021329173804727208 -0.025976589683212082 -0.013820224344352764 0.039034189203490804 0.036887302275189063 0.034729968954682312 -0.022796013139907215 0.035323918567091404 -0.0023150590750371266 0.0046977130563065905 0.020426958869456641 0.0041194744819079933 0.0071307589759658776 -0.042007339054195562 0.030802105889105248 0.030443856654146201 0.019223129514875193
leaf_weight=14.744009107351305 12.350921303033827 10.833669275045397 10.82917356491089 12.878368020057676 12.194996476173399 19.180975735187531 20.679563701152802 17.228504538536072 9.8732784390449506 12.289337277412416 14.268218666315077 10.383692890405653 10.196460634469984 18.042488723993301 18.243311613798141 10.311602741479875 11.69908747076988 23.847683668136597 17.541431933641434 10.337614089250563 12.659731000661852 19.172827124595642 15.194649666547773 10.753440141677855 11.259175896644594 12.216492682695387 10.345028877258299 19.966479033231735 11.697269409894941 10.25615209341049
leaf_count=30 25 22 22 26 25 39 42 35 20 25 29 21 21 37 37 21 24 49 36 21 26 39 31 22 23 25 21 41 24 21
internal_value=0 0.00149728 -0.00106406 -0.0217723 0.000405056 -0.00738691 0.00438882 0.00805124 -0.00330132 0.00128164 0.00571134 -0.00554395 0.00760825 0.000324944 -0.00511289 0.00228535 0.0158463 0.0168784 0.0181519 0.0130019 0.00396367 0.0126539 -0.0139054 0.000290495 0.0225379 0.0268075 -0.0236153 0.0175183 0.00646089 0.00265691
internal_weight=0 403.853 346.202 27.6224 325.028 109.958 215.07 179.196 97.6069 107.289 90.0606 46.1075 35.7239 87.7336 69.6911 51.4478 32.2668 57.6513 71.9066 59.7116 42.1702 31.8326 35.8742 21.5871 21.4556 36.0642 21.1742 43.9531 23.9866 20.5678
internal_count=880 824 706 56 663 224 439 366 199 219 184 94 73 179 142 105 66 118 147 122 86 65 73 44 44 74 43 90 49 42
is_linear=0
shrinkage=0.05


Tree=6
num_leaves=31
num_cat=0
split_feature=10 98 22 17 27 42 41 40 45 91 106 84 38 3 1 101 11 55 36 46 47 21 79 18 55 94 40 63 113 47
split_gain=5.1373 5.89651 4.6586 5.48471 6.35516 5.2604 4.25937 5.0862 5.39636 4.8525 4.4864 4.38619 4.25741 4.16384 3.67408 3.63516 3.61945 6.03833 4.92307 3.88123 3.49877 3.25331 3.06941 2.9862 2.85307 2.68379 2.09063 1.74669 0.950392 0.577467
threshold=-11.127999999999998 3.0139000000000005 -3.3277999999999994 -1.3346999999999998 -0.29762499999999997 -2.5812499999999994 0.09711800000000001 1.0957000000000001 -0.53649999999999987 -0.43470999999999999 -0.96027999999999991 0.28789500000000007 -0.69903499999999996 0.037265500000000007 -0.13645499999999997 -0.43658499999999995 -0.55937499999999984 1.4580000000000002 1.5118000000000003 -0.55413499999999993 0.66020000000000012 0.54853500000000011 2.5039000000000002 -1.1187999999999996 1.5264500000000003 1.3535500000000003 -0.71881499999999987 -1.0837999999999999 1.0000000180025095e-35 -0.73958999999999986
decision_type=2 2 2 2 2 2 2 2 2 2 2 2 2 2 2 2 2 2 2 2 2 2 2 2 2 2 2 2 2 2
left_child=13 2 -2 4 15 12 7 8 9 10 11 22 -5 -1 21 -4 18 20 19 -8 27 -3 -7 -14 28 29 -10 -18 -6 -16
right_child=1 14 3 5 24 6 16 -9 26 -11 -12 -13 23 -15 25 -17 17 -19 -20 -21 -22 -23 -24 -25 -26 -27 -28 -29 -30 -31
leaf_value=0.0026627655330021573 0.028441981204538072 0.019325492583238405 -0.011566029254014603 0.0079056871448901986 -0.042091619453439554 -0.0067479033597613721 0.014800896807858897 0.036960477595975975 0.038660469215956637 -0.023975054483905821 0.03276114607974423 -0.026218357201789822 -0.0040957936447294533 0.041531072238687808 -0.026502367729339255 0.024344473738713037 -0.012685532665380563 0.017368384918659045 0.036128721210185365 -0.022697781857300346 0.0029445270524799394 -0.019550660881935154 0.03136995512539581 -0.037123519991243345 -0.0035318710619062057 -0.0070476579235569633 0.010157911189415142 -0.034717377460299174 -0.022819884752408429 -0.042412003660948626
leaf_weight=14.744822144508364 14.825627416372297 10.845000654459001 15.602660179138185 16.1836316883564 17.340607821941376 10.757744640111925 16.731105804443359 18.76838281750679 15.849117308855059 15.553995907306669 13.344108283519743 11.676891714334486 11.263500273227693 12.934977531433104 9.6220458447933197 12.852253794670103 16.489922344684601 18.237899929285049 13.355634719133375 11.744073629379274 16.710365414619446 10.682005286216734 10.374241739511488 17.441693395376205 9.7772209942340833 12.190338790416716 10.829455047845839 19.79573267698288 10.137226790189745 14.005448311567307
leaf_count=30 30 22 32 33 36 22 34 38 32 32 27 24 23 26 20 26 34 37 27 24 34 22 21 36 20 25 22 41 21 29
internal_value=0 -0.00144178 0.00102173 -0.000207113 -0.0131386 0.0029981 0.00617798 0.0133209 0.0083011 0.000177593 0.00831727 -0.00162461 -0.012602 0.0208262 -0.0162905 0.0046537 -0.000591515 -0.00744691 0.0110826 -0.000664756 -0.0159868 3.45945e-05 0.0119651 -0.0241639 -0.0267281 -0.0261021 0.0270906 -0.0247051 -0.0349818 -0.035933
internal_weight=0 402.988 345.643 330.817 65.71 265.107 220.219 107.154 88.3856 61.707 46.153 32.8089 44.8888 27.6798 57.3448 28.4549 113.065 71.2339 41.8308 28.4752 52.996 21.527 21.132 28.7052 37.2551 35.8178 26.6786 36.2857 27.4778 23.6275
internal_count=880 824 706 676 135 541 449 218 180 126 94 67 92 56 118 58 231 146 85 58 109 44 43 59 77 74 54 75 57 49
is_linear=0
shrinkage=0.05


Tree=7
num_leaves=31
num_cat=0
split_feature=88 55 43 55 22 11 17 30 101 87 30 5 61 41 42 6 35 25 23 26 71 45 38 34 78 23 57 76 35 41
split_gain=5.21423 6.66911 4.70622 5.11186 4.33459 4.73695 5.48106 5.93489 4.15487 4.75307 4.57907 3.78155 5.31677 3.73814 5.65983 4.44362 3.6031 3.54538 5.29065 3.95931 3.65245 3.45463 4.03031 3.37325 3.00531 2.82277 2.70636 2.65418 2.41462 1.95872
threshold=-0.30116499999999996 2.5458000000000003 0.27437500000000009 1.2442500000000003 -3.3277999999999994 -0.58307999999999993 -1.3227 -1.6168499999999997 -0.56734499999999988 0.4475900000000001 -1.0508999999999997 0.016847500000000005 0.34902500000000003 -0.065182999999999991 0.89489500000000011 -0.32028999999999991 -1.2704499999999996 1.2424000000000002 -0.92610499999999984 -1.0871999999999999 0.8630000000000001 -0.99006499999999986 1.3639500000000002 -1.2106999999999999 0.084002000000000007 -0.66690999999999989 -0.49303999999999998 -0.27248499999999992 -1.4947499999999998 0.041462000000000006
decision_type=2 2 2 2 2 2 2 2 2 2 2 2 2 2 2 2 2 2 2 2 2 2 2 2 2 2 2 2 2 2
left_child=1 4 3 11 -1 8 -7 29 9 25 -10 12 -2 -4 -15 16 -16 18 19 -9 26 -12 -23 -11 -17 -6 -20 -3 -13 -8
right_child=2 27 13 -5 5 6 7 17 10 23 21 28 -14 14 15 24 -18 -19 20 -21 -22 22 -24 -25 -26 -27 -28 -29 -30 -31
leaf_value=-0.030301349000392577 -0.034768070245419419 -0.047220717506725629 -0.022998014034959487 0.036677070345090185 0.034671299826080054 0.024634111464948844 0.010209436015399722 -0.014452479097641463 -0.041627347224383389 0.0080132905355334901 0.015457775318529932 0.0047257759125124551 0.015580707621446081 0.031974748347392362 -0.0062332379673869752 -0.039995890710467025 0.030058914180114544 0.022838113084966891 -0.0091694266423888067 0.021582543314520291 0.0064675546569266211 -0.0040573137370283575 -0.0425946493303892 -0.02920079716809908 -0.0023289750642593744 0.00055589952159517829 -0.038106672890050604 -0.015188255995923636 0.034621133799114856 0.04163080878066857
leaf_weight=12.399956256151198 9.9124719798564929 10.474652618169786 15.322429984807966 22.402018815279007 12.59515291452408 30.913453996181488 10.272192507982256 12.769338965415956 14.470797926187513 10.840172529220583 10.734379559755324 13.109580159187319 11.131615102291105 14.486537933349608 15.738609701395033 10.418909162282949 12.094402462244032 10.160695582628248 12.829022824764243 18.912832736968994 10.338921636343001 19.258059561252598 10.474539548158644 13.894539266824721 10.76898807287216 11.691923797130583 21.827317953109748 16.901176393032074 13.932739585638044 9.5903033614158613
leaf_count=25 20 21 31 47 26 64 21 26 29 22 22 27 23 30 32 21 25 21 26 39 21 39 21 28 22 24 44 34 29 20
internal_value=0 -0.00399742 0.00756255 0.0169498 -0.00147004 9.86754e-06 0.00609536 0.000724281 -0.00804566 0.00253609 -0.0174879 0.00775939 -0.00813526 -0.000831337 0.00451681 -0.00359749 0.00953695 -0.0049154 -0.00859308 0.00705881 -0.0196139 -0.00885576 -0.0176337 -0.0128914 -0.0208513 0.018248 -0.0273947 -0.0274446 0.0201285 0.0253808
internal_weight=0 281.349 149.318 70.4884 253.974 241.574 137.614 106.701 103.96 49.0218 54.9378 48.0864 21.0441 78.8299 63.5074 49.0209 27.833 86.8381 76.6774 31.6822 44.9953 40.467 29.7326 24.7347 21.1879 24.2871 34.6563 27.3758 27.0423 19.8625
internal_count=880 573 307 146 518 493 282 218 211 100 111 99 43 161 130 100 57 177 156 65 91 82 60 50 43 50 70 55 56 41
is_linear=0
shrinkage=0.05


Tree=8
num_leaves=31
num_cat=0
split_feature=88 16 102 90 41 11 23 68 108 71 30 11 89 15 92 0 55 89 41 63 78 46 100 51 101 40 15 38 13 80
split_gain=4.83091 4.72964 5.60467 4.59795 5.37552 4.99485 4.34844 4.9319 4.64516 4.54543 5.1671 4.88171 4.25706 4.28941 4.1706 3.98941 5.70779 3.97192 6.26063 3.95308 3.63746 3.56535 3.70688 3.50855 3.36858 3.20884 3.07377 3.05034 2.81085 2.68629
threshold=6.6299500000000009 0.53169500000000014 -3.4787999999999992 -0.43494999999999995 -0.17325999999999997 -0.89750499999999989 -2.6810499999999995 0.55525500000000017 4.4274000000000013 0.23907000000000003 -0.42538499999999996 -0.17238499999999998 -1.1435999999999999 1.1472500000000003 1.6716000000000002 0.23022000000000001 -0.33500499999999994 3.3414000000000006 3.2294500000000004 0.44695500000000005 -0.57647999999999988 -1.4738999999999998 3.3189500000000005 -1.2253499999999999 -0.67215499999999995 1.0281500000000003 5.2311000000000005 -0.19394999999999998 -3.1370999999999998 1.2704000000000002
decision_type=2 2 2 2 2 2 2 2 2 2 2 2 2 2 2 2 2 2 2 2 2 2 2 2 2 2 2 2 2 2
left_child=1 2 -1 12 23 -6 7 -4 9 14 11 28 13 15 17 19 -17 18 21 -3 -12 -8 24 -5 -23 -22 -2 -26 -11 -14
right_child=26 3 6 4 5 -7 8 -9 -10 10 20 -13 29 -15 -16 16 -18 -19 -20 -21 25 22 -24 -25 27 -27 -28 -29 -30 -31
leaf_value=-0.023584214733032231 -0.0059266746028240318 -0.0029313490051360424 0.049944798797307059 -0.00077515022394557319 0.013161796461929885 -0.020977442367646273 -0.014491729798486229 0.0041946825452456845 -0.021103535204755317 0.0091614567014448884 0.0089306071480670726 -0.0071656267672808626 -0.042106766208873408 -0.029067571876756543 0.035996549888105571 -0.035129583440165008 0.014776749818510319 0.034755527548900475 -0.029281174825640601 0.03729883756409743 -0.030385063852039908 0.0019380322962211276 -0.0086192287750196574 0.036528913589213174 0.053049811976881349 0.0025544534909371416 -0.037613389896408049 0.016070097897256337 0.045229022740592123 -0.0089881638263791565
leaf_weight=15.059067815542219 18.860260069370273 13.202938586473467 12.403488725423815 10.278178453445436 18.69473922252655 25.097749561071396 10.205718785524359 11.218873292207716 15.129573047161101 9.8762895762920397 15.683405876159666 16.490432292222977 16.345378130674366 14.943966329097746 19.327621817588806 13.048945873975756 10.213581979274748 13.397690057754515 11.118085503578184 11.360138535499571 23.716637581586838 9.7301277220249052 9.7355979084968549 16.297760486602783 12.92438331246375 10.74249431490898 12.880212008953093 9.8086270987987803 11.923458486795424 9.7899847626686078
leaf_count=31 39 27 25 21 38 52 21 23 31 20 32 34 34 31 39 27 21 27 23 23 49 20 20 33 26 22 27 20 24 20
internal_value=0 0.00148469 0.00594029 -0.005187 0.00436193 -0.00640362 0.0079302 0.0282169 0.00553183 0.00771388 -0.000469563 0.0133612 -0.012745 -0.00568504 0.0152328 0.00162125 -0.0132178 0.0100156 0.00479761 0.0156746 -0.0110311 0.0120277 0.0184414 0.0221017 0.0265569 -0.0201163 -0.0187851 0.0370942 0.0288888 -0.0297009
internal_weight=0 397.765 238.492 159.273 70.3684 43.7925 223.433 23.6224 199.81 184.681 88.4327 38.2902 88.9049 62.7696 96.2479 47.8256 23.2625 76.9202 63.5225 24.5631 50.1425 52.4045 42.1987 26.5759 32.4631 34.4591 31.7405 22.733 21.7997 26.1354
internal_count=880 814 487 327 144 90 456 48 408 377 181 78 183 129 196 98 48 157 130 50 103 107 86 54 66 71 66 46 44 54
is_linear=0
shrinkage=0.05


Tree=9
num_leaves=31
num_cat=0
split_feature=88 22 10 17 27 42 41 45 34 82 88 30 68 99 39 107 55 55 3 68 43 15 89 49 21 105 109 18 71 26
split_gain=4.83091 3.7978 4.3493 4.32486 5.31719 4.64532 4.25942 5.01939 4.99959 4.68909 6.93496 3.87446 4.43874 5.62479 4.49412 3.61607 3.57501 3.90291 3.56662 3.45416 3.2794 3.07377 2.76958 2.62 2.56223 2.45797 2.43967 2.30912 2.13588 2.26988
threshold=6.6299500000000009 -3.3277999999999994 -11.127999999999998 -1.3346999999999998 -0.29762499999999997 -2.5812499999999994 0.041462000000000006 -0.53649999999999987 0.80525000000000013 0.36604500000000001 -1.3714499999999996 -1.5443999999999998 -0.15673999999999996 -0.78746999999999989 -1.2356499999999997 -1.2435999999999998 1.5549000000000002 0.19033500000000003 0.037265500000000007 0.69113000000000013 1.6142000000000001 5.2311000000000005 -1.1845499999999998 0.30790000000000001 -1.5953999999999999 -1.5824499999999997 -0.97995999999999983 -1.2468499999999998 0.92212000000000016 0.51436500000000007
decision_type=2 2 2 2 2 2 2 2 2 2 2 2 2 2 2 2 2 2 2 2 2 2 2 2 2 2 2 2 2 2
left_child=1 -1 18 4 15 16 7 8 9 10 22 20 13 27 -14 -4 17 25 -3 -16 -8 -2 -7 -21 -6 -5 -12 -13 29 -9
right_child=21 2 3 5 24 6 11 28 -10 -11 26 12 14 -15 19 -17 -18 -19 -20 23 -22 -23 -24 -25 -26 -27 -28 -29 -30 -31
leaf_value=-0.025448117978564 0.0059266746028240318 -0.0019857382410775324 0.012993702549869196 0.002450433654882859 0.012536495245408799 -0.00088879272620206789 0.037904231369480394 -0.052036240934263844 -0.030236729650621089 0.032428996279144202 -0.0072294325610150374 0.0036441079035995057 -0.036795460603976836 -0.014146405888633235 -0.030278037739498855 -0.021597590829180315 0.035148756684872433 -0.019608849507043332 -0.039589342489615757 -0.0091525206415191806 0.0026004918790128694 0.037613389896408049 0.033601232269928137 0.018440799697751805 0.038739285679375679 0.033580577177858201 -0.036233261644298569 0.034042337934308609 -0.0093668569891142608 -0.019636590722344846
leaf_weight=15.874006420373915 18.860260069370273 12.771465986967089 16.077778667211536 15.629662811756132 19.764004588127136 12.211985468864443 11.990236073732378 11.961414575576788 15.772296547889708 10.117363482713698 15.216406375169752 9.7470074594020861 13.830984085798262 16.138335645198822 9.8725175857543928 14.252649635076521 12.563740879297255 11.72321769595146 12.455571740865706 19.164922803640366 14.572788089513777 12.880212008953093 11.121347904205317 15.609272778034208 17.671366572380066 10.669639676809313 13.849377095699316 17.399020940065384 9.8730354309082013 9.8635181188583356
leaf_count=32 39 26 33 32 41 25 25 24 32 21 31 20 28 33 20 29 26 24 25 39 30 27 23 32 37 22 28 36 20 20
internal_value=0 -0.00148469 -0.000488607 0.000930495 0.0122987 -0.00173612 -0.00465723 -0.0118776 -0.00508098 0.00126557 -0.00475155 0.00153129 -0.00290751 0.00923019 -0.0118917 -0.00326118 0.0120253 0.00438459 -0.0205521 -0.0041768 0.0185362 0.0187851 0.0155502 0.00323344 0.0249055 0.0150799 -0.0210493 0.0231276 -0.0286641 -0.0373936
internal_weight=0 397.765 381.891 356.664 67.7658 288.898 238.312 109.987 78.2888 62.5165 52.3991 128.325 101.762 43.2844 58.4777 30.3304 50.5863 38.0225 25.227 44.6467 26.563 31.7405 23.3333 34.7742 37.4354 26.2993 29.0658 27.146 31.698 21.8249
internal_count=880 814 782 731 140 591 487 224 160 128 107 263 208 89 119 62 104 78 51 91 55 66 48 71 78 54 59 56 64 44
is_linear=0
shrinkage=0.05


Tree=10
num_leaves=31
num_cat=0
split_feature=98 1 35 36 42 20 68 62 87 28 93 68 56 103 11 61 59 17 79 36 78 85 102 45 34 0 90 20 43 98
split_gain=4.46793 5.65075 4.24737 3.31249 5.14283 4.75214 5.2819 3.70899 3.78011 4.2334 3.62848 3.21993 3.1368 3.06517 3.03521 3.61331 4.21776 4.70678 3.63811 3.79596 3.10551 2.96946 2.96795 2.94865 2.86571 2.80924 2.73595 2.60123 2.56608 2.44312
threshold=3.0139000000000005 -0.39656499999999995 -0.5992249999999999 -1.6477499999999996 -3.1075999999999993 -0.38037499999999996 0.99842000000000009 2.5492500000000002 -2.1620499999999994 -0.24031 -5.2344499999999989 2.3961000000000001 0.27227000000000007 -1.4098499999999998 1.9176500000000003 -3.3352499999999998 -1.7350499999999998 -1.4042999999999999 0.17215000000000003 -0.015579499999999998 0.59457000000000015 -0.70285999999999993 -0.43804999999999994 -1.3376999999999997 -0.88415499999999991 -0.035744499999999992 0.23213000000000003 1.2712000000000001 0.89904500000000021 -0.75776999999999994
decision_type=2 2 2 2 2 2 2 2 2 2 2 2 2 2 2 2 2 2 2 2 2 2 2 2 2 2 2 2 2 2
left_child=2 28 3 24 10 6 23 8 13 27 -5 -8 26 -7 15 -4 -17 -18 20 -20 -19 -3 -16 -6 -1 29 -11 -10 -2 -25
right_child=1 21 14 4 5 7 11 -9 9 12 -12 -13 -14 -15 22 16 17 18 19 -21 -22 -23 -24 25 -26 -27 -28 -29 -30 -31
leaf_value=0.0089857510034128518 -0.0090557911206268701 -0.00079022480622346859 -0.0264034567210822 0.007419287350646871 0.012901146785850887 0.016644926266035434 0.038698741193642527 -0.0077437969247438898 0.019779285579905312 -0.017638511617691505 -0.030933397788220518 -0.0008394555894109452 0.032387118692966184 -0.022499964503092423 -0.032997505107352401 0.033028966894906933 -0.027820457548696505 0.012245899425471777 0.032387838740102919 -0.0061987692781054933 -0.021833665784283703 -0.031632348910027773 0.0015446895344244267 -0.020394395844204619 0.041188484566766652 -0.033171704867769825 0.015315581016888992 0.045660156471064542 0.02631872377417421 0.0065640615284101884
leaf_weight=17.558441191911701 10.174495458602907 10.603614032268522 12.468887329101561 9.7082300186157244 11.219839632511137 10.349970310926439 10.388455182313921 17.945279777050018 18.177695572376251 11.60327208042145 16.906645953655243 10.210519373416899 10.833771854639052 9.6761038899421674 17.191447883844379 9.9290994405746442 13.89984145760536 11.262084215879442 16.840720981359485 10.254722356796263 16.447198361158371 29.560841530561447 9.7429665029048902 17.44969147443771 11.39013037085533 15.435375869274138 13.776395022869108 20.838578373193741 10.333097219467161 16.212477356195453
leaf_count=36 21 22 26 20 23 21 21 37 37 24 35 21 22 20 36 20 29 23 34 21 34 62 20 36 23 32 28 42 21 33
internal_value=0 -0.0125864 0.00205866 0.00575345 0.00366783 0.0064938 -0.00275935 0.013108 0.0170362 0.0221753 -0.0169436 0.0191004 0.00986384 -0.00226892 -0.00575683 -0.00139726 0.00256795 -0.00183424 0.00475652 0.0177841 -0.00798246 -0.0234899 -0.0205026 -0.0102247 0.0216563 -0.0155094 0.000249375 0.0336022 0.00876826 -0.00741058
internal_weight=0 60.672 367.718 249.681 220.732 194.117 80.9164 113.201 95.2558 75.2297 26.6149 20.599 36.2134 20.0261 118.037 91.1026 78.6337 68.7046 54.8047 27.0954 27.7093 40.1645 26.9344 60.3174 28.9486 49.0975 25.3797 39.0163 20.5076 33.6622
internal_count=880 126 754 511 452 397 166 231 194 153 55 42 74 41 243 187 161 141 112 55 57 84 56 124 59 101 52 79 42 69
is_linear=0
shrinkage=0.05


Tree=11
num_leaves=31
num_cat=0
split_feature=98 1 35 36 42 20 68 93 69 77 68 11 61 59 17 22 6 6 9 2 54 102 45 34 0 89 43 101 98 94
split_gain=4.46793 5.65075 4.24737 3.31249 5.14283 4.75214 5.2819 3.62848 3.41956 3.28656 3.21993 3.03521 3.61331 4.21776 4.70678 3.66027 3.00814 4.27232 3.34263 4.35764 3.40097 2.96795 2.94865 2.86571 2.80924 2.65784 2.56608 2.48627 2.44312 2.441
threshold=3.0139000000000005 -0.39656499999999995 -0.5992249999999999 -1.6477499999999996 -3.1075999999999993 -0.38037499999999996 0.99842000000000009 -5.2344499999999989 -1.2375999999999998 -1.4066499999999997 2.3961000000000001 1.9176500000000003 -3.3352499999999998 -1.7350499999999998 -1.4042999999999999 0.090616500000000016 -1.8384499999999997 -1.0448499999999998 0.46267500000000006 0.60632000000000008 1.6214500000000001 -0.43804999999999994 -1.3376999999999997 -0.88415499999999991 -0.035744499999999992 -1.1264999999999998 0.89904500000000021 -0.45226499999999992 -0.75776999999999994 1.3535500000000003
decision_type=2 2 2 2 2 2 2 2 2 2 2 2 2 2 2 2 2 2 2 2 2 2 2 2 2 2 2 2 2 2
left_child=2 26 3 23 7 6 22 -5 9 -7 -8 12 -4 -14 -15 25 -10 -18 19 -19 -20 -13 -6 -1 28 -16 -2 -27 -24 -3
right_child=1 29 11 4 5 8 10 -9 16 -11 -12 21 13 14 15 -17 17 18 20 -21 -22 -23 24 -25 -26 27 -28 -29 -30 -31
leaf_value=-0.0089857510034128518 0.0090557911206268701 0.032058786237722695 0.0264034567210822 -0.007419287350646871 -0.012901146785850887 -0.0010812904164702907 -0.038698741193642527 0.030933397788220518 -0.028854697659099027 -0.035065113046719658 0.0008394555894109452 0.032997505107352401 -0.033028966894906933 0.027820457548696505 -0.037543944632790094 0.0096826189984604589 0.025480796130079315 -0.045553564527701512 -0.011165747597501642 -0.0040672798204871938 0.024996548302652206 -0.0015446895344244267 0.020394395844204619 -0.041188484566766652 0.033171704867769825 0.01073439325487904 -0.02631872377417421 -0.024118274560905567 -0.0065640615284101884 0.0057586165414709187
leaf_weight=17.558441191911701 10.174495458602907 27.078395396471024 12.468887329101561 9.7082300186157244 11.219839632511137 9.7650257050991041 10.388455182313921 16.906645953655243 13.25605449080467 26.209634602069855 10.210519373416899 17.191447883844379 9.9290994405746442 13.89984145760536 9.9352783858776039 24.372057259082794 11.122892081737517 10.860590040683748 15.734015077352526 15.172274351119993 11.08058053255081 9.7429665029048902 17.44969147443771 11.39013037085533 15.435375869274138 10.63638138771057 10.333097219467161 9.8610088825225919 16.212477356195453 13.086060166358946
leaf_count=36 21 57 26 20 23 20 21 35 27 53 21 36 20 29 20 50 23 22 32 31 23 20 36 23 32 22 21 20 33 27
internal_value=0 0.0125864 -0.00205866 -0.00575345 -0.00366783 -0.0064938 0.00275935 0.0169436 -0.013108 -0.0258405 -0.0191004 0.00575683 0.00139726 -0.00256795 0.00183424 -0.00475652 -0.00717674 -0.00268459 -0.0086126 -0.0213748 0.00377758 0.0205026 0.0102247 -0.0216563 0.0155094 -0.0163201 -0.00876826 -0.00603274 0.00741058 0.0234899
internal_weight=0 60.672 367.718 249.681 220.732 194.117 80.9164 26.6149 113.201 35.9747 20.599 118.037 91.1026 78.6337 68.7046 54.8047 77.2264 63.9704 52.8475 26.0329 26.8146 26.9344 60.3174 28.9486 49.0975 30.4327 20.5076 20.4974 33.6622 40.1645
internal_count=880 126 754 511 452 397 166 55 231 73 42 243 187 161 141 112 158 131 108 53 55 56 124 59 101 62 42 42 69 84
is_linear=0
shrinkage=0.05


Tree=12
num_leaves=31
num_cat=0
split_feature=88 55 43 55 22 97 15 51 18 56 86 41 42 6 28 5 61 35 103 100 10 43 100 6 103 12 49 62 43 35
split_gain=4.22997 5.89975 4.18842 4.63338 3.65307 3.64224 4.4699 6.68905 4.77338 4.42986 4.31958 3.23224 5.14357 4.04246 3.20917 3.19711 4.5756 3.16193 3.02288 3.19503 2.81762 2.74618 3.58208 3.96165 2.59912 2.53979 4.21601 2.48516 2.28318 2.20147
threshold=-0.30116499999999996 2.5458000000000003 0.27437500000000009 1.2442500000000003 -2.88435 0.16791000000000003 3.8495500000000002 -1.2253499999999999 -0.41428499999999996 -1.2753999999999996 -2.0429999999999997 -0.065182999999999991 0.89489500000000011 -0.32028999999999991 -0.22602499999999998 0.016847500000000005 0.34902500000000003 -1.2704499999999996 3.1160000000000001 -1.6092499999999998 1.1132000000000002 0.44756000000000007 -1.0465499999999999 1.2062500000000003 0.45821500000000004 -0.31343499999999996 0.81474500000000016 0.56957500000000005 -0.52459999999999984 -1.4947499999999998
decision_type=2 2 2 2 2 2 2 2 2 2 2 2 2 2 2 2 2 2 2 2 2 2 2 2 2 2 2 2 2 2
left_child=1 4 3 15 28 9 7 20 -9 10 -6 -4 -13 17 -12 16 -2 -14 19 -11 25 22 -21 -24 -15 -7 -27 -3 -1 -17
right_child=2 27 11 -5 5 6 -8 8 -10 18 14 12 13 24 -16 29 -18 -19 -20 21 -22 -23 23 -25 -26 26 -28 -29 -30 -31
leaf_value=0.03787978038263938 0.03209286711726244 0.011346166903665054 0.021654243674799793 -0.034922657284474599 0.033340819417619891 -0.020047443096139241 0.033645461541663139 0.035036152759557515 -0.0036091712502597049 -0.04151479765013507 0.013961372050438786 -0.03043190851190716 0.00586424432168075 0.0012749275318851071 -0.01914938052865222 -0.0038905589004292768 -0.014676636224853401 -0.028336839711124551 0.013781829098053417 0.013723731569171674 -0.02970077361300065 -0.027212725090046748 -0.026209585391936616 0.007900811473525747 0.036463784686168149 -0.018318331838320205 0.024095685226091568 0.041529778838233451 0.00426743114125476 -0.032688860019090646
leaf_weight=10.420467495918276 9.9546331763267535 14.388269215822222 15.322413206100462 21.770323425531387 11.818681329488752 13.046660542488093 13.392909049987791 20.296589821577072 13.178718030452726 9.9920780658721906 14.744070947170258 14.201454132795332 15.717346876859663 9.741751313209539 14.529684215784073 12.997966051101686 11.017319738864897 11.855246961116789 10.253132104873655 16.692960798740387 12.424520403146742 20.006587207317352 24.075677186250687 13.167874187231062 11.37468585371971 9.712880373001104 14.766307741403578 12.963872998952864 9.8070221841335279 13.558585792779921
leaf_count=21 20 29 31 47 24 27 27 41 27 21 30 30 32 20 30 27 23 25 21 34 26 42 50 27 23 20 30 26 20 29
internal_value=0 0.00359523 -0.00686897 -0.0158197 0.00120428 -0.000571755 0.00683207 0.00252753 0.0198221 -0.00587057 0.00782766 0.00106162 -0.0039555 0.00376705 -0.00247276 -0.00706962 0.00752317 -0.00884102 -0.0118468 -0.0149775 -0.00906279 -0.0113915 -0.00552292 -0.0141495 0.0202299 -0.00222971 0.0072666 0.025652 0.0215833 -0.0185937
internal_weight=0 279.679 147.512 69.2988 252.327 232.099 96.8186 83.4257 33.4753 135.281 41.0924 78.2129 62.8905 48.689 29.2738 47.5285 20.972 27.5726 94.1883 83.9352 49.9504 73.9431 53.9365 37.2436 21.1164 37.5258 24.4792 27.3521 20.2275 26.5566
internal_count=880 573 307 146 518 477 198 171 68 279 84 161 130 100 60 99 43 57 195 174 103 153 111 77 43 77 50 55 41 56
is_linear=0
shrinkage=0.05


Tree=13
num_leaves=31
num_cat=0
split_feature=98 43 55 21 15 6 27 78 97 55 82 29 71 68 87 43 16 103 93 104 13 43 87 55 86 47 8 99 100 20
split_gain=4.05776 4.85637 3.95797 4.59186 4.2259 3.90823 5.0385 3.63055 5.12737 3.44068 7.52897 4.35734 3.39647 3.33326 3.42752 3.21247 3.19189 3.07717 2.57042 2.41873 2.39157 2.37494 3.65267 2.66689 3.63339 2.34417 2.02226 1.80372 1.64343 1.63411
threshold=3.0139000000000005 3.4059000000000004 -1.7897499999999997 2.4131500000000004 -0.8170099999999999 -1.0206999999999999 -0.20643499999999998 0.47431000000000006 2.1916500000000005 1.1859500000000003 -0.12945499999999996 1.0174000000000001 0.52614500000000008 -1.7473999999999998 -1.70475 -1.0558499999999997 1.0000000180025095e-35 -1.1817999999999997 -0.84655499999999984 -0.81083499999999986 0.25190500000000005 -1.8069999999999997 -0.59311499999999995 -0.43480499999999994 -1.2294499999999997 0.13230500000000003 1.4093500000000001 -1.0763999999999998 -0.49225499999999994 2.4119000000000006
decision_type=2 2 2 2 2 2 2 2 2 2 2 2 2 2 2 2 2 2 2 2 2 2 2 2 2 2 2 2 2 2
left_child=2 12 4 9 27 -6 -7 8 26 11 15 13 17 -4 28 -11 -12 -2 -17 -13 -20 -16 -23 24 -24 -25 -5 -1 -15 -9
right_child=1 -3 3 7 5 6 -8 29 -10 10 16 19 -14 14 21 18 -18 -19 20 -21 -22 22 23 25 -26 -27 -28 -29 -30 -31
leaf_value=-0.016049384693611696 0.029825903876013617 -0.020173523353261544 -0.023878591731098076 0.0029883282919216845 0.015035858696876531 -0.034670179109840153 0.0068115329147055807 -0.010742058365219742 -0.047133333353793549 0.0069420317599416222 0.0013814982441404857 0.033393032000655624 0.032598335056158917 0.036796770196749033 0.016895975748187173 -0.042597095824261952 0.036153879927867713 -0.0053882827656275417 -0.029641108159055258 0.0036283015283633067 0.00099640462136073435 -0.022290448751127054 0.037515017682310504 -0.02576214704009715 -0.0012729796945382251 0.0084415725549374428 -0.02538676673656079 -0.040651454598002311 0.011751635705615311 0.016500783889738878
leaf_weight=17.628450095653537 9.3793214857578295 9.7972503006458265 9.8782927989959699 15.971089184284212 18.924493402242661 14.774973332881929 14.508606553077696 9.7583133578300494 12.429642558097838 11.326023727655409 15.082777142524721 22.969067752361298 22.774646878242493 10.943300634622576 18.848347276449203 11.937301844358442 11.733933210372923 18.323589235544205 12.872827440500261 9.7109466791152936 12.608577609062193 18.101797491312027 10.562902331352232 10.349939227104189 14.092326670885088 9.7080418765544874 10.347278803586958 12.90342655777931 16.315850049257278 12.627354919910429
leaf_count=36 20 20 20 33 39 30 30 20 25 23 31 48 48 23 39 24 25 38 26 20 26 37 22 21 29 20 21 26 34 26
internal_value=0 0.0120413 -0.00195696 0.000757548 -0.0118917 -0.00267339 -0.014118 -0.0114057 -0.0206671 0.00403263 -0.00468237 0.00837983 0.0182939 0.00393215 0.00645434 -0.0163889 0.0165965 0.00653412 -0.0234507 0.0245484 -0.0144812 0.00132993 -0.00334083 0.00433077 0.0153447 -0.00920758 -0.00816757 -0.0264467 0.0218061 0.00462514
internal_weight=0 60.2748 366.916 288.176 78.7399 48.2081 29.2836 61.1337 38.748 227.042 75.5614 151.481 50.4776 118.801 108.923 48.7447 26.8167 27.7029 37.4187 32.68 25.4814 81.6634 62.815 44.7132 24.6552 20.058 26.3184 30.5319 27.2592 22.3857
internal_count=880 126 754 593 161 99 60 125 79 468 155 313 106 245 225 99 56 58 76 68 52 168 129 92 51 41 54 62 57 46
is_linear=0
shrinkage=0.05


Tree=14
num_leaves=31
num_cat=0
split_feature=10 98 4 22 17 27 3 16 75 7 84 60 85 54 24 52 62 61 68 1 85 55 93 101 63 78 76 43 84 88
split_gain=4.01922 4.5126 3.74566 4.04536 4.36773 4.76344 3.38408 3.30977 4.9331 4.61305 4.29143 3.44897 3.43988 3.42151 3.25149 4.54986 5.11306 4.95675 2.86981 4.31913 2.7368 2.72095 2.60518 2.56812 2.48883 2.37302 3.55493 2.35558 1.845 1.81051
threshold=-11.127999999999998 3.1071000000000004 4.723650000000001 -3.3277999999999994 -1.3346999999999998 -0.29762499999999997 0.037265500000000007 1.0000000180025095e-35 -2.1759499999999994 -2.2084499999999996 0.28789500000000007 0.4174750000000001 1.9595500000000003 -2.2018499999999999 -0.38802499999999995 -1.1422499999999998 -0.56142499999999995 0.28191000000000005 -0.38551499999999994 -0.13645499999999997 -1.0437499999999997 1.4233500000000001 -0.33260499999999993 -0.41888499999999995 -2.0296499999999997 0.71392500000000003 1.0385500000000001 -0.73704499999999984 -0.14475999999999997 -0.38410499999999997
decision_type=2 2 2 2 2 2 2 2 2 2 2 2 2 2 2 2 2 2 2 2 2 2 2 2 2 2 2 2 2 2
left_child=6 2 3 -2 5 23 -1 8 -6 24 11 29 -12 -9 15 -15 -17 -18 -3 -20 -16 -7 -14 -5 -10 26 -22 -4 -21 -11
right_child=1 18 27 4 7 21 -8 13 9 10 12 -13 22 14 20 16 17 -19 19 28 25 -23 -24 -25 -26 -27 -28 -29 -30 -31
leaf_value=0.0020065356098733019 0.024963902163418452 -0.030199585383999219 0.004841419575768776 -0.011701694127645088 -0.022666320687057068 -0.03417580377090549 0.037100634808266024 0.021169538836286198 -0.026940447779204041 0.047358373040733301 -0.014516558415284425 0.0097034240260863644 0.033605139604347523 -0.025726900563754835 -0.03757269936635084 0.023486177623631359 0.014177570414028333 -0.02634832016660826 0.013990239412537376 -0.0052835350642936397 -0.040493321578323367 -0.0030328956754153637 -0.0012178816459126221 0.019710409491142625 0.0050268571300243403 0.010743466259476921 -0.00091351427030998472 0.038186054949257434 -0.035590572286353865 0.020937492296610429
leaf_weight=14.673595130443575 14.85895800590515 19.233544319868088 10.807285845279695 14.433195799589159 12.453108876943586 25.640286296606064 12.915640980005263 11.790039449930189 10.405745148658754 17.417124271392822 15.420066148042677 18.61726450920105 10.891852438449858 13.953880131244658 12.388399451971052 24.063795089721673 14.181307971477517 16.124139249324799 15.137819737195967 9.4728426337242126 10.325513541698458 9.6545202732086164 10.595719724893572 11.847911536693571 14.67595538496971 9.7125618755817396 12.591033309698103 10.386922776699064 10.687006235122681 10.329504966735842
leaf_count=30 30 41 22 30 26 55 26 24 22 35 32 38 22 29 26 49 29 34 31 20 22 20 22 24 30 20 26 21 23 21
internal_value=0 -0.00129878 0.000822056 -0.00051657 -0.00174778 -0.0136567 0.0184355 0.00123389 0.00713717 0.0105625 0.0162246 0.0263518 0.00350257 -0.00446539 -0.00713201 -0.000257761 0.0062789 -0.0073844 -0.0146608 -0.00619375 -0.0175651 -0.025657 0.0164336 0.00245935 -0.00823555 -0.0099687 -0.018747 0.0211831 -0.0213497 0.0375224
internal_weight=0 398.097 343.566 322.372 307.513 61.5759 27.5892 245.937 120.806 108.353 83.2715 46.3639 36.9076 125.131 113.341 68.3231 54.3692 30.3054 54.5312 35.2977 45.0175 35.2948 21.4876 26.2811 25.0817 32.6291 22.9165 21.1942 20.1598 27.7466
internal_count=880 824 709 666 636 129 56 507 248 222 170 94 76 259 235 141 112 63 115 74 94 75 44 54 52 68 48 43 43 56
is_linear=0
shrinkage=0.05


Tree=15
num_leaves=31
num_cat=0
split_feature=10 98 4 3 24 92 86 104 72 107 50 23 31 94 92 113 101 72 39 5 71 81 112 69 87 74 6 28 43 0
split_gain=4.01922 4.5126 3.74566 3.38408 3.35406 4.84463 4.64648 4.00697 4.38978 4.96234 4.75937 3.74838 3.56589 3.44634 4.19313 3.22894 3.21469 3.09168 3.36708 3.14261 3.08335 3.05229 3.03103 2.87816 2.79417 2.77941 2.71321 2.58367 2.35558 1.9101
threshold=-11.127999999999998 3.1071000000000004 4.723650000000001 0.037265500000000007 -1.4184499999999998 2.5619500000000004 -2.2946999999999993 -1.3160999999999998 0.87977000000000005 -1.2435999999999998 -0.9592949999999999 1.8506500000000001 2.4009000000000005 -2.2229999999999994 0.6497400000000001 1.0000000180025095e-35 -0.73397499999999993 -1.0085499999999998 0.22426500000000002 0.11242000000000001 0.52614500000000008 -0.17346499999999995 -0.95924499999999979 -0.22702499999999995 0.34615500000000005 -0.34325499999999992 -0.12293999999999998 -0.69310499999999986 -0.73704499999999984 -0.18087499999999998
decision_type=2 2 2 2 2 2 2 2 2 2 2 2 2 2 2 2 2 2 2 2 2 2 2 2 2 2 2 2 2 2
left_child=3 2 4 -1 6 7 -2 27 9 10 -9 12 13 -8 15 26 -10 18 19 -11 22 24 -3 25 -7 -19 -15 -6 -4 -22
right_child=1 20 28 -5 5 21 11 8 16 17 -12 -13 -14 14 -16 -17 -18 23 -20 -21 29 -23 -24 -25 -26 -27 -28 -29 -30 -31
leaf_value=-0.0020065356098733019 -0.035393279430719959 -0.0129736269806429 -0.004841419575768776 -0.037100634808266024 0.005929214555343486 -0.042456729870981064 0.030090692215332483 -0.010708714685641402 0.034909782114688696 -0.024473904931946986 0.0287460179284411 -0.0321045950896683 -0.018687859757626876 0.016910910192383381 -0.018449348058485131 0.027080790899511105 0.0046665967365524461 -0.013620529672293958 0.018122313698056836 0.012060017057872852 0.011040746438460914 0.0045110923217000897 0.018447640996573159 -0.00020911012074317483 -0.0056157026684019468 -0.049260785700284693 -0.019288111304908456 0.036146089703128263 -0.038186054949257434 0.040066494958782201
leaf_weight=14.673595130443575 12.414617985486982 13.956432133913042 10.807285845279695 12.915640980005263 11.623289108276369 10.925841808319094 11.980398684740065 11.595769762992857 17.365011602640152 15.259940445423128 22.425479739904404 9.8771977722644788 19.124851793050766 9.5754847824573481 19.143899738788605 16.238781154155731 17.786753833293915 12.244219899177551 17.772740721702576 9.5825191736221296 9.5255260467529315 15.03454542160034 17.053081393241882 13.439605414867399 9.7301697134971601 9.8878721594810486 11.267608553171161 18.07528418302536 10.386922776699064 13.996173352003096
leaf_count=30 25 29 22 26 24 22 25 24 37 31 47 20 39 20 39 34 37 25 37 20 20 31 36 28 20 20 23 38 21 30
internal_value=0 0.00129878 -0.000822056 -0.0184355 0.00051657 0.00417752 -0.00658837 0.00756506 0.00418832 -0.000641859 0.0152983 -0.00290965 0.000392321 0.00574236 0.000554298 0.0103651 0.0196068 -0.00757786 0.00150599 -0.0103816 0.0146608 -0.0126279 0.00430589 -0.0184604 -0.0251025 -0.0295434 -0.00265799 0.02432 -0.0211831 0.028312
internal_weight=0 398.097 343.566 27.5892 322.372 212.749 109.623 177.058 147.36 112.208 34.0212 97.2082 87.331 68.2062 56.2258 37.0819 35.1518 78.1869 42.6152 24.8425 54.5312 35.6906 31.0095 35.5717 20.656 22.1321 20.8431 29.6986 21.1942 23.5217
internal_count=880 824 709 56 666 441 225 368 306 232 71 200 180 141 116 77 74 161 88 51 115 73 65 73 42 45 43 62 43 50
is_linear=0
shrinkage=0.05


Tree=16
num_leaves=31
num_cat=0
split_feature=88 16 102 90 41 11 89 15 108 0 63 81 71 86 9 92 88 1 2 94 43 102 19 34 68 3 51 22 11 79
split_gain=3.82198 3.8315 4.71468 4.00438 4.41699 4.53843 3.79557 3.74236 3.70589 3.31924 3.48692 3.14586 4.17836 6.74891 3.7045 3.49542 3.25663 3.19235 3.02488 2.90399 2.70591 4.2376 2.70139 2.67043 2.59731 2.53674 2.46847 2.4219 3.14623 2.01352
threshold=6.6299500000000009 0.53169500000000014 -3.4787999999999992 -0.43494999999999995 -0.14904499999999996 -0.89750499999999989 -1.1435999999999999 1.1472500000000003 4.4274000000000013 0.23022000000000001 0.44695500000000005 -3.2812999999999994 0.52614500000000008 1.8295000000000001 -3.3906999999999994 1.6716000000000002 -0.77237499999999992 2.9288000000000003 1.0334000000000001 -0.70133499999999993 -2.0415499999999995 -1.2645999999999999 -0.80646999999999991 -0.32890499999999995 -0.070798999999999987 -0.23811999999999997 -1.2253499999999999 -1.4341999999999997 0.95222000000000018 1.1951000000000003
decision_type=2 2 2 2 2 2 2 2 2 2 2 2 2 2 2 2 2 2 2 2 2 2 2 2 2 2 2 2 2 2
left_child=1 2 -1 6 26 -6 7 9 11 10 -3 -4 14 16 -13 17 22 20 27 -2 -16 -22 25 -23 -11 -14 -5 -18 -29 -8
right_child=19 3 8 4 5 -7 29 -9 -10 24 -12 12 13 -15 15 -17 18 -19 -20 -21 21 23 -24 -25 -26 -27 -28 28 -30 -31
leaf_value=-0.022029396515092975 -0.0025922465833085866 -0.0031548729845953779 -0.017348405145300814 0.0010510653127987202 0.012472876914305216 -0.020542819769338874 -0.040004685766323309 -0.027356084915640594 -0.01506389261440487 -0.026475044087923616 0.034721542629105172 0.045437519342663442 0.011101183502330929 -0.033374639867048167 -0.017643067452234838 0.033094664271230693 -0.030917194166924868 0.032691597927589772 0.022203252764872169 -0.033319093746860949 -0.015635820784168829 0.028075987438074376 -0.0038991256727917063 0.0021457939686949467 0.0076548249184061074 0.042241996810771509 0.031743487080372168 0.018316383523738124 -0.021200283390703959 -0.01147172019501385
leaf_weight=14.757610976696013 16.448481857776645 13.074755609035494 10.700522363185881 10.742024749517443 18.6307053565979 23.586695224046707 14.861071944236757 14.560808956623076 17.295130014419556 13.201651334762575 11.352188616991041 10.423694998025892 12.777692228555679 11.473630428314207 11.070286661386481 19.286957919597626 9.4638428986072523 12.257966607809065 9.633889824151991 14.440174728631971 12.774668037891379 24.004282921552647 9.6595343649387342 16.933373570442225 9.6483382880687696 13.395600020885468 16.790763795375824 10.709000229835516 9.510007977485655 10.588401347398756
leaf_count=31 35 27 22 22 38 50 32 31 36 28 23 21 26 24 23 39 20 25 20 31 27 49 20 35 20 27 34 22 20 22
internal_value=0 0.00130898 0.00533425 -0.00474358 0.00418822 -0.00597286 -0.0118809 -0.00519211 0.00715844 0.00163417 0.0144478 0.00904176 0.0105021 0.00234297 0.0171228 0.0140588 0.00779624 0.00929323 -0.00214047 -0.0169568 0.00486586 0.00950503 0.0186991 0.0173503 -0.0120638 0.0270392 0.0197687 -0.0100415 -0.000270276 -0.0281334
internal_weight=0 393.165 236.128 157.037 69.7502 42.2174 87.2872 61.8377 221.37 47.2769 24.4269 204.075 193.374 86.6232 106.751 96.3275 75.1496 77.0406 39.3167 30.8887 64.7826 53.7123 35.8328 40.9377 22.85 26.1733 27.5328 29.6829 20.219 25.4495
internal_count=880 814 487 327 144 88 183 129 456 98 50 420 398 179 219 198 155 159 82 66 134 111 73 84 48 53 56 62 42 54
is_linear=0
shrinkage=0.05


Tree=17
num_leaves=31
num_cat=0
split_feature=88 16 90 41 13 89 15 0 55 42 108 101 23 71 34 35 35 3 94 94 110 41 41 11 47 51 33 11 80 28
split_gain=3.82198 3.8315 4.00438 4.41699 4.93869 3.79557 3.74236 3.31924 5.18339 3.31188 3.10599 3.80905 3.43831 4.3381 4.24208 4.20487 4.61745 2.97504 2.96675 2.90399 2.5762 2.93606 4.47738 3.87752 3.27448 2.46847 2.42783 2.40577 2.31865 2.07343
threshold=6.6299500000000009 0.53169500000000014 -0.43494999999999995 -0.14904499999999996 0.053869500000000008 -1.1435999999999999 1.1472500000000003 0.23022000000000001 -0.33500499999999994 1.5251500000000002 4.4274000000000013 -1.8801999999999996 -2.6810499999999995 1.3723500000000002 -0.90263499999999997 -0.73215999999999981 3.5739000000000005 -0.59188999999999992 -1.0207499999999998 -0.70133499999999993 -1.8077499999999997 -1.0181999999999998 0.09711800000000001 -0.58307999999999993 0.80337500000000006 -1.2253499999999999 -1.0389499999999998 1.3031000000000004 1.2704000000000002 -0.6695549999999999
decision_type=2 2 2 2 2 2 2 2 2 2 2 2 2 2 2 2 2 2 2 2 2 2 2 2 2 2 2 2 2 2
left_child=1 10 5 25 9 6 7 27 -9 -5 11 26 -13 15 -15 20 17 -17 -16 -2 -14 -22 -23 -24 -25 -4 -1 -3 -7 -20
right_child=19 2 3 4 -6 28 -8 8 -10 -11 -12 12 13 14 18 16 -18 -19 29 -21 21 22 23 24 -26 -27 -28 -29 -30 -31
leaf_value=-0.006022419093225556 0.0025922465833085866 -0.028279648018381016 -0.0010510653127987202 -0.030050308787998609 0.023828052766502263 0.039945947614001706 0.027356084915640594 0.033315329697087302 -0.014621831822354093 0.0087358953160401476 0.01506389261440487 -0.029281008962847205 -0.04140897816120466 0.020748909607460203 0.014485466147795615 -0.002629429267803211 -0.021583353771619452 0.03043860147272295 -0.034374824298927964 0.033319093746860949 0.0061680803378925666 -0.048947101837554928 -0.029864686159413845 0.012734622312163194 -0.023689675871274487 -0.031743487080372168 0.027328257859396122 0.0033532346219669893 0.0088513682825255881 -0.0021031637742763474
leaf_weight=9.7183774113655108 16.448481857776645 13.745999306440355 10.742024749517443 10.867002457380297 20.198683887720108 15.781433314085008 14.560808956623076 12.720124572515489 10.129865050315855 11.151714235544203 17.295130014419556 19.164460241794586 10.892006874084471 23.606831431388855 10.110518127679827 14.481235414743423 15.059649169445036 12.825868129730225 10.291131168603901 14.440174728631971 13.011018842458723 10.922820717096327 20.224747478961937 16.630181729793559 9.8099373579025251 16.790763795375824 12.444730043411253 10.68094491958618 9.6680399775505048 9.639047890901562
leaf_count=20 35 28 22 22 43 34 31 27 21 23 36 39 22 49 21 30 31 27 21 31 27 22 41 35 20 34 26 22 20 20
internal_value=0 -0.00130898 0.00474358 -0.00418822 0.00597286 0.0118809 0.00519211 -0.00163417 0.0120638 -0.0104064 -0.00533425 -0.00694639 -0.00916085 -0.00698857 0.00488826 -0.0121329 0.000644051 0.0129023 -0.00757548 0.0169568 -0.0187756 -0.0152837 -0.0201304 -0.0133852 -0.000779692 -0.0197687 0.0127042 -0.0144478 0.0281334 -0.0187669
internal_weight=0 393.165 157.037 69.7502 42.2174 87.2872 61.8377 47.2769 22.85 22.0187 236.128 218.833 196.669 177.505 53.6475 123.857 42.3668 27.3071 30.0407 30.8887 81.4907 70.5987 57.5877 46.6649 26.4401 27.5328 22.1631 24.4269 25.4495 19.9302
internal_count=880 814 327 144 88 183 129 98 48 45 487 451 405 366 111 255 88 57 62 66 167 145 118 96 55 56 46 50 54 41
is_linear=0
shrinkage=0.05


Tree=18
num_leaves=31
num_cat=0
split_feature=10 22 88 17 42 2 55 55 102 74 3 18 57 57 21 16 40 68 62 104 51 35 3 39 102 78 29 53 84 7
split_gain=3.54111 3.7803 3.23346 3.59577 3.58604 3.52531 3.235 3.25305 3.27228 3.11879 3.01443 3.00986 2.88711 4.28786 4.84174 3.72116 3.71588 3.14837 3.11622 2.82688 2.75989 3.41352 2.62408 4.15706 2.59568 2.58376 2.39047 3.69662 2.22056 2.18599
threshold=-11.127999999999998 -3.3277999999999994 6.6299500000000009 -1.3346999999999998 -2.5812499999999994 2.2480000000000007 1.5549000000000002 0.19033500000000003 -0.17157499999999995 0.18501000000000004 0.037265500000000007 15.939000000000002 0.73160500000000017 -0.10034949999999999 0.82008000000000014 0.53169500000000014 -0.29747499999999993 -1.3675999999999997 0.83892500000000003 0.040571000000000003 -0.056834499999999989 -1.1011499999999999 -0.012259499999999998 -0.52941499999999986 -2.0203999999999995 -0.43653999999999993 -0.52585999999999988 -0.27516499999999994 -0.18744499999999997 0.17350500000000002
decision_type=2 2 2 2 2 2 2 2 2 2 2 2 2 2 2 2 2 2 2 2 2 2 2 2 2 2 2 2 2 2
left_child=10 -2 3 5 6 26 7 8 -5 -4 -1 12 13 14 17 18 -16 -6 22 24 21 29 -14 -24 -19 -17 27 -3 -26 -15
right_child=1 2 9 4 11 -7 -8 -9 -10 -11 -12 -13 15 20 16 25 -18 19 -20 -21 -22 -23 23 -25 28 -27 -28 -29 -30 -31
leaf_value=0.0018425764658895069 0.023553128570115701 0.007173791100191596 0.002434092603496734 0.0035696897781368991 0.012847807901613915 0.015002795312200695 -0.033043844097719127 0.018498827899284444 -0.032177772758504371 -0.031156054745198242 0.035045356426081607 -0.020896988122714365 0.028706718214553218 0.0082138336046180642 0.0038486521422478877 -0.0015995649016351051 0.045118444301730828 -0.024673224134933284 -0.0093312502395024744 -0.036368583510884095 0.03542915639780643 -0.011725287437825983 0.024594724899864258 -0.02007837499834754 0.022489980327647832 -0.035805723218594113 -0.026726057032272516 -0.031423139673642651 -0.0099156672790375912 0.036269350987391633
leaf_weight=14.649250507354738 14.808905541896818 18.201100736856464 11.252303153276445 13.553919136524199 17.546347409486771 10.639093726873396 12.168191641569136 11.693698495626448 12.131921261548998 17.908632725477219 12.816665470600126 11.412888348102568 16.159522175788879 14.542458623647692 12.082301884889604 10.550157666206362 9.9426726996898633 11.362625747919074 24.762425422668457 9.4964316189289075 19.68999981880188 10.60775104165077 10.232246428728105 10.604630470275877 9.7505114674568123 11.580067366361616 27.937567442655563 9.4111835062503797 11.546611994504941 13.286450654268263
leaf_count=30 30 38 24 28 36 22 26 24 26 39 26 24 33 30 25 22 20 24 52 20 40 22 21 22 20 25 60 20 24 27
internal_value=0 -0.00123086 -0.00219657 -0.000867055 0.00157342 -0.0113645 -0.0106515 -0.00336214 -0.0133145 -0.0181947 0.0173363 0.00414924 0.00542682 0.00982569 0.0024423 -0.00190669 0.022479 -0.00494947 0.00439707 -0.0123571 0.0202069 0.012409 0.0135857 0.00185899 -0.00537531 -0.0194986 -0.0164144 -0.00598132 0.00492069 0.0216085
internal_weight=0 394.863 380.054 350.893 284.704 66.1889 49.5477 37.3795 25.6858 29.1609 27.4659 235.156 223.743 139.854 81.7275 83.889 22.025 59.7025 61.7588 42.1562 58.1267 38.4367 36.9964 20.8369 32.6597 22.1302 55.5499 27.6123 21.2971 27.8289
internal_count=880 824 794 731 591 140 104 78 54 63 56 487 463 288 169 175 45 124 128 88 119 79 76 43 68 47 118 58 44 57
is_linear=0
shrinkage=0.05


Tree=19
num_leaves=31
num_cat=0
split_feature=88 16 102 90 41 89 64 23 68 15 70 0 63 35 35 64 94 68 24 15 105 20 65 23 36 33 35 7 102 76
split_gain=3.47997 3.47273 4.37852 3.64505 4.1047 3.5009 3.46668 3.45011 4.12679 3.42736 3.02678 3.00298 3.26371 2.95733 3.49789 3.33153 3.47977 3.37059 4.10738 2.91926 3.03861 3.20854 3.41704 2.81331 2.78612 2.90351 2.81805 2.72987 2.50589 2.12468
threshold=6.6299500000000009 0.53169500000000014 -3.4787999999999992 -0.43494999999999995 -0.7701349999999999 -1.1435999999999999 -0.56131999999999993 -2.6810499999999995 0.55525500000000017 1.1472500000000003 0.31180500000000005 0.23022000000000001 0.44695500000000005 9.9527500000000018 -0.73784499999999997 6.9290000000000012 -3.0399499999999997 -0.38551499999999994 -0.6736049999999999 3.5601000000000007 -0.26913499999999996 0.75717500000000004 1.3957000000000004 -0.29556499999999991 -1.3643499999999997 -0.42790999999999996 0.76551500000000006 0.080884500000000012 -0.30493499999999996 -0.33595999999999998
decision_type=2 2 2 2 2 2 2 2 2 2 2 2 2 2 2 2 2 2 2 2 2 2 2 2 2 2 2 2 2 2
left_child=1 2 -1 5 -5 9 10 8 -4 11 -6 12 -3 14 15 16 -9 18 -18 20 -19 22 -22 -2 -16 -26 -27 -8 -13 -23
right_child=23 3 7 4 6 -7 27 13 -10 -11 -12 28 -14 -15 24 -17 17 19 -20 -21 21 29 -24 -25 25 26 -28 -29 -30 -31
leaf_value=0.021386249089782074 -0.004311450631484289 0.0033180608966065154 -0.04475434730764774 -0.025531112247709875 0.0070236868627530065 0.027122795219879803 -0.0022763948559004674 0.017158933167887153 -0.0027776431984813301 0.026336193632768928 -0.024466791286367657 -0.0029752006591197578 -0.03331393788315206 -0.031467121208024425 0.023740043386522358 0.019622022121296264 0.012975006622068573 -0.033407258475285383 -0.018280730518312641 -0.043904938187891443 -0.011919478292076874 -0.0060885666087310986 0.02480810656383696 0.027423910688905592 -0.021995515738509427 0.027724280667828307 -0.0090210410229581376 0.033117007114604004 0.030549020114582295 -0.037522265472393374
leaf_weight=14.655425757169722 10.775100678205492 13.075303971767427 12.409072428941728 16.77711695432663 15.926893979310991 25.089961767196655 9.5631206631660479 11.076596438884733 11.085935294628142 14.373249381780623 14.649120956659315 12.87598976492882 11.365773916244505 9.7919925451278669 18.088196903467178 10.547997415065764 23.568433403968811 16.221912801265709 18.972238481044769 9.8977845907211286 15.110088378191003 10.227358162403108 10.902319461107252 19.845680892467499 10.736411571502687 10.814785510301592 10.081945687532423 12.660601347684858 9.8296693563461286 11.332455724477766
leaf_count=31 23 27 25 34 33 54 20 23 23 31 30 27 23 20 38 22 49 33 39 20 31 21 23 43 22 23 21 27 21 23
internal_value=0 -0.00124564 -0.00507946 0.00453555 -0.00398664 0.0113817 0.00285911 -0.00683558 -0.024948 0.00496198 -0.00806356 -0.00155421 -0.0137168 -0.00467948 -0.00328111 -0.00738162 -0.00961896 -0.0121708 -0.00096439 -0.01864 -0.0147201 -0.00834789 0.00347379 0.0162566 0.00808796 -0.000862083 0.00999594 0.0178868 0.011538 -0.022611
internal_weight=0 391.708 235.521 156.187 69.5769 86.6099 52.7997 220.866 23.495 61.52 30.576 47.1467 24.4411 197.371 187.579 137.857 127.309 116.233 42.5407 73.6919 63.7941 47.5722 26.0124 30.6208 49.7213 31.6331 20.8967 22.2237 22.7057 21.5598
internal_count=880 814 487 327 144 183 110 456 48 129 63 98 50 408 388 284 262 239 88 151 131 98 54 66 104 66 44 47 48 44
is_linear=0
shrinkage=0.05


Tree=20
num_leaves=31
num_cat=0
split_feature=98 1 55 53 52 55 82 39 20 69 92 23 39 56 39 70 62 52 48 108 92 85 95 63 37 20 41 63 84 71
split_gain=3.18077 4.2637 3.7148 3.85755 5.07725 4.59713 5.79167 3.85875 3.32502 3.25065 4.06862 3.44412 3.17547 4.07936 2.82635 3.1604 2.69287 2.51219 2.46759 2.34245 4.54047 2.30431 2.16464 2.55731 3.34054 2.57199 2.07357 2.55442 2.0458 2.03464
threshold=3.1071000000000004 -0.13645499999999997 -1.7897499999999997 1.4209500000000002 1.7684000000000002 2.4623000000000004 -0.091535999999999992 -1.0121499999999999 -1.696 -1.7055999999999998 1.8606500000000004 0.10383000000000002 1.1158000000000003 -1.5239999999999998 0.57080500000000012 1.7119500000000003 0.56957500000000005 0.4416750000000001 -0.29682999999999998 1.1337500000000003 -0.45548999999999995 -0.70285999999999993 -2.6516999999999995 -1.1085999999999998 -1.2918999999999998 1.1005500000000004 -0.44788999999999995 1.0231500000000002 1.9783500000000001 0.56670000000000009
decision_type=2 2 2 2 2 2 2 2 2 2 2 2 2 2 2 2 2 2 2 2 2 2 2 2 2 2 2 2 2 2
left_child=2 29 8 5 17 12 16 -6 -1 18 11 -11 14 -14 15 22 -7 -5 -10 20 -15 -3 -4 -24 -25 26 27 -26 -9 -2
right_child=1 21 3 4 7 6 -8 28 9 10 -12 -13 13 19 -16 -17 -18 -19 -20 -21 -22 -23 23 24 25 -27 -28 -29 -30 -31
leaf_value=-0.016417371610229773 0.017424572068900284 -0.0019275734540288249 -0.035642608639354971 0.0084757863582176247 0.016321082101082286 0.011480066432075416 -0.012800157656815173 -0.025366119478524959 0.043742162320126905 -0.016421836191837257 0.030935907879544783 0.017099571018523625 -0.024881415933407716 0.018661821744985423 -0.036678794935287244 0.011065256198688868 0.046033059194562936 0.036963845802597269 0.011775459994107701 0.028992807466508688 -0.023049014607552109 -0.030668900550555517 0.012941393910132144 0.0072498412218642855 -0.029836783229146464 0.0022194399344113531 -0.034496030367335638 0.0020452448983291969 0.0025206804172330402 -0.012543891208041419
leaf_weight=9.4784820675849897 14.084790825843813 9.8255038261413556 9.7234638631343824 14.05893048644066 17.297108501195908 12.343042731285097 14.956811040639876 15.98583033680916 13.811966210603716 18.49865543842316 12.741318881511686 13.080998629331587 10.513930439949034 16.541858315467834 10.802602946758268 15.486011564731596 10.381355553865431 17.214163154363632 10.724342733621596 11.644277691841124 10.773847430944445 24.027728170156479 10.055466949939726 14.988568753004065 12.645498633384696 11.475480288267134 24.230854511261004 12.485963463783262 11.173480182886122 9.4727985560893995
leaf_count=20 29 21 21 29 36 25 32 34 28 39 26 27 22 34 23 32 21 35 22 24 23 53 21 31 27 24 52 26 23 20
internal_value=0 -0.0109604 0.0017048 -0.00094762 0.00872099 -0.00445014 0.011362 -0.00213751 0.0113473 0.0151692 0.00708608 -0.00253652 -0.007927 0.00275647 -0.0122632 -0.00988898 0.0272652 0.0241569 0.0297701 0.010215 0.00221025 -0.0223271 -0.0132831 -0.0107516 -0.0138936 -0.0191027 -0.0240595 -0.013997 -0.0138933 0.00537388
internal_weight=0 57.4108 363.114 284.779 75.7295 209.049 37.6812 44.4564 78.3358 68.8573 44.321 31.5797 171.368 49.4739 121.894 111.091 22.7244 31.2731 24.5363 38.96 27.3157 33.8532 95.6053 85.8818 75.8264 60.8378 49.3623 25.1315 27.1593 23.5576
internal_count=880 123 757 595 157 438 78 93 162 142 92 66 360 103 257 234 46 64 50 81 57 74 202 181 160 129 105 53 57 49
is_linear=0
shrinkage=0.05


Tree=21
num_leaves=31
num_cat=0
split_feature=10 98 4 22 17 29 55 60 94 3 55 29 26 96 29 55 47 60 91 100 29 45 14 19 26 108 26 85 73 108
split_gain=3.32309 3.83447 3.06378 3.326 3.83579 3.03207 3.01307 3.14547 2.87234 2.84796 2.80117 3.43331 2.45714 4.31359 3.48522 3.32485 4.09046 3.66728 2.97162 2.66737 3.91012 3.29341 2.35471 2.27628 2.16777 2.04461 1.99747 1.97594 1.88678 1.25987
threshold=-11.127999999999998 3.1071000000000004 4.723650000000001 -3.3277999999999994 -1.3346999999999998 -5.877699999999999 -1.7897499999999997 0.89156500000000005 1.3535500000000003 0.037265500000000007 1.5549000000000002 -1.5972999999999997 -0.46642499999999992 0.75422500000000003 0.52062500000000012 1.1859500000000003 0.10868000000000001 0.49503500000000006 -2.6339999999999995 -0.59785499999999991 -0.27806999999999993 -0.75073499999999982 -0.009040949999999999 -1.2172499999999997 1.4100000000000004 -1.1234999999999997 -5.8484499999999988 1.7276000000000002 0.70877500000000004 -0.38335499999999995
decision_type=2 2 2 2 2 2 2 2 2 2 2 2 2 2 2 2 2 2 2 2 2 2 2 2 2 2 2 2 2 2
left_child=9 2 3 -2 10 26 7 23 24 -1 11 -5 13 -8 19 17 -17 27 -15 21 -21 -14 -20 -7 -3 -4 -6 28 -16 -13
right_child=1 8 25 4 5 6 12 -9 -10 -11 -12 29 14 18 15 16 -18 -19 22 20 -22 -23 -24 -25 -26 -27 -28 -29 -30 -31
leaf_value=-0.0017544625515055153 -0.022698482178586533 0.029535713845428524 -0.0039021742247456882 -0.00028643494940964104 0.0019507071003324414 -0.039367952863201036 0.027626610117988271 0.008908855764529388 -0.0035348643674952291 -0.034075217067474184 -0.0092277454227250449 0.016357099639113915 0.021535122386857255 0.01666942648985615 0.023584349741221117 0.0042891238936117468 -0.034345401130437547 0.027596596649114964 0.0047431790266438487 -0.047594943539782365 -0.0099726545201630316 -0.018637304371645735 -0.028259752120979059 -0.011441087611103263 0.0032094012302508728 -0.035024556341415401 0.034584429843901025 -0.018872500279315071 -0.0057100628692396101 0.036321129268275687
leaf_weight=14.626939564943315 14.783746123313902 25.47991931438446 10.731353938579561 16.710180252790451 9.4768748581409472 12.81747227907181 19.482337981462479 10.028509199619291 16.729383915662766 12.762779921293257 11.603871136903761 13.969330549240111 9.368373781442644 13.592601418495176 10.446895211935049 17.315255045890812 11.336702138185499 19.123391389846802 9.9815045893192291 10.90051105618477 18.84712877869606 11.202717989683149 11.787071853876114 16.94014447927475 11.281531840562819 10.383263409137724 9.2814721763133985 9.7375141084194166 11.599700003862379 18.196653872728348
leaf_count=30 30 56 22 35 20 26 41 21 35 26 24 30 20 29 22 36 23 41 21 22 39 23 24 35 24 21 20 20 24 40
internal_value=0 0.00119747 -0.000762184 0.000460469 0.00158765 -0.00121396 -0.0028275 -0.0153086 0.0136404 -0.016815 0.0128564 0.0180995 -0.000139275 0.00873496 -0.00388659 0.00262723 -0.0109974 0.0102955 -0.00167344 -0.0141857 -0.0237587 -0.000342198 -0.013127 -0.02347 0.0214566 -0.0192068 0.0180976 -0.000113989 0.00817125 0.027651
internal_weight=0 393.135 339.645 318.53 303.746 243.266 224.508 39.7861 53.4908 27.3897 60.48 48.8762 184.722 54.8435 129.878 79.5595 28.652 50.9075 35.3612 50.3187 29.7476 20.5711 21.7686 29.7576 36.7615 21.1146 18.7583 31.7841 22.0466 32.166
internal_count=880 824 709 666 636 507 467 82 115 56 129 105 385 115 270 166 59 107 74 104 61 43 45 61 80 43 40 66 46 70
is_linear=0
shrinkage=0.05


Tree=22
num_leaves=31
num_cat=0
split_feature=10 98 7 24 86 92 104 13 26 64 64 71 112 81 21 106 89 94 3 55 15 92 59 87 39 87 78 37 38 56
split_gain=3.09757 3.50867 2.89259 3.3123 4.00855 3.96525 3.87769 3.95811 3.27449 4.79018 3.15435 2.77838 2.68261 2.66754 2.6661 3.3422 3.05483 2.79701 2.6526 2.60953 3.61665 3.42249 3.2534 2.54081 2.65609 2.46567 2.16111 2.13339 3.27671 1.92068
threshold=-11.127999999999998 3.1071000000000004 6.8954000000000013 -1.4184499999999998 -2.2946999999999993 2.5619500000000004 -0.95387499999999992 -2.1668999999999996 -0.86131999999999997 0.59725000000000006 1.8368000000000002 0.52614500000000008 -0.95924499999999979 -0.17346499999999995 -1.3173999999999999 -2.8219999999999996 -0.90834999999999988 0.76282500000000009 0.037265500000000007 1.3476000000000001 0.75964500000000013 -0.62251499999999982 -0.54204499999999989 -1.3767499999999997 -0.74290499999999982 0.34615500000000005 -0.47296499999999991 -0.18823999999999999 -0.96875499999999992 -0.89522499999999994
decision_type=2 2 2 2 2 2 2 2 2 2 2 2 2 2 2 2 2 2 2 2 2 2 2 2 2 2 2 2 2 2
left_child=18 2 3 4 -2 6 14 -8 -9 27 -11 12 -3 25 -5 -16 -17 -18 -1 20 21 -6 -21 -23 -25 -7 -22 28 29 -10
right_child=1 11 -4 5 19 13 7 8 9 10 -12 -13 -14 -15 15 16 17 -19 -20 22 26 23 -24 24 -26 -27 -28 -29 -30 -31
leaf_value=0.0017357594087919178 0.033280425300110668 0.013090732462298438 0.027596171608344801 -0.031815487427640142 -0.030505782450701388 0.039674843660127933 0.01876483928789284 -0.022223726829533136 -0.030194099666653131 0.040217398909292212 0.0022930879956298482 -0.026344214222704762 -0.016765103012755498 -0.0044662093785767278 -0.035218908168626342 0.018697205848343158 -0.030958075277122649 -0.00050874203463110773 0.032997252851371908 -0.0064084831473074011 -0.00069118071826969286 -0.018678676284297972 0.029070589257059257 0.0289324849594184 -0.0073447140478198839 0.0049294717935886873 0.029445241880999607 -0.025912496742382187 0.019553205410297186 0.0014210139122957947
leaf_weight=14.599627465009691 12.779865980148314 13.772161036729814 9.7196013331413251 18.756733566522598 13.908709108829497 10.861467570066454 21.111962080001831 21.653753310441971 9.7025596201419813 9.8438771069049853 12.37660303711891 22.704854846000671 16.583526074886322 14.889666289091108 10.543838381767271 11.175877600908278 11.862142711877821 20.707628041505814 12.678384989500044 10.056636095046999 12.018645644187929 12.427340418100352 18.074577659368515 9.6936825513839668 10.522867590188989 9.6358518004417402 11.779155373573301 13.528690069913862 11.128203868865969 9.5153437554836291
leaf_count=30 26 29 20 41 30 22 43 47 21 20 26 50 36 31 23 23 26 43 26 21 25 26 37 20 22 20 24 29 23 20
internal_value=0 -0.00116073 0.000714344 -8.08956e-05 0.00693498 -0.00367324 -0.0066523 -0.000672394 -0.00534889 0.000179545 0.0190939 -0.0131148 -0.00321972 0.0116406 -0.0155642 -0.00994942 -0.00385881 -0.0115986 0.0162656 0.00351615 -0.00163062 -0.00973624 0.0163872 -0.000886886 0.0100499 0.0233409 0.0142254 -0.00939967 -0.00203804 -0.0145405
internal_weight=0 391.336 338.275 328.556 111.261 217.294 181.907 108.861 87.749 66.0953 22.2205 53.0605 30.3557 35.387 73.0462 54.2895 43.7456 32.5698 27.278 98.4816 70.3504 46.5526 28.1312 32.6439 20.2166 20.4973 23.7978 43.8748 30.3461 19.2179
internal_count=880 824 709 689 231 458 385 229 186 139 46 115 65 73 156 115 92 69 56 205 147 98 58 68 42 42 49 93 64 41
is_linear=0
shrinkage=0.05


Tree=23
num_leaves=31
num_cat=0
split_feature=10 98 7 24 86 23 92 28 36 28 80 98 15 48 45 76 71 112 81 3 63 33 64 87 87 24 24 74 63 103
split_gain=3.09757 3.50867 2.89259 3.3123 4.00855 4.48398 3.96525 3.20047 3.56867 4.46598 3.11314 2.82126 3.4382 3.23956 3.76411 3.00258 2.77838 2.68261 2.66754 2.6526 2.5929 3.56256 3.36376 3.13405 2.46567 2.26264 2.70255 2.58175 1.94502 1.83531
threshold=-11.127999999999998 3.1071000000000004 6.8954000000000013 -1.4184499999999998 -2.2946999999999993 1.9843000000000002 2.5619500000000004 -0.25282499999999991 -1.7927499999999998 -1.4699999999999998 3.2621500000000005 -1.0249999999999997 3.0549500000000003 0.37991500000000006 -0.53649999999999987 -0.69562999999999986 0.52614500000000008 -0.95924499999999979 -0.17346499999999995 0.037265500000000007 0.8627800000000001 0.32603000000000004 -0.37185499999999999 -0.89089999999999991 0.34615500000000005 -1.0122499999999997 -0.51738499999999987 -0.43460999999999994 -0.094929499999999986 0.019609500000000005
decision_type=2 2 2 2 2 2 2 2 2 2 2 2 2 2 2 2 2 2 2 2 2 2 2 2 2 2 2 2 2 2
left_child=19 2 3 4 -2 20 7 8 -5 -10 25 -9 13 15 -15 -13 17 -3 24 -1 21 28 -23 -22 -8 -11 -27 -28 -6 -18
right_child=1 16 -4 6 5 -7 18 11 9 10 -12 12 -14 14 -16 -17 29 -19 -20 -21 23 22 -24 -25 -26 26 27 -29 -30 -31
leaf_value=-0.0017357594087919178 -0.033280425300110668 -0.013090732462298438 -0.027596171608344801 -0.026009436812263184 0.029777348763282887 -0.034678333348278793 -0.039674843660127933 0.027676801249958905 0.025718157012122461 0.010474751985149237 0.022928043624326877 -0.0060670770792130404 0.034380360065223069 0.0081984584193362173 -0.031117623623410202 0.03025120811492802 0.0091963313838550175 0.016765103012755498 0.0044662093785767278 -0.032997252851371908 0.0059542681972745062 -0.019134597606370561 0.016870449230986972 -0.025018741104011658 -0.0049294717935886873 -0.029813229783587122 0.017397160964921426 -0.01418150737257997 0.0021509209022543357 0.038128976704283155
leaf_weight=14.599627465009691 12.779865980148314 13.772161036729814 9.7196013331413251 11.214397728443144 17.2555251121521 10.33262053132057 10.861467570066454 25.586854994297028 18.55531057715416 14.667971938848487 10.639890432357786 9.6252168416976946 10.020457208156584 12.738332748413086 11.660548150539398 13.922922372817991 9.2480766475200671 16.583526074886322 14.889666289091108 12.678384989500044 14.953557670116423 17.55333957076073 10.289420425891874 17.996743559837341 9.6358518004417402 14.541143715381613 9.8467084169387764 18.88745802640917 10.100407570600511 13.456778198480604
leaf_count=30 26 29 20 23 37 21 22 55 40 31 23 20 22 27 24 30 20 36 31 26 31 36 22 37 20 30 21 39 21 30
internal_value=0 0.00116073 -0.000714344 8.08956e-05 -0.00693498 -0.00351615 0.00367324 0.0066523 0.000539457 0.0039562 -0.00193154 0.0138478 0.00774368 0.00217687 -0.0105912 0.0154062 0.0131148 0.00321972 -0.0116406 -0.0162656 0.000136606 0.00676212 -0.00582877 -0.0109625 -0.0233409 -0.0064964 -0.0122487 -0.00336004 0.0195771 0.0263442
internal_weight=0 391.336 338.275 328.556 111.261 98.4816 217.294 181.907 98.3529 87.1385 68.5832 83.5543 57.9675 47.947 24.3989 23.5481 53.0605 30.3557 35.387 27.278 88.149 55.1987 27.8428 32.9503 20.4973 57.9433 43.2753 28.7342 27.3559 22.7049
internal_count=880 824 709 689 231 205 458 385 207 184 144 178 123 101 51 50 115 65 73 56 184 116 58 68 42 121 90 60 58 50
is_linear=0
shrinkage=0.05


Tree=24
num_leaves=31
num_cat=0
split_feature=88 16 102 90 45 89 15 39 23 68 71 33 21 21 87 94 34 17 102 51 0 55 63 94 82 40 69 103 80 6
split_gain=2.86671 2.93743 3.86211 3.32321 3.69853 3.22066 3.08066 3.07336 3.01325 3.65381 3.33776 3.2897 3.41655 4.40062 3.17169 4.73497 3.35607 3.09985 3.10386 3.09972 2.69057 4.68963 2.88951 2.68734 2.57197 2.33696 2.28262 2.33141 2.06066 1.49404
threshold=6.6299500000000009 0.53169500000000014 -3.4787999999999992 -0.43494999999999995 -1.2884499999999999 -1.1435999999999999 1.1472500000000003 -1.9275999999999998 -2.6810499999999995 0.55525500000000017 0.93898500000000007 -2.0705499999999994 1.8396500000000002 0.30131500000000006 -0.44090999999999997 -1.0990999999999997 -0.66587499999999988 -1.4410999999999998 0.52996500000000013 -0.31599999999999995 0.23022000000000001 -0.33500499999999994 0.44695500000000005 -0.70133499999999993 -0.97369499999999987 2.3580500000000004 -1.0000000180025095e-35 0.34221000000000007 1.2704000000000002 0.46445500000000006
decision_type=2 2 2 2 2 2 2 2 2 2 2 2 2 2 2 2 2 2 2 2 2 2 2 2 2 2 2 2 2 2
left_child=1 2 -1 5 -5 6 20 -6 9 -4 11 -10 13 17 24 -16 -17 -13 19 -19 22 -22 -3 -2 -12 -14 27 -9 -7 -28
right_child=23 3 8 4 7 28 -8 26 10 -11 14 12 25 -15 15 16 -18 18 -20 -21 21 -23 -24 -25 -26 -27 29 -29 -30 -31
leaf_value=-0.020438959675179103 -0.0010299734031976012 -0.0030714574452575237 0.042065867942430023 0.029448107166059424 0.021770215614901209 -0.037686015497624917 -0.025195108609611085 -0.0045513489841237931 -0.015683738705989117 0.0023393125148073036 -0.039740034551358328 -0.0046319233089012601 0.036114694338797888 -0.014983299031621775 -0.017795756187716127 -0.0027342167021408782 0.029556137777858406 0.044278989162191112 0.00079930742593383635 0.012494224490704071 -0.031667310524542185 0.014408830256933373 0.031529234784322686 -0.031088385021187839 -0.0031625157926824417 0.0071624297399213279 -0.0087553323313550521 -0.035609518064277014 -0.0078980317628672865 0.018184184179194665
leaf_weight=14.365740269422529 16.068598896265033 12.940741121768953 12.284646749496462 11.776310831308363 11.498457640409468 14.993096292018892 14.032818526029585 14.687033474445341 11.997309923171995 10.944435715675352 9.7573711574077624 18.255392163991928 20.083522379398349 18.434148013591766 18.856673538684845 15.759303033351896 16.442598730325699 15.749163448810574 14.607299417257307 14.953512430191044 12.308669149875643 10.016237378120421 11.305039077997206 13.840739756822584 9.4706317782402021 10.674424052238463 9.9661880433559471 10.265766769647596 9.4748005270957929 10.642553269863127
leaf_count=31 35 27 25 24 24 34 31 31 25 23 21 39 41 39 40 33 34 32 31 31 27 21 23 31 20 22 21 22 20 22
internal_value=0 0.00112757 0.00467281 -0.00423118 0.00393656 -0.0108402 -0.00465858 -0.00132864 0.00632557 0.0233486 0.00429816 0.00920771 0.0118561 0.00652569 -0.00441603 0.00210193 0.0137535 0.0127634 0.0197719 0.0287985 0.00152955 -0.0109949 0.0130617 -0.0149397 -0.021724 0.0260669 -0.00715814 -0.0173289 -0.0261511 0.00515649
internal_weight=0 386.544 232.636 153.908 68.8363 85.0714 60.6035 57.06 218.27 23.2291 195.041 124.755 112.757 81.9995 70.2866 51.0586 32.2019 63.5654 45.31 30.7027 46.5707 22.3249 24.2458 29.9093 19.228 30.7579 45.5615 24.9528 24.4679 20.6087
internal_count=880 814 487 327 144 183 129 120 456 48 408 260 235 172 148 107 67 133 94 63 98 48 50 66 41 63 96 53 54 43
is_linear=0
shrinkage=0.05


Tree=25
num_leaves=31
num_cat=0
split_feature=88 16 102 102 15 102 0 108 81 71 86 9 92 11 86 44 7 7 101 94 88 2 55 55 5 50 101 22 23 15
split_gain=2.86671 2.93743 3.86211 3.06248 3.84751 3.61911 3.12926 3.06191 2.97807 3.38684 6.17948 3.23848 2.98863 2.89907 4.15373 3.62856 2.82716 4.11396 4.24766 2.68734 2.63617 2.7209 2.55302 3.04563 3.86968 2.2784 2.23017 2.02457 2.75911 2.00614
threshold=6.6299500000000009 0.53169500000000014 -3.4787999999999992 1.7910500000000003 -0.65852999999999995 -0.16194499999999998 -0.44743999999999995 4.4274000000000013 -3.2812999999999994 0.52614500000000008 1.8295000000000001 -3.3906999999999994 1.6716000000000002 -0.28537499999999993 -1.7319499999999997 -0.76593499999999992 1.5374000000000001 -0.22968999999999998 -0.70667499999999983 -0.70133499999999993 -0.77237499999999992 1.0334000000000001 0.14095000000000005 -0.95241999999999993 0.46124500000000007 -1.2666999999999999 1.3861000000000001 -1.4341999999999997 -0.14989499999999997 -0.25113999999999997
decision_type=2 2 2 2 2 2 2 2 2 2 2 2 2 2 2 2 2 2 2 2 2 2 2 2 2 2 2 2 2 2
left_child=1 2 -1 4 13 22 -5 8 -4 11 20 -10 16 14 -3 -15 17 18 -13 -2 25 27 23 24 -6 -11 -20 -22 -29 -27
right_child=19 3 7 6 5 -7 -8 -9 9 10 -12 12 -14 15 -16 -17 -18 -19 26 -21 21 -23 -24 -25 -26 29 -28 28 -30 -31
leaf_value=0.020438959675179103 0.0010299734031976012 0.0069844940974472282 0.017761837562937866 -0.030357407572210799 -0.010767374163828723 0.02934651339848951 0.0036407556742696044 0.014061843933995916 -0.042108083889340849 -0.03314975155284846 0.032429169544639404 0.010366676705690914 -0.030269733861644523 0.034047305444599343 -0.031600005408873859 -0.0085583841173784061 -0.025781100804065121 0.01511484192438089 -0.037747664571420064 0.031088385021187839 0.028766405229711467 -0.021450543792457564 0.020198412793625897 -0.024860715677283297 0.033049379285611684 0.0071556747974087136 -0.0074595171906405413 -0.018794932489756676 0.018492252119682154 -0.023290737619424719
leaf_weight=14.365740269422529 16.068598896265033 12.861555010080339 10.590293049812315 11.782778948545458 11.397387534379964 26.657120019197464 15.90303388237953 16.983570575714111 10.295817345380781 13.686584085226057 11.265981733798979 13.125478297471991 19.100640773773193 9.2042112946510333 15.24036720395088 10.933665484189985 17.499603509902954 20.596394360065467 14.216879457235338 13.840739756822584 9.1702941656112653 9.5346805155277234 20.705609828233719 10.189973562955855 9.0320093333721143 11.551011353731155 10.61572217941284 9.6564363539218903 10.203602731227878 10.177442044019699
leaf_count=31 35 27 22 24 24 58 34 36 21 28 24 28 39 20 31 23 36 44 29 31 20 20 45 21 20 24 22 20 22 21
internal_value=0 -0.00112757 -0.00467281 0.00423118 0.0075344 0.0144003 -0.0108285 -0.00632557 -0.00804576 -0.00947898 -0.00206787 -0.0154701 -0.0125879 -0.00356469 -0.0139408 0.010915 -0.00814713 -0.00287704 -0.0126396 0.0149397 -0.00732122 0.00172353 0.00663756 -0.00253263 0.00860438 -0.0171704 -0.0247997 0.00933479 0.000362312 -0.00710519
internal_weight=0 386.544 232.636 153.908 126.222 77.9821 27.6858 218.27 201.287 190.697 85.246 105.451 95.1547 48.2398 28.1019 20.1379 76.0541 58.5545 37.9581 29.9093 73.9801 38.565 51.325 30.6194 20.4294 35.415 24.8326 29.0303 19.86 21.7285
internal_count=880 814 487 327 269 168 58 456 420 398 179 219 198 101 58 43 159 123 79 66 155 82 110 65 44 73 51 62 42 45
is_linear=0
shrinkage=0.05


Tree=26
num_leaves=31
num_cat=0
split_feature=10 98 94 22 17 27 42 17 41 71 40 27 68 39 94 82 82 7 111 34 101 3 49 26 55 100 40 27 82 41
split_gain=2.74101 3.12276 2.68513 2.57418 3.48017 4.56942 3.09323 3.16729 2.82283 4.05896 3.47104 3.73731 2.97719 3.52976 2.84898 2.7935 2.84218 2.96541 2.72913 2.44782 2.40447 2.07992 1.99871 1.95545 1.91401 1.87698 1.87169 2.07427 1.55844 0.956833
threshold=-11.127999999999998 3.1071000000000004 1.3535500000000003 -3.3277999999999994 -1.3346999999999998 -0.29762499999999997 -3.0110999999999994 -0.56188499999999986 0.09711800000000001 2.6742500000000002 1.0957000000000001 0.51898500000000014 0.25130000000000002 -0.49422499999999997 1.0000000180025095e-35 0.75044000000000011 -1.2601499999999997 1.3611500000000003 1.8229000000000002 -0.32890499999999995 -0.43658499999999995 -0.8097899999999999 1.7233500000000002 1.4100000000000004 1.5264500000000003 -0.9952899999999999 0.43134000000000006 0.64952500000000013 0.75044000000000011 1.0541500000000001
decision_type=2 2 2 2 2 2 2 2 2 2 2 2 2 2 2 2 2 2 2 2 2 2 2 2 2 2 2 2 2 2
left_child=19 3 23 -2 5 20 7 -6 10 12 11 15 21 29 -13 16 17 -8 25 -1 -5 -10 -9 -3 -7 -18 27 -15 -23 -14
right_child=1 2 -4 4 6 24 8 22 9 -11 -12 14 13 26 -16 -17 18 -19 -20 -21 -22 28 -24 -25 -26 -27 -28 -29 -30 -31
leaf_value=0.027436673465788704 0.021193601972480484 -0.028020611017015376 0.004205522419334003 -0.0092503239024407657 0.013807628620925503 -0.030184079971955758 -0.026075457257706748 -0.029833946886619674 0.00043124081346972046 0.026689925239760326 0.029269659307883545 0.039282240545275356 0.0090963319550513237 -0.01377634004908352 0.004126604678025462 -0.022959775360578822 0.0050351071452276481 0.010714268688170372 -0.0076246517482818485 -0.0033508732906187681 0.020417740272112593 -0.033428231819628687 -0.0012207236989121067 -0.0027786517148751058 -0.0039122962047856763 0.033388155312635635 -0.01807496750491527 0.017265318318701057 -0.0083533450875868213 0.031396120374124113
leaf_weight=16.44884213805199 14.614351361989973 24.644318342208862 16.526280790567398 14.906316488981249 9.3756436407566053 25.142554700374603 12.144575715065004 17.631557911634449 14.146425455808638 11.698402523994444 19.529609352350235 12.735966295003893 9.602550536394121 9.4702162146568316 10.525573819875715 10.957178950309752 9.4659312367439217 9.977216422557829 10.790056228637694 10.627210080623625 12.603904306888579 15.523201227188112 9.3342298865318281 11.141153186559675 9.5721114277839643 15.226559609174734 17.46035972237587 12.465367943048475 10.313551515340803 9.6388376355171186
leaf_count=34 30 56 35 32 20 57 26 38 30 24 40 26 20 20 22 24 20 21 23 22 26 34 20 24 20 31 37 26 22 20
internal_value=0 -0.00110277 -0.0124638 0.000672089 -0.000264429 -0.0108783 0.00229531 -0.0112257 0.00451198 -0.00115671 0.010128 0.00605686 -0.00445989 0.00271377 0.0233747 0.000181255 0.00458301 -0.00948281 0.0133524 0.0153527 0.0043422 -0.0149804 -0.0199295 -0.020162 -0.02294 0.0225189 -0.00585953 0.00386375 -0.0234188 0.0202673
internal_weight=0 387.164 52.3118 334.852 320.238 62.2249 258.013 36.3414 221.672 110.319 111.353 91.8231 98.6205 58.6373 23.2615 68.5615 57.6043 22.1218 35.4825 27.0761 27.5102 39.9832 26.9658 35.7855 34.7147 24.6925 39.3959 21.9356 25.8368 19.2414
internal_count=880 824 115 709 679 135 544 78 466 233 233 193 209 123 48 145 121 47 74 56 58 86 58 80 77 51 83 46 56 40
is_linear=0
shrinkage=0.05


Tree=27
num_leaves=31
num_cat=0
split_feature=10 98 94 22 17 27 42 17 41 71 40 27 88 88 68 29 94 40 113 103 106 34 34 100 92 49 26 55 69 97
split_gain=2.74101 3.12276 2.68513 2.57418 3.48017 4.56942 3.09323 3.16729 2.82283 4.05896 3.47104 3.73731 3.16795 3.34598 2.97719 2.92833 2.84898 2.84202 3.60938 2.62297 2.53008 2.44782 2.2229 2.05653 2.01862 1.99871 1.95545 1.91401 1.44509 1.02936
threshold=-11.127999999999998 3.1071000000000004 1.3535500000000003 -3.3277999999999994 -1.3346999999999998 -0.29762499999999997 -3.0110999999999994 -0.56188499999999986 0.09711800000000001 2.6742500000000002 1.0957000000000001 0.51898500000000014 0.5130300000000001 -1.3714499999999996 0.25130000000000002 -2.2146499999999993 1.0000000180025095e-35 0.43134000000000006 1.0000000180025095e-35 1.4531000000000003 -1.1105999999999998 -0.32890499999999995 -1.2566499999999998 0.036144500000000003 1.9235000000000002 1.7233500000000002 1.4100000000000004 1.5264500000000003 -0.17682999999999996 -0.31016999999999995
decision_type=2 2 2 2 2 2 2 2 2 2 2 2 2 2 2 2 2 2 2 2 2 2 2 2 2 2 2 2 2 2
left_child=21 3 26 -2 5 22 7 -6 10 14 11 12 13 15 24 -8 -13 18 19 -16 -15 -1 -5 -19 28 -9 -3 -7 29 -10
right_child=1 2 -4 4 6 27 8 25 9 -11 -12 16 -14 20 17 -17 -18 23 -20 -21 -22 -23 -24 -25 -26 -27 -28 -29 -30 -31
leaf_value=-0.027436673465788704 -0.021193601972480484 0.028020611017015376 -0.004205522419334003 0.011502579488714186 -0.013807628620925503 0.030184079971955758 -0.011898742538406207 0.029833946886619674 0.038395314223780258 -0.026689925239760326 -0.029269659307883545 -0.039282240545275356 0.023818966224096474 -0.00048137670433820386 -0.037681772681152748 0.02330420866631483 -0.004126604678025462 -0.0054308380814712355 0.0095273401895246187 -0.0042508916552590403 -0.028403511537093848 0.0033508732906187681 -0.017091284266004977 0.025818478907735851 -0.0050533681222365325 0.0012207236989121067 0.0027786517148751058 0.0039122962047856763 0.0048598536201454219 0.016180917331111936
leaf_weight=16.44884213805199 14.614351361989973 24.644318342208862 16.526280790567398 12.265918940305712 9.3756436407566053 25.142554700374603 9.9608162641525286 17.631557911634449 11.723058491945268 11.698402523994444 19.529609352350235 12.735966295003893 11.452759206295012 15.106750696897501 13.168027579784395 14.517282247543333 10.525573819875715 9.5156225264072436 13.584933131933211 10.582569628953932 17.523909747600559 10.627210080623625 15.244301855564116 11.786179184913633 9.5656563341617566 9.3342298865318281 11.141153186559675 9.5721114277839643 9.3012452423572558 9.393218129873274
leaf_count=34 30 56 35 26 20 57 21 38 26 24 40 26 25 32 27 31 22 20 29 22 36 22 32 25 20 20 24 20 20 20
internal_value=0 0.00110277 0.0124638 -0.000672089 0.000264429 0.0108783 -0.00229531 0.0112257 -0.00451198 0.00115671 -0.010128 -0.00605686 -0.000181255 -0.00499433 0.00445989 0.00897915 -0.0233747 -0.00271377 -0.0110284 -0.022786 -0.0154766 -0.0153527 -0.0043422 0.0118593 0.0149804 0.0199295 0.020162 0.02294 0.0212806 0.0285136
internal_weight=0 387.164 52.3118 334.852 320.238 62.2249 258.013 36.3414 221.672 110.319 111.353 91.8231 68.5615 57.1088 98.6205 24.4781 23.2615 58.6373 37.3355 23.7506 32.6307 27.0761 27.5102 21.3018 39.9832 26.9658 35.7855 34.7147 30.4175 21.1163
internal_count=880 824 115 709 679 135 544 78 466 233 233 193 145 120 209 52 48 123 78 49 68 56 58 45 86 58 80 77 66 46
is_linear=0
shrinkage=0.05


Tree=28
num_leaves=31
num_cat=0
split_feature=72 45 12 35 55 44 99 82 62 87 55 102 23 64 71 33 72 19 86 115 55 100 81 94 79 87 34 87 18 0
split_gain=2.59406 3.13514 4.95287 3.14299 2.95178 3.05522 4.31845 3.02017 2.89942 2.63603 3.53761 2.63482 3.57507 2.65067 4.47747 3.32955 3.44587 3.47659 3.48747 3.39675 2.34562 2.04405 2.22141 1.8115 1.74989 1.64929 1.64175 1.46979 1.15721 1.12708
threshold=0.87977000000000005 3.0226500000000005 1.1386000000000003 -1.4860999999999998 2.4623000000000004 3.1558000000000006 -0.78746999999999989 0.75044000000000011 0.52735500000000013 -1.7235499999999997 1.7210000000000003 -3.1509499999999995 -1.6720499999999998 1.7781500000000003 -0.40514999999999995 2.0321500000000001 -1.1552499999999999 -1.3653499999999998 -1.5993999999999999 1.0000000180025095e-35 1.0750000000000002 -0.83699999999999986 -0.43326999999999993 -0.024584999999999999 0.66702000000000006 -2.3885499999999995 -0.11472999999999998 -0.26742999999999995 -0.91710999999999987 0.13843500000000003
decision_type=2 2 2 2 2 2 2 2 2 2 2 2 2 2 2 2 2 2 2 2 2 2 2 2 2 2 2 2 2 2
left_child=4 2 3 -2 5 9 27 8 -6 20 11 -11 21 15 -15 16 17 26 -19 -18 24 -13 -23 -12 25 -1 -14 -7 -26 -17
right_child=1 -3 -4 -5 7 6 -8 -9 -10 10 23 12 13 14 -16 29 19 18 -20 -21 -22 22 -24 -25 28 -27 -28 -29 -30 -31
leaf_value=-0.013810066088461978 0.00088227944599013211 -0.031282854752467733 0.018860191595261654 -0.028727055440040835 0.0074422501236782491 -0.010851828136747779 0.010332331451293565 -0.0087650417969773516 0.038510439654111994 -0.0153821448164571 -0.0012772718570976396 0.036207926097342712 -0.0078432963759700377 0.01427112941842407 -0.026019672206640455 0.03823441081411192 0.028214198519546624 -0.014290027254385572 0.020677616537855249 -0.0049146967683545159 0.011443775230702811 -0.0061831926589399804 0.025869565959865615 -0.031245355308541414 -0.010693934315329008 0.0121089962194692 -0.034916797702182527 -0.034843077221565842 -0.034746901148594425 0.015474027536049021
leaf_weight=16.389728724956512 17.606943637132645 12.870048016309736 16.575525254011154 18.254412174224854 15.575957834720613 11.028586536645889 13.202297627925871 10.464291483163832 14.501035898923872 12.558404982089995 10.811364889144899 15.148397594690321 14.070323228836061 11.917534500360491 16.362884730100632 9.7036128938198107 21.48738420009613 11.656661272048952 18.363594204187393 12.091170400381086 12.956133782863615 9.3334475755691528 12.844542920589447 9.4506747126579267 9.2440574765205401 9.8119986951351184 9.3012628555297834 15.158466756343842 10.893006682395933 12.376773357391356
leaf_count=35 38 29 35 41 32 24 28 23 30 27 23 31 30 25 36 20 45 25 38 26 27 20 27 20 20 21 20 34 24 26
internal_value=0 -0.00916986 -0.00374247 -0.0141897 0.00169328 1.44534e-05 -0.0129842 0.0143716 0.0224212 0.00193371 0.00459075 0.00673862 0.00832917 0.00459974 -0.00904089 0.00813721 0.00373504 -0.00415769 0.00709992 0.0162849 -0.00736347 0.0220505 0.0123804 -0.0152551 -0.0126219 -0.00410392 -0.0186178 -0.0247392 -0.0237052 0.0254765
internal_weight=0 65.3069 52.4369 35.8614 346.704 306.162 39.3894 40.5413 30.077 266.773 207.478 187.216 174.658 137.331 28.2804 109.051 86.9704 53.3918 30.0203 33.5786 59.2949 37.3264 22.178 20.262 46.3388 26.2017 23.3716 26.1871 20.1371 22.0804
internal_count=880 143 114 79 737 652 86 85 62 566 439 396 369 291 61 230 184 113 63 71 127 78 47 43 100 56 50 58 44 46
is_linear=0
shrinkage=0.05


Tree=29
num_leaves=31
num_cat=0
split_feature=72 55 44 99 82 35 88 53 5 4 94 60 7 5 76 16 46 24 110 97 97 20 35 44 8 37 66 55 78 59
split_gain=2.59406 2.95178 3.05522 4.31845 3.02017 2.79102 4.52696 2.6879 2.85373 3.91992 2.71478 2.48164 2.47056 3.90549 2.85088 3.5462 2.42932 2.32816 2.27375 4.06533 2.10305 2.05726 1.90087 1.89492 1.91187 1.8891 2.65179 1.88231 1.85131 1.69098
threshold=0.87977000000000005 2.4623000000000004 3.1558000000000006 -0.78746999999999989 0.75044000000000011 -1.5060499999999999 1.8595000000000004 -1.9538999999999997 0.11242000000000001 -0.26358999999999994 2.1240000000000006 0.17387500000000003 -0.61285499999999993 1.5073500000000002 0.20178000000000004 -1.5854999999999999 -1.0827499999999997 -1.3135499999999998 -1.9322999999999999 -0.95650999999999986 -1.5150999999999997 2.5454500000000002 -1.0949499999999996 0.45522000000000001 -1.2638999999999998 -1.0594999999999997 3.6182500000000002 0.49212000000000006 1.0730000000000002 0.30218000000000006
decision_type=2 2 2 2 2 2 2 2 2 2 2 2 2 2 2 2 2 2 2 2 2 2 2 2 2 2 2 2 2 2
left_child=1 2 7 -4 11 6 -2 -1 9 10 18 -3 -10 17 15 -15 -17 28 -9 20 -20 22 -16 24 -11 -7 -27 -19 -14 -21
right_child=5 4 3 -5 -6 25 -8 8 12 23 -12 -13 13 14 21 16 -18 27 19 29 -22 -23 -24 -25 -26 26 -28 -29 -30 -31
leaf_value=0.020297377768958676 -0.018819408230395504 -0.0076452502159430284 0.024739246000319848 -0.010332331451293565 0.0087650417969773516 0.037363488253726471 0.019156963718994849 0.011057928690937337 -0.018021697971976273 -0.031633480615258468 0.014536205627618957 -0.036381324741388582 0.016472948247815009 -0.017898189084133369 -0.0079823476831383244 0.001352776769209656 0.029632715700659978 0.033957399725910144 -0.010148945071513482 -0.010478968248391873 0.022343117027189843 0.0043321266525798985 -0.038519077641920078 -0.039888583753029061 -0.0024340717212112057 0.025991018663379439 -0.0078435456191848999 0.0062361785216785556 -0.013434759868189823 -0.03280286714888269
leaf_weight=12.937281399965284 17.201981276273731 14.611579388380052 26.187053292989731 13.202297627925871 10.464291483163832 10.035655230283735 14.430095821619032 13.226736247539518 13.932355105876921 9.7201151549816132 17.590383946895599 15.465414345264433 11.14184218645096 11.977387368679041 9.7769885957241076 16.730970293283459 13.905409514904031 18.4110581278801 10.095406055450441 15.700186163187025 9.8284427225589734 9.4338973462581617 10.644738614559175 11.186109572649 13.244634807109833 13.495011806488039 10.144184947013853 9.1753897070884687 9.660895496606825 18.452731251716614
leaf_count=28 36 30 58 28 23 23 32 28 29 20 37 32 24 25 21 36 31 41 21 33 21 20 22 23 28 30 22 20 20 38
internal_value=0 -0.00169328 -1.44534e-05 0.0129842 -0.0143716 0.00916986 -0.00149514 -0.00193371 -0.00306677 -0.00870802 -0.00295341 -0.0224212 0.00191547 0.00421379 -0.00313077 0.00517004 0.0141886 0.0152133 -0.00752448 -0.0120696 0.0058794 -0.0149788 -0.0238995 -0.0230131 -0.0147931 0.0191879 0.0114717 0.0247372 0.00258366 -0.0225405
internal_weight=0 346.704 306.162 39.3894 40.5413 65.3069 31.6321 266.773 253.836 119.045 84.8939 30.077 134.791 120.859 72.4694 42.6138 30.6364 48.3892 67.3035 54.0768 19.9238 29.8556 20.4217 34.1509 22.9647 33.6749 23.6392 27.5864 20.8027 34.1529
internal_count=880 737 652 86 85 143 68 566 538 249 178 62 289 260 155 92 67 105 141 113 42 63 43 71 48 75 52 61 44 71
is_linear=0
shrinkage=0.05


Tree=30
num_leaves=31
num_cat=0
split_feature=10 98 4 94 3 55 86 63 36 64 38 26 103 112 9 60 88 42 41 91 58 21 59 60 109 92 60 1 108 89
split_gain=2.45626 2.72612 2.45926 2.4079 2.39238 2.38483 3.03848 2.80402 5.80099 4.30652 4.50992 3.17617 3.15341 2.73926 2.64966 2.60546 2.41354 3.03479 2.3367 2.99511 2.26659 3.41081 2.61177 2.10027 2.0667 2.70384 2.00834 1.91975 1.86 1.84
threshold=-11.127999999999998 3.1071000000000004 4.723650000000001 1.3535500000000003 0.037265500000000007 -1.7897499999999997 1.5095000000000003 0.11967000000000001 -0.64290499999999995 -0.76365999999999989 -0.059476499999999995 -2.1870999999999996 0.19959000000000002 -1.2217999999999998 0.73842500000000011 -1.1499999999999997 0.5937150000000001 -1.4170999999999998 -0.23713499999999996 -0.94734499999999988 -3.2090499999999995 -1.3173999999999999 -0.73049999999999982 -0.78415499999999994 0.074933000000000013 -0.33358999999999994 0.30880500000000005 -0.13645499999999997 -1.1234999999999997 -1.5034999999999996
decision_type=2 2 2 2 2 2 2 2 2 2 2 2 2 2 2 2 2 2 2 2 2 2 2 2 2 2 2 2 2 2
left_child=4 2 5 27 -1 6 20 9 16 10 29 -10 18 23 -14 -15 17 -9 19 -13 -2 -22 -23 -12 25 -11 -24 -3 -4 -7
right_child=1 3 28 -5 -6 7 -8 8 11 24 13 12 14 15 -16 -17 -18 -19 -20 -21 21 22 26 -25 -26 -27 -28 -29 -30 -31
leaf_value=0.00079166713759392651 0.034860671407606535 -0.0054573179507452739 0.0025400869278857769 0.0040208902174361932 0.030703560521166809 -0.033668818010650803 -0.017574295128896175 0.0055303029382612959 -0.02354206856434797 0.0068594920839752695 0.011879418554577888 0.00095424826716543072 -0.029332553605474494 0.002706583726278659 0.0041459676255376568 0.036791091305903821 -0.008029161549737979 0.032640049796109682 -0.0053200142383866729 0.040504631726128323 -0.014400457512475871 -0.0025716181042188908 0.041542503223354406 -0.021623514649191895 -0.036914184663880932 -0.032111480864070639 0.010222376813478085 -0.029150622928951077 0.032472287646836233 -0.0082888712607878338
leaf_weight=14.507935702800753 9.5542348921298963 14.780828833580015 10.548845648765566 16.459338903427124 12.39660009741783 8.9723478555679304 9.7399041354656202 18.593475997447968 19.700324386358261 9.2317675948143005 9.504933178424837 9.4390411674976331 13.120936572551729 10.303880184888841 10.754235476255415 12.299271076917647 8.9489267468452436 23.209372252225876 15.04350572824478 9.7123288512229937 12.275981187820433 11.436361372470847 11.192578732967386 9.2112219929695112 15.450412541627882 8.5942663252353668 9.4312528073787671 20.278860867023468 10.216817200183867 34.99241304397583
leaf_count=30 20 32 22 35 26 20 21 39 43 20 20 20 29 22 23 25 20 48 32 20 27 24 23 20 34 20 20 48 21 76
internal_value=0 -0.00105523 0.000607799 -0.0117553 0.0145739 -0.000505566 0.00812636 -0.00272852 0.00238737 -0.00827424 -0.00232177 -0.00619388 -0.00030849 0.00953854 -0.0142526 0.0212533 0.015537 0.0205819 0.00942743 0.0210116 0.0127714 0.00801124 0.0165928 -0.00460917 -0.0235298 -0.0119291 0.0272198 -0.0191618 0.0172669 -0.0134684
internal_weight=0 382.998 331.479 51.519 26.9045 310.713 63.6303 247.083 128.522 118.561 85.2841 77.7704 58.07 41.3193 23.8752 22.6032 50.7518 41.8028 34.1949 19.1514 53.8904 44.3362 32.0602 18.7162 33.2764 17.826 20.6238 35.0597 20.7657 43.9648
internal_count=880 824 709 115 56 666 135 531 274 257 183 167 124 87 52 47 107 87 72 40 114 94 67 40 74 40 43 80 43 96
is_linear=0
shrinkage=0.05


Tree=31
num_leaves=31
num_cat=0
split_feature=10 22 3 17 27 104 85 71 43 107 16 100 7 74 54 53 103 51 27 10 86 3 55 62 3 21 15 95 36 76
split_gain=2.45626 2.64669 2.39238 2.18847 4.16882 2.88219 3.07193 2.59844 2.42821 2.39127 2.35547 3.07438 3.02142 2.54348 2.39234 2.60411 4.13077 3.68519 3.34644 2.4773 2.26134 2.09872 2.64517 3.23433 2.35673 2.08236 1.91766 1.64012 1.50809 1.46817
threshold=-11.127999999999998 -3.3277999999999994 0.037265500000000007 -1.3346999999999998 -0.29762499999999997 2.6502500000000002 -0.73409999999999986 0.16359000000000004 0.52908500000000014 -1.2435999999999998 1.0000000180025095e-35 3.8080500000000002 -2.1795499999999994 -3.3066499999999999 -2.2018499999999999 0.96626000000000001 -1.4412499999999997 -0.013255249999999998 0.16662500000000002 -1.3148499999999996 -0.37354999999999994 1.7698500000000001 1.3969000000000003 0.83892500000000003 -0.04273649999999999 -1.5953999999999999 -0.6448799999999999 0.22606000000000001 0.94849500000000009 -0.72318499999999986
decision_type=2 2 2 2 2 2 2 2 2 2 2 2 2 2 2 2 2 2 2 2 2 2 2 2 2 2 2 2 2 2
left_child=2 -2 -1 4 9 10 -7 8 -8 -3 11 12 20 -14 -12 17 -17 26 -19 -18 -5 22 23 24 -15 27 29 -6 -21 -16
right_child=1 3 -4 5 25 6 7 -9 -10 -11 14 -13 13 21 15 16 19 18 -20 28 -22 -23 -24 -25 -26 -27 -28 -29 -30 -31
leaf_value=-0.00079166713759392651 -0.019886615715632588 0.0095859247616107302 -0.030703560521166809 0.019458350649950808 -0.0047381417867301025 -0.0078897778680528472 0.022420395529660422 0.033748147896349695 -0.011102166417993576 -0.018705802625850813 -0.01725262546650469 0.014038902998345315 0.0082903273844679437 -0.026205599932066462 0.021813381099148127 -0.030051117667927719 -0.012963617881242399 0.011612523654437377 -0.024986550272400196 0.0018117716412325521 -0.012400982555604581 -0.033351576108528354 -0.032609138978045855 0.011680955994653016 0.0040115191313368926 0.034464116518991707 0.028768312251380618 0.024632337279979433 0.0300727468411718 -0.006274744410574633
leaf_weight=14.507935702800753 14.51553240418434 16.014193773269657 12.39660009741783 13.314562380313875 9.2726644873619097 15.800950050354002 11.866063326597216 15.893266737461088 9.9163267612457258 13.99654909968376 13.469300508499144 15.141988933086393 10.867790430784224 20.693569153547283 9.2073972523212451 11.657618105411528 11.909944593906404 14.548065274953844 10.94426593184471 9.3007771372795123 9.5751611590385419 16.481384545564651 13.446636676788328 14.937543720006941 9.3765745759010368 16.824349462985992 25.282770156860355 9.752568840980528 9.5857934951782209 9.4040565788745827
leaf_count=30 30 35 26 29 20 34 27 37 21 29 28 32 23 43 20 24 25 32 23 20 20 34 28 32 20 39 56 22 21 20
internal_value=0 0.00105523 -0.0145739 0.00188019 0.01014 8.25862e-05 0.0106149 0.0183757 0.00715941 -0.0036089 -0.00217808 -0.00706858 -0.0100091 -0.0143147 0.00265486 0.00505237 -0.00470151 0.0110203 -0.00410004 0.00489426 0.00613105 -0.0175931 -0.01315 -0.00733626 -0.0167832 0.0216496 0.0198017 0.0103175 0.0161555 0.00762092
internal_weight=0 382.998 26.9045 368.482 65.8603 302.622 53.4766 37.6757 21.7824 30.0107 249.145 123.835 108.693 85.8035 125.31 111.841 42.4541 69.3866 25.4923 30.7965 22.8897 74.9357 58.4543 45.0077 30.0701 35.8496 43.8942 19.0252 18.8866 18.6115
internal_count=880 824 56 794 145 649 119 85 48 64 530 261 229 180 269 241 90 151 55 66 49 157 123 95 63 81 96 42 41 40
is_linear=0
shrinkage=0.05


end of trees

feature_importances:
recent_25_correlation_stddev_best_ratio=43
top_20%_correlation_stddev_median_ratio=25
recent_15%_loss_best_percentile25_ratio=21
top_20%_loss_skew=21
top_10%_correlation_kurtosis=20
top_20%_correlation_stddev_best_ratio=20
all_loss_stddev_median_ratio=19
recent_15%_loss_best_percentile75_ratio=19
recent_15%_correlation_best_percentile75_ratio=18
top_30%_correlation_best_percentile50_ratio=18
all_correlation_kurtosis=17
all_loss_best_percentile75_ratio=17
recent_10_correlation_stddev_best_ratio=17
top_10%_correlation_stddev_best_ratio=17
top_30%_correlation_skew=17
recent_10_correlation_best_percentile25_ratio=16
all_loss_kurtosis=15
recent_10_correlation_skew=14
recent_10_loss_best_percentile75_ratio=14
recent_15%_correlation_best_percentile50_ratio=14
top_20%_loss_kurtosis=14
top_30%_correlation_percentile5_percentile25_ratio=14
recent_10_correlation_percentile5_percentile25_ratio=13
recent_15%_loss_best_percentile50_ratio=13
recent_25_loss_stddev_best_ratio=13
top_20%_correlation_skew=13
recent_15%_loss_percentile5_percentile25_ratio=12
log10_cardinality=11
recent_10_loss_best_percentile50_ratio=11
recent_15%_correlation_stddev_best_ratio=11
recent_25_loss_skew=11
top_20%_loss_best_percentile25_ratio=11
all_correlation_best_percentile25_ratio=10
all_correlation_stddev_best_ratio=10
all_correlation_stddev_median_ratio=10
recent_10_correlation_kurtosis=10
recent_10_loss_percentile5_percentile25_ratio=10
recent_15%_correlation_stddev_median_ratio=10
top_20%_correlation_best_percentile50_ratio=10
all_correlation_best_percentile50_ratio=9
all_correlation_skew=9
recent_10_correlation_stddev_median_ratio=9
recent_15%_correlation_kurtosis=9
recent_25_correlation_best_percentile75_ratio=9
recent_25_loss_stddev_median_ratio=9
top_10%_loss_kurtosis=9
top_10%_loss_skew=9
top_30%_correlation_best_percentile25_ratio=9
top_30%_correlation_kurtosis=9
top_30%_correlation_stddev_best_ratio=9
all_correlation_percentile5_percentile25_ratio=8
recent_15%_correlation_skew=8
recent_25_loss_kurtosis=8
recent_25_loss_percentile5_percentile25_ratio=8
top_30%_loss_kurtosis=8
recent_10_loss_kurtosis=7
recent_10_loss_skew=7
recent_15%_correlation_best_percentile25_ratio=7
top_20%_correlation_best_percentile25_ratio=7
top_20%_correlation_percentile5_percentile25_ratio=7
top_30%_correlation_stddev_median_ratio=7
recent_15%_correlation_percentile5_percentile25_ratio=6
recent_15%_loss_kurtosis=6
recent_25_loss_best_percentile75_ratio=6
top_20%_loss_best_percentile50_ratio=6
top_30%_correlation_best_percentile75_ratio=6
all_loss_best_percentile50_ratio=5
all_loss_skew=5
recent_10_correlation_best_percentile50_ratio=5
recent_15%_loss_skew=5
recent_15%_loss_stddev_best_ratio=5
recent_25_correlation_best_percentile25_ratio=5
top_10%_correlation_percentile5_percentile25_ratio=5
top_10%_correlation_skew=5
top_10%_correlation_stddev_median_ratio=5
top_20%_correlation_kurtosis=5
top_20%_loss_percentile5_percentile25_ratio=5
top_30%_loss_best_percentile50_ratio=5
all_correlation_best_percentile75_ratio=4
recent_25_correlation_kurtosis=4
recent_25_correlation_percentile5_percentile25_ratio=4
recent_25_correlation_stddev_median_ratio=4
top_10%_loss_best_percentile50_ratio=4
top_10%_loss_stddev_best_ratio=4
top_10%_loss_stddev_median_ratio=4
top_30%_loss_stddev_median_ratio=4
recent_10_correlation_best_percentile75_ratio=3
recent_10_loss_stddev_median_ratio=3
recent_15%_loss_stddev_median_ratio=3
recent_25_correlation_best_percentile50_ratio=3
recent_25_correlation_skew=3
recent_25_loss_best_percentile25_ratio=3
recent_25_loss_best_percentile50_ratio=3
top_10%_correlation_best_percentile25_ratio=3
top_20%_loss_best_percentile75_ratio=3
top_30%_loss_best_percentile75_ratio=3
resultFilteringMode_age=3
all_loss_best_percentile25_ratio=2
all_loss_percentile5_percentile25_ratio=2
recent_10_loss_best_percentile25_ratio=2
top_20%_loss_stddev_best_ratio=2
top_30%_loss_best_percentile25_ratio=2
top_30%_loss_percentile5_percentile25_ratio=2
top_30%_loss_skew=2
top_30%_loss_stddev_best_ratio=2
resultFilteringMode_none=2
all_loss_stddev_best_ratio=1
recent_10_loss_stddev_best_ratio=1
top_10%_correlation_best_percentile50_ratio=1
top_10%_loss_best_percentile25_ratio=1
top_10%_loss_best_percentile75_ratio=1
top_10%_loss_percentile5_percentile25_ratio=1
top_20%_loss_stddev_median_ratio=1

parameters:
[boosting: gbdt]
[objective: multiclass]
[metric: multi_error]
[tree_learner: serial]
[device_type: cpu]
[data_sample_strategy: bagging]
[data: ]
[valid: ]
[num_iterations: 100]
[learning_rate: 0.05]
[num_leaves: 31]
[num_threads: 0]
[seed: 0]
[deterministic: 0]
[force_col_wise: 0]
[force_row_wise: 0]
[histogram_pool_size: -1]
[max_depth: -1]
[min_data_in_leaf: 20]
[min_sum_hessian_in_leaf: 0.001]
[bagging_fraction: 1]
[pos_bagging_fraction: 1]
[neg_bagging_fraction: 1]
[bagging_freq: 0]
[bagging_seed: 3]
[feature_fraction: 0.85]
[feature_fraction_bynode: 1]
[feature_fraction_seed: 2]
[extra_trees: 0]
[extra_seed: 6]
[early_stopping_round: 5]
[early_stopping_min_delta: 0]
[first_metric_only: 0]
[max_delta_step: 0]
[lambda_l1: 0]
[lambda_l2: 0]
[linear_lambda: 0]
[min_gain_to_split: 0]
[drop_rate: 0.1]
[max_drop: 50]
[skip_drop: 0.5]
[xgboost_dart_mode: 0]
[uniform_drop: 0]
[drop_seed: 4]
[top_rate: 0.2]
[other_rate: 0.1]
[min_data_per_group: 100]
[max_cat_threshold: 32]
[cat_l2: 10]
[cat_smooth: 10]
[max_cat_to_onehot: 4]
[top_k: 20]
[monotone_constraints: ]
[monotone_constraints_method: basic]
[monotone_penalty: 0]
[feature_contri: ]
[forcedsplits_filename: ]
[refit_decay_rate: 0.9]
[cegb_tradeoff: 1]
[cegb_penalty_split: 0]
[cegb_penalty_feature_lazy: ]
[cegb_penalty_feature_coupled: ]
[path_smooth: 0]
[interaction_constraints: ]
[verbosity: -1]
[saved_feature_importance_type: 0]
[use_quantized_grad: 0]
[num_grad_quant_bins: 4]
[quant_train_renew_leaf: 0]
[stochastic_rounding: 1]
[linear_tree: 0]
[max_bin: 255]
[max_bin_by_feature: ]
[min_data_in_bin: 3]
[bin_construct_sample_cnt: 200000]
[data_random_seed: 1]
[is_enable_sparse: 1]
[enable_bundle: 1]
[use_missing: 1]
[zero_as_missing: 0]
[feature_pre_filter: 1]
[pre_partition: 0]
[two_round: 0]
[header: 0]
[label_column: ]
[weight_column: ]
[group_column: ]
[ignore_column: ]
[categorical_feature: ]
[forcedbins_filename: ]
[precise_float_parser: 0]
[parser_config_file: ]
[objective_seed: 5]
[num_class: 2]
[is_unbalance: 0]
[scale_pos_weight: 1]
[sigmoid: 1]
[boost_from_average: 1]
[reg_sqrt: 0]
[alpha: 0.9]
[fair_c: 1]
[poisson_max_delta_step: 0.7]
[tweedie_variance_power: 1.5]
[lambdarank_truncation_level: 30]
[lambdarank_norm: 1]
[label_gain: ]
[lambdarank_position_bias_regularization: 0]
[eval_at: ]
[multi_error_top_k: 1]
[auc_mu_weights: ]
[num_machines: 1]
[local_listen_port: 12400]
[time_out: 120]
[machine_list_filename: ]
[machines: ]
[gpu_platform_id: -1]
[gpu_device_id: -1]
[gpu_use_dp: 0]
[num_gpu: 1]

end of parameters

pandas_categorical:null
