{"all_correlation_best_percentile25_ratio": {"scales": [0.13308557938141044], "means": [1.3489185972982674], "variances": [0.0177117714392857]}, "all_correlation_best_percentile50_ratio": {"scales": [0.35880196589819857], "means": [1.951628646179613], "variances": [0.12873885073241206]}, "all_correlation_best_percentile75_ratio": {"scales": [0.9337932951172778], "means": [3.4988552865480473], "variances": [0.8719699180059834]}, "all_correlation_kurtosis": {"scales": [0.23647470102871246], "means": [-0.9994599162856292], "variances": [0.05592028422661894]}, "all_correlation_percentile5_percentile25_ratio": {"scales": [0.10060713340973701], "means": [1.2694826352980433], "variances": [0.010121795292924621]}, "all_correlation_skew": {"scales": [0.26305056320792597], "means": [0.12205597939884424], "variances": [0.06919559880400705]}, "all_correlation_stddev_best_ratio": {"scales": [0.021772060094893606], "means": [0.294053426834062], "variances": [0.00047402260077565855]}, "all_correlation_stddev_median_ratio": {"scales": [0.12015979972512755], "means": [0.5730692411033504], "variances": [0.014438377469982765]}, "all_loss_best_percentile25_ratio": {"scales": [0.03491197974188431], "means": [0.8277387841786966], "variances": [0.0012188463294977403]}, "all_loss_best_percentile50_ratio": {"scales": [0.05082569236128394], "means": [0.7073524712490358], "variances": [0.0025832510040038766]}, "all_loss_best_percentile75_ratio": {"scales": [0.05886725423763633], "means": [0.5303471778185859], "variances": [0.0034653536214785123]}, "all_loss_kurtosis": {"scales": [3.584571434363177], "means": [7.631223758822649], "variances": [12.849152368052483]}, "all_loss_percentile5_percentile25_ratio": {"scales": [0.02588986858274087], "means": [0.8867361867603367], "variances": [0.0006702852952315927]}, "all_loss_skew": {"scales": [0.562709808941251], "means": [2.704506461347163], "variances": [0.3166423290786992]}, "all_loss_stddev_best_ratio": {"scales": [0.2660667050333213], "means": [1.155129625537725], "variances": [0.07079149152728839]}, "all_loss_stddev_median_ratio": {"scales": [0.21709981385242796], "means": [0.8205829492122237], "variances": [0.047132329174758875]}, "log10_cardinality": {"scales": [1.5748617496472646], "means": [8.051806530914437], "variances": [2.4801895305020434]}, "recent_10_correlation_best_percentile25_ratio": {"scales": [0.33176254018425605], "means": [1.7091043564672153], "variances": [0.11006638306951012]}, "recent_10_correlation_best_percentile50_ratio": {"scales": [0.9678719489056818], "means": [3.011272688180758], "variances": [0.9367761094784829]}, "recent_10_correlation_best_percentile75_ratio": {"scales": [3.2368625770187958], "means": [6.475438893400625], "variances": [10.477279342504758]}, "recent_10_correlation_kurtosis": {"scales": [0.4397387604381236], "means": [-0.8074287662401692], "variances": [0.19337017743165744]}, "recent_10_correlation_percentile5_percentile25_ratio": {"scales": [0.2569093205132551], "means": [1.5584567355029026], "variances": [0.06600239896658243]}, "recent_10_correlation_skew": {"scales": [0.3073698846700686], "means": [0.6232542757276504], "variances": [0.09447624600209126]}, "recent_10_correlation_stddev_best_ratio": {"scales": [0.023456532446712385], "means": [0.3427107201866901], "variances": [0.0005502089144236708]}, "recent_10_correlation_stddev_median_ratio": {"scales": [0.3698894187628383], "means": [1.038433056859629], "variances": [0.13681818211271038]}, "recent_10_loss_best_percentile25_ratio": {"scales": [0.029539859785951812], "means": [0.9254585483195755], "variances": [0.000872603316173693]}, "recent_10_loss_best_percentile50_ratio": {"scales": [0.04641553035856801], "means": [0.857883498370974], "variances": [0.002154401458467149]}, "recent_10_loss_best_percentile75_ratio": {"scales": [0.07721688579785718], "means": [0.7640967663744714], "variances": [0.005962447452319319]}, "recent_10_loss_kurtosis": {"scales": [1.679290335922565], "means": [1.1596833838907397], "variances": [2.8200160323229215]}, "recent_10_loss_percentile5_percentile25_ratio": {"scales": [0.023109613723932682], "means": [0.942350655794985], "variances": [0.0005340542464693778]}, "recent_10_loss_skew": {"scales": [0.6052001522200879], "means": [1.3822415029363522], "variances": [0.3662672242472176]}, "recent_10_loss_stddev_best_ratio": {"scales": [0.4065165859701197], "means": [0.5588545775612451], "variances": [0.16525573466880172]}, "recent_10_loss_stddev_median_ratio": {"scales": [0.3175811035520207], "means": [0.4355711248197789], "variances": [0.1008577573333193]}, "recent_15%_correlation_best_percentile25_ratio": {"scales": [0.30874420328783136], "means": [1.642171306932038], "variances": [0.09532298306383773]}, "recent_15%_correlation_best_percentile50_ratio": {"scales": [0.9815119446973289], "means": [3.0575367804388103], "variances": [0.9633656975835324]}, "recent_15%_correlation_best_percentile75_ratio": {"scales": [2.8547640726079666], "means": [6.311443722726022], "variances": [8.149677910253223]}, "recent_15%_correlation_kurtosis": {"scales": [0.42771004324445533], "means": [-0.8747756396628009], "variances": [0.18293588109217385]}, "recent_15%_correlation_percentile5_percentile25_ratio": {"scales": [0.22765004224474109], "means": [1.5002040617788903], "variances": [0.0518245417340324]}, "recent_15%_correlation_skew": {"scales": [0.31037965412171914], "means": [0.5582975017129623], "variances": [0.096335529692718]}, "recent_15%_correlation_stddev_best_ratio": {"scales": [0.02349273105401421], "means": [0.34247376238131383], "variances": [0.0005519084123762435]}, "recent_15%_correlation_stddev_median_ratio": {"scales": [0.35329433156849094], "means": [1.0416565323475804], "variances": [0.1248168847184268]}, "recent_15%_loss_best_percentile25_ratio": {"scales": [0.02469912821554414], "means": [0.9194481260885975], "variances": [0.0006100469346078885]}, "recent_15%_loss_best_percentile50_ratio": {"scales": [0.038057501673400065], "means": [0.8552084722594343], "variances": [0.0014483734336208486]}, "recent_15%_loss_best_percentile75_ratio": {"scales": [0.06088506475332471], "means": [0.7645581559565647], "variances": [0.0037069911100165434]}, "recent_15%_loss_kurtosis": {"scales": [3.5453808607991513], "means": [3.2201290573974375], "variances": [12.56972544812093]}, "recent_15%_loss_percentile5_percentile25_ratio": {"scales": [0.017740204273373594], "means": [0.9415364033891978], "variances": [0.00031471484766102265]}, "recent_15%_loss_skew": {"scales": [0.8667596612157289], "means": [1.9020025738677133], "variances": [0.7512723103108051]}, "recent_15%_loss_stddev_best_ratio": {"scales": [0.4479999612695921], "means": [0.7290971769404858], "variances": [0.20070396529755602]}, "recent_15%_loss_stddev_median_ratio": {"scales": [0.37202269861899007], "means": [0.591749519201504], "variances": [0.13840088828775593]}, "recent_25_correlation_best_percentile25_ratio": {"scales": [0.27402532230831966], "means": [1.6319409162018996], "variances": [0.07508987726617848]}, "recent_25_correlation_best_percentile50_ratio": {"scales": [0.7524674495703286], "means": [2.701789881770703], "variances": [0.5662072626628751]}, "recent_25_correlation_best_percentile75_ratio": {"scales": [2.226677060502964], "means": [5.374040930854215], "variances": [4.958090731770121]}, "recent_25_correlation_kurtosis": {"scales": [0.37459962740565], "means": [-0.8117211325235206], "variances": [0.14032488085245182]}, "recent_25_correlation_percentile5_percentile25_ratio": {"scales": [0.1978024801842781], "means": [1.4840554915401947], "variances": [0.039125821167051725]}, "recent_25_correlation_skew": {"scales": [0.3019220043947075], "means": [0.5189167417088584], "variances": [0.09115689673771779]}, "recent_25_correlation_stddev_best_ratio": {"scales": [0.022844640199626485], "means": [0.3255736452905791], "variances": [0.0005218775858503905]}, "recent_25_correlation_stddev_median_ratio": {"scales": [0.2742358728125939],