iter	RMSE
0	12.33052928
1	12.27633106
2	12.21470133
3	12.18080296
4	12.14485045
5	12.12090249
6	12.09110812
7	12.04157252
8	12.00241356
9	11.97706331
10	11.93649711
11	11.8988691
12	11.86599273
13	11.80766397
14	11.77235336
15	11.73558996
16	11.70817325
17	11.67671641
18	11.635297
19	11.61183686
20	11.57565863
