{"origStddevs": {"correlation": 0.9879856792885912, "fixed": 0.9879856792885912}, "origMeans": {"correlation": 0.42272727272727273, "fixed": 0.5772727272727273}, "predStddevs": {"correlation": 0.046755265766335555, "fixed": 0.046755265766335555}, "predMeans": {"correlation": 0.42292517674427255, "fixed": 0.5770748232557275}}