{"origStddev": 0.6713493162595376, "origMean": 2.011931818181818, "predStddev": 0.04008519219658221, "predMean": 2.0119318183366057}