{"origStddev": 0.5138354339442278, "origMean": -0.009886363636363638, "predStddev": 0.02425903253392907, "predMean": -0.009886363942552882}