{"origStddev": 0.47743751781782773, "origMean": 1.003225806451613, "predStddev": 0.07122134532119884, "predMean": 1.0066003211600054}