{"origStddev": 0.52460401425427, "origMean": 0.04715909090909091, "predStddev": 0.10838874408049175, "predMean": 0.04715909136974584}