{"origStddev": 0.07694968957635842, "origMean": 0.8016304347826086, "predStddev": 0.023481210572805885, "predMean": 0.8022126856464248}