{"origStddev": 0.3800223351417803, "origMean": 1.5127272727272727, "predStddev": 0.2062011887415276, "predMean": 1.5127272680813841}