{"origStddev": 9.851834581848154, "origMean": 14.863636363636363, "predStddev": 3.4460302620750074, "predMean": 14.863636368170251}