{"origStddev": 3.670081153130876, "origMean": 4.837398373983739, "predStddev": 0.15982516106251596, "predMean": 4.837432937196445}