{"origStddev": 0.177739228034968, "origMean": 0.5090551181102363, "predStddev": 0.00827368367473579, "predMean": 0.5086138696307018}