{"origStddevs": {"random": 0.6881277656057199, "top": 0.6881277656057199}, "origMeans": {"random": 0.30113636363636365, "top": 0.6988636363636364}, "predStddevs": {"random": 0.010953359580698426, "top": 0.010953359580698412}, "predMeans": {"random": 0.30124805588743275, "top": 0.6987519441125672}}