{"origStddev": 1.0034234951217826, "origMean": 2.925925925925926, "predStddev": 0.025123177693209715, "predMean": 2.9245389732993607}