{"origStddev": 1.0651600688263818, "origMean": 2.654166666666667, "predStddev": 0.08505402582009806, "predMean": 2.6492669870065906}