{"origStddev": 0.4574820240067165, "origMean": 1.0080645161290323, "predStddev": 0.012026480567214563, "predMean": 1.0079988043387342}