{"origStddevs": {"age": 0.9797958971132713, "loss_rank": 0.8526282894673387, "none": 1.0376776956261515, "random": 0.8946507698538018}, "origMeans": {"age": 0.2727272727272727, "loss_rank": 0.18409090909090908, "none": 0.3340909090909091, "random": 0.20909090909090908}, "predStddevs": {"age": 0.05790708489826959, "loss_rank": 0.04664097876455755, "none": 0.06027964213639416, "random": 0.05095922393907511}, "predMeans": {"age": 0.27255147669739055, "loss_rank": 0.1843634044491292, "none": 0.33368894862319354, "random": 0.2093961702302867}}