{"all_correlation_best_percentile25_ratio": {"scales": [0.13040397064719988], "means": [1.3523254808244143], "variances": [0.01700519556055577]}, "all_correlation_best_percentile50_ratio": {"scales": [0.31991933755304075], "means": [2.0242453988947835], "variances": [0.10234838254037644]}, "all_correlation_best_percentile75_ratio": {"scales": [0.9751163461677166], "means": [3.6757970289842037], "variances": [0.9508518885634781]}, "all_correlation_kurtosis": {"scales": [0.2564731010587779], "means": [-1.0075116760876632], "variances": [0.0657784515667061]}, "all_correlation_percentile5_percentile25_ratio": {"scales": [0.09603099786044587], "means": [1.2665041629496403], "variances": [0.00922195255007296]}, "all_correlation_skew": {"scales": [0.2327916975058509], "means": [0.15753820440508995], "variances": [0.054191974427655595]}, "all_correlation_stddev_best_ratio": {"scales": [0.019812753230563283], "means": [0.29496666476939726], "variances": [0.0003925451905751958]}, "all_correlation_stddev_median_ratio": {"scales": [0.10932221148659119], "means": [0.6004147736142761], "variances": [0.01195134592431897]}, "all_loss_best_percentile25_ratio": {"scales": [0.04957035579453783], "means": [0.8484802520583888], "variances": [0.00245722017359707]}, "all_loss_best_percentile50_ratio": {"scales": [0.07585195470903412], "means": [0.7244381243337812], "variances": [0.005753519033181363]}, "all_loss_best_percentile75_ratio": {"scales": [0.0954123551919069], "means": [0.523813572168644], "variances": [0.009103517523266604]}, "all_loss_kurtosis": {"scales": [2.4083294138045614], "means": [6.758366408672676], "variances": [5.800050565396222]}, "all_loss_percentile5_percentile25_ratio": {"scales": [0.03352015668137953], "means": [0.9009872426624301], "variances": [0.001123600903944233]}, "all_loss_skew": {"scales": [0.3973687043329856], "means": [2.6771116632232226], "variances": [0.15790188718327575]}, "all_loss_stddev_best_ratio": {"scales": [0.430810011909392], "means": [1.1718525148600076], "variances": [0.18559726636137047]}, "all_loss_stddev_median_ratio": {"scales": [0.24684189184129793], "means": [0.7904083458779134], "variances": [0.06093091956779103]}, "log10_cardinality": {"scales": [1.3705380683714536], "means": [8.209245267502547], "variances": [1.8783745968553556]}, "recent_10_correlation_best_percentile25_ratio": {"scales": [0.3791509496372848], "means": [1.7982255626157368], "variances": [0.14375544261085488]}, "recent_10_correlation_best_percentile50_ratio": {"scales": [1.2242543825343324], "means": [3.3328441024011646], "variances": [1.4987987931545192]}, "recent_10_correlation_best_percentile75_ratio": {"scales": [2.9791317624717233], "means": [6.3319316041203235], "variances": [8.875226058167875]}, "recent_10_correlation_kurtosis": {"scales": [0.4378435363728221], "means": [-0.7427619568742141], "variances": [0.19170696234345877]}, "recent_10_correlation_percentile5_percentile25_ratio": {"scales": [0.2813701823418083], "means": [1.6113032616172942], "variances": [0.07916917951106242]}, "recent_10_correlation_skew": {"scales": [0.30868242339594026], "means": [0.6772858453833575], "variances": [0.09528483851359051]}, "recent_10_correlation_stddev_best_ratio": {"scales": [0.021297758693645703], "means": [0.3443339845965089], "variances": [0.00045359452537276106]}, "recent_10_correlation_stddev_median_ratio": {"scales": [0.43036992511655203], "means": [1.1380901781839674], "variances": [0.1852182724448266]}, "recent_10_loss_best_percentile25_ratio": {"scales": [0.029692402021730888], "means": [0.9350042946034701], "variances": [0.0008816387378200885]}, "recent_10_loss_best_percentile50_ratio": {"scales": [0.05346371036474509], "means": [0.8726208973055922], "variances": [0.0028583683259653515]}, "recent_10_loss_best_percentile75_ratio": {"scales": [0.09402245761999313], "means": [0.7673456307871181], "variances": [0.008840222536903405]}, "recent_10_loss_kurtosis": {"scales": [1.8076193423001579], "means": [1.6896314282873222], "variances": [3.2674876866576557]}, "recent_10_loss_percentile5_percentile25_ratio": {"scales": [0.02327407756031597], "means": [0.9491168202769218], "variances": [0.0005416826862836034]}, "recent_10_loss_skew": {"scales": [0.5951218088254306], "means": [1.606835156165577], "variances": [0.35416996733965245]}, "recent_10_loss_stddev_best_ratio": {"scales": [0.3942088954096122], "means": [0.660952558302881], "variances": [0.15540065322006655]}, "recent_10_loss_stddev_median_ratio": {"scales": [0.3221233851408607], "means": [0.5297484973011831], "variances": [0.10376347525460726]}, "recent_15%_correlation_best_percentile25_ratio": {"scales": [0.3756309966917032], "means": [1.730212909456517], "variances": [0.14109864567560232]}, "recent_15%_correlation_best_percentile50_ratio": {"scales": [1.1499473060458032], "means": [3.2566888132470306], "variances": [1.3223788066820001]}, "recent_15%_correlation_best_percentile75_ratio": {"scales": [2.740963025660982], "means": [6.303318123819409], "variances": [7.512878308040605]}, "recent_15%_correlation_kurtosis": {"scales": [0.4107603038908632], "means": [-0.8211527759705318], "variances": [0.1687240272525143]}, "recent_15%_correlation_percentile5_percentile25_ratio": {"scales": [0.27999925845514606], "means": [1.5549942677724558], "variances": [0.0783995847354317]}, "recent_15%_correlation_skew": {"scales": [0.3160747876873805], "means": [0.6113961143821619], "variances": [0.09990327141162267]}, "recent_15%_correlation_stddev_best_ratio": {"scales": [0.02273788892714356], "means": [0.3448995836682629], "variances": [0.0005170115928631177]}, "recent_15%_correlation_stddev_median_ratio": {"scales": [0.3983036443227974], "means": [1.1060535077656843], "variances": [0.15864579308082152]}, "recent_15%_loss_best_percentile25_ratio": {"scales": [0.0293292550949468], "means": [0.9314460042733207], "variances": [0.0008602052044244627]}, "recent_15%_loss_best_percentile50_ratio": {"scales": [0.04789728587180479], "means": [0.8721997761612351], "variances": [0.0022941499938853908]}, "recent_15%_loss_best_percentile75_ratio": {"scales": [0.08062868368989841], "means": [0.7760964466090589], "variances": [0.00650098463356569]}, "recent_15%_loss_kurtosis": {"scales": [3.505421892050842], "means": [3.853258237243411], "variances": [12.287982641269306]}, "recent_15%_loss_percentile5_percentile25_ratio": {"scales": [0.021190460340276412], "means": [0.9498671643017642], "variances": [0.0004490356094328275]}, "recent_15%_loss_skew": {"scales": [0.7981308605599139], "means": [2.146544193546806], "variances": [0.6370128705781086]}, "recent_15%_loss_stddev_best_ratio": {"scales": [0.4029885902601072], "means": [0.8416110794003588], "variances": [0.16239980387982858]}, "recent_15%_loss_stddev_median_ratio": {"scales": [0.3399744340541473], "means": [0.6954157106768792], "variances": [0.11558261581043773]}, "recent_25_correlation_best_percentile25_ratio": {"scales": [0.2942123369725216], "means": [1.667866561266278], "variances": [0.0865608992268326]}, "recent_25_correlation_best_percentile50_ratio": {"scales": [0.9745984600099006], "means": [3.0100471489999414], "variances": [0.9498421582536697]}, "recent_25_correlation_best_percentile75_ratio": {"scales": [2.1245728059153643], "means": [5.362827989285304], "variances": [4.513809607635084]}, "recent_25_correlation_kurtosis": {"scales": [0.3723674504115898], "means": [-0.8112436777162308], "variances": [0.1386575181260278]}, "recent_25_correlation_percentile5_percentile25_ratio": {"scales": [0.22504377218597535], "means": [1.5098952608605933], "variances": [0.05064469939969317]}, "recent_25_correlation_skew": {"scales": [0.27733361119302985], "means": [0.5582540142179265], "variances": [0.07691393189736666]}, "recent_25_correlation_stddev_best_ratio": {"scales": [0.02206436881951885], "means": [0.32851069894074175], "variances": [0.00048683637140375555]}, "recent_25_correlation_stddev_median_ratio": {"scales": [0.340356364550009],