tree
version=v4
num_class=4
num_tree_per_iteration=4
label_index=0
max_feature_idx=112
objective=multiclass num_class:4
feature_names=all_correlation_best_percentile25_ratio all_correlation_best_percentile50_ratio all_correlation_best_percentile75_ratio all_correlation_kurtosis all_correlation_percentile5_percentile25_ratio all_correlation_skew all_correlation_stddev_best_ratio all_correlation_stddev_median_ratio all_loss_best_percentile25_ratio all_loss_best_percentile50_ratio all_loss_best_percentile75_ratio all_loss_kurtosis all_loss_percentile5_percentile25_ratio all_loss_skew all_loss_stddev_best_ratio all_loss_stddev_median_ratio log10_cardinality recent_10_correlation_best_percentile25_ratio recent_10_correlation_best_percentile50_ratio recent_10_correlation_best_percentile75_ratio recent_10_correlation_kurtosis recent_10_correlation_percentile5_percentile25_ratio recent_10_correlation_skew recent_10_correlation_stddev_best_ratio recent_10_correlation_stddev_median_ratio recent_10_loss_best_percentile25_ratio recent_10_loss_best_percentile50_ratio recent_10_loss_best_percentile75_ratio recent_10_loss_kurtosis recent_10_loss_percentile5_percentile25_ratio recent_10_loss_skew recent_10_loss_stddev_best_ratio recent_10_loss_stddev_median_ratio recent_15%_correlation_best_percentile25_ratio recent_15%_correlation_best_percentile50_ratio recent_15%_correlation_best_percentile75_ratio recent_15%_correlation_kurtosis recent_15%_correlation_percentile5_percentile25_ratio recent_15%_correlation_skew recent_15%_correlation_stddev_best_ratio recent_15%_correlation_stddev_median_ratio recent_15%_loss_best_percentile25_ratio recent_15%_loss_best_percentile50_ratio recent_15%_loss_best_percentile75_ratio recent_15%_loss_kurtosis recent_15%_loss_percentile5_percentile25_ratio recent_15%_loss_skew recent_15%_loss_stddev_best_ratio recent_15%_loss_stddev_median_ratio recent_25_correlation_best_percentile25_ratio recent_25_correlation_best_percentile50_ratio recent_25_correlation_best_percentile75_ratio recent_25_correlation_kurtosis recent_25_correlation_percentile5_percentile25_ratio recent_25_correlation_skew recent_25_correlation_stddev_best_ratio recent_25_correlation_stddev_median_ratio recent_25_loss_best_percentile25_ratio recent_25_loss_best_percentile50_ratio recent_25_loss_best_percentile75_ratio recent_25_loss_kurtosis recent_25_loss_percentile5_percentile25_ratio recent_25_loss_skew recent_25_loss_stddev_best_ratio recent_25_loss_stddev_median_ratio top_10%_correlation_best_percentile25_ratio top_10%_correlation_best_percentile50_ratio top_10%_correlation_best_percentile75_ratio top_10%_correlation_kurtosis top_10%_correlation_percentile5_percentile25_ratio top_10%_correlation_skew top_10%_correlation_stddev_best_ratio top_10%_correlation_stddev_median_ratio top_10%_loss_best_percentile25_ratio top_10%_loss_best_percentile50_ratio top_10%_loss_best_percentile75_ratio top_10%_loss_kurtosis top_10%_loss_percentile5_percentile25_ratio top_10%_loss_skew top_10%_loss_stddev_best_ratio top_10%_loss_stddev_median_ratio top_20%_correlation_best_percentile25_ratio top_20%_correlation_best_percentile50_ratio top_20%_correlation_best_percentile75_ratio top_20%_correlation_kurtosis top_20%_correlation_percentile5_percentile25_ratio top_20%_correlation_skew top_20%_correlation_stddev_best_ratio top_20%_correlation_stddev_median_ratio top_20%_loss_best_percentile25_ratio top_20%_loss_best_percentile50_ratio top_20%_loss_best_percentile75_ratio top_20%_loss_kurtosis top_20%_loss_percentile5_percentile25_ratio top_20%_loss_skew top_20%_loss_stddev_best_ratio top_20%_loss_stddev_median_ratio top_30%_correlation_best_percentile25_ratio top_30%_correlation_best_percentile50_ratio top_30%_correlation_best_percentile75_ratio top_30%_correlation_kurtosis top_30%_correlation_percentile5_percentile25_ratio top_30%_correlation_skew top_30%_correlation_stddev_best_ratio top_30%_correlation_stddev_median_ratio top_30%_loss_best_percentile25_ratio top_30%_loss_best_percentile50_ratio top_30%_loss_best_percentile75_ratio top_30%_loss_kurtosis top_30%_loss_percentile5_percentile25_ratio top_30%_loss_skew top_30%_loss_stddev_best_ratio top_30%_loss_stddev_median_ratio
feature_infos=[-2.7585000000000002:12.096] [-3.1349:22.742999999999999] [-4.2889999999999997:348.13999999999999] [-3.0638000000000001:16.376000000000001] [-2.8199999999999998:16.007999999999999] [-10.465999999999999:6.9572000000000003] [-10.196:5.5462999999999996] [-4.9671000000000003:26.239000000000001] [-5126:1120.8] [-567.79999999999995:2690.0999999999999] [-506.04000000000002:810.32000000000005] [-2.5886999999999998:18.346] [-5325:824.69000000000005] [-8.2829999999999995:9.0170999999999992] [-473.61000000000001:110.67] [-4837:490.19999999999999] [-3.4767999999999999:4.4359000000000002] [-4.3643999999999998:255.68000000000001] [-2.6444000000000001:150.03] [-2.2385999999999999:239.21000000000001] [-2.4207000000000001:22.759] [-5.1281999999999996:170.59] [-7.5959000000000003:8.7441999999999993] [-6.4291:5.5557999999999996] [-2.5219:170.97] [-1177.5999999999999:1840.5] [-19887:559.12] [-280.63999999999999:248.15000000000001] [-1.9136:2.1812999999999998] [-1219:1338.5999999999999] [-5.7264999999999997:1.9712000000000001] [-1515.0999999999999:211.83000000000001] [-315:9796.6000000000004] [-4.9798:756.27999999999997] [-2.8128000000000002:170.72999999999999] [-2.4746999999999999:215.09] [-2.7593999999999999:19.036999999999999] [-5.7945000000000002:454.60000000000002] [-7.1641000000000004:8.4036000000000008] [-9.2312999999999992:6.9210000000000003] [-2.6337999999999999:169.08000000000001] [-301.29000000000002:1082.5999999999999] [-1054.3:2389.9000000000001] [-622.17999999999995:485.41000000000003] [-1.4893000000000001:16.936] [-262.89999999999998:1157.9000000000001] [-3.9784000000000002:7.1360000000000001] [-1134.0999999999999:206.11000000000001] [-2725.0999999999999:6617.6000000000004] [-5.3132000000000001:182.53999999999999] [-3.2658999999999998:641.96000000000004] [-2.3534000000000002:1293] [-2.7898999999999998:20.292000000000002] [-6.4752999999999998:145.03999999999999] [-8.1113:8.3633000000000006] [-7.6295999999999999:5.8018000000000001] [-2.9634999999999998:711.14999999999998] [-170:2965.5] [-670.36000000000001:465.23000000000002] [-290.44999999999999:1796.7] [-1.9281999999999999:3.6038999999999999] [-141.97:3118.5] [-6.3792999999999997:3.1057000000000001] [-636.32000000000005:126.3] [-1028:670.66999999999996] [-3.8249:203.49000000000001] [-2.2526000000000002:171.53999999999999] [-2.1015999999999999:75.602000000000004] [-2.1911:15.638999999999999] [-4.6616:226.11000000000001] [-11.215:7.4360999999999997] [-14.228999999999999:6.6036000000000001] [-2.3298000000000001:156.16] [-804.83000000000004:950.64999999999998] [-237.52000000000001:854.76999999999998] [-4746.6999999999998:837.57000000000005] [-3.1417999999999999:67.188000000000002] [-671.47000000000003:896.32000000000005] [-17.552:10.898999999999999] [-565.15999999999997:267.94] [-588.87:236.90000000000001] [-4.4303999999999997:302.19999999999999] [-2.3784000000000001:496.85000000000002] [-2.0764:147] [-2.5341999999999998:14.991] [-5.4390999999999998:374.38] [-12.369999999999999:7.6329000000000002] [-15.390000000000001:7.5674000000000001] [-2.4765999999999999:451.25999999999999] [-241.74000000000001:870.32000000000005] [-176.74000000000001:1673.5] [-1134.3:411.51999999999998] [-3.8809999999999998:80.233000000000004] [-187.16999999999999:427.30000000000001] [-16.16:8.0564] [-550.12:180.30000000000001] [-883.88999999999999:228.02000000000001] [-4.8955000000000002:249.44] [-2.1396000000000002:1545.5] [-1.8222:433.41000000000003] [-2.3641000000000001:23.234000000000002] [-6.1416000000000004:333.32999999999998] [-9.1119000000000003:8.8153000000000006] [-9.3923000000000005:6.7373000000000003] [-2.1368:1317.4000000000001] [-1300.7:843.67999999999995] [-1113.0999999999999:403.93000000000001] [-1125.5:1327.8] [-3.7747999999999999:47.898000000000003] [-1041.5999999999999:174.66] [-11.696:9.9757999999999996] [-407.25999999999999:159.52000000000001] [-544.32000000000005:722.84000000000003]
tree_sizes=3273 3069 3285 3286 3388 3397 3393 3383 3393 3435 3398 3403 3390 3401 3378 3393 3403 3418 3386 3379 3384 3427 3390 3400 3382 3409 3395 3401 3379 3423 3395 3400 3385 3389 3391 3389 3394 3392 3389 3408 3385 3405 3398 3377 3390 3401 3389 3384 3394 3415 3375 3410

Tree=0
num_leaves=31
num_cat=0
split_feature=102 61 28 50 16 13 39 31 78 43 33 102 40 8 30 43 21 6 37 65 21 26 19 5 29 92 72 73 3 101
split_gain=15.4927 10.7224 9.23909 9.21931 8.76049 8.44228 11.5004 8.51868 7.53726 7.50293 7.10529 8.21898 8.91501 6.90617 6.40138 5.84889 5.65669 4.84409 4.56483 5.75421 4.65701 3.76587 3.2452 4.281 6.8377 4.25488 3.18031 2.82593 1.82491 2.33414
threshold=0.63978500000000016 0.72099000000000013 1.6791500000000001 0.94833000000000012 1.2126450000000002 0.46643500000000004 -0.079197999999999977 2.1671500000000008 -0.30322999999999994 3.6778000000000004 1.6912500000000004 -0.28771999999999992 0.13799000000000003 6.0541500000000008 0.015555000000000001 0.078023000000000009 -1.6170499999999997 0.25782500000000003 -1.5620999999999998 -0.41465499999999994 -1.0742999999999998 -1.1335 -0.40479999999999994 1.4776500000000004 -1.0368999999999999 0.48230500000000004 0.41188500000000006 -1.1854499999999997 0.61900000000000011 -1.4904999999999997
decision_type=2 2 2 2 2 2 2 2 2 2 2 2 2 2 2 2 2 2 2 2 2 2 2 2 2 2 2 2 2 2
left_child=2 3 8 5 18 7 -7 21 10 14 11 12 17 -11 -3 -16 -10 -1 -4 20 -20 -2 25 24 -24 28 -21 -5 29 -18
right_child=1 9 4 27 -6 6 -8 -9 16 13 -12 -13 -14 -15 15 -17 22 -19 19 26 -22 -23 23 -25 -26 -27 -28 -29 -30 -31
leaf_value=-1.0600187412249149 -1.1330359857407868 -1.0539797210017976 -1.0387031481053746 -1.127075394351736 -1.0116566701819347 -1.071840580813199 -0.98700149670904302 -1.0443721888286566 -1.0652342586903343 -1.0985056632111134 -1.035200071906712 -1.1201977889028314 -1.0162083945153917 -1.0297190683305735 -0.97281528920310212 -1.0341343212113518 -1.1330359857407868 -1.1091936201845838 -1.0913118460174314 -1.0843578227302055 -1.0297190683305735 -1.0816831983889648 -1.032898050404734 -1.1196842610293132 -1.1052198925918832 -1.0812405019462767 -1.1330359857407868 -1.0843578227302055 -1.1330359857407868 -1.1008278778841616
leaf_weight=9.5867767333984428 6.590909004211424 11.384297370910646 6.8904957771301261 8.388429641723631 6.5909090042114249 8.9876031875610369 7.1900825500488272 9.5867767333984357 9.5867767333984357 8.6880164146423322 8.6880164146423322 11.683884143829344 5.9917354583740225 6.2913222312927237 7.4896693229675284 8.0888428688049299 8.3884296417236275 10.485537052154539 5.9917354583740234 7.1900825500488281 6.2913222312927246 7.789256095886234 5.9917354583740243 7.4896693229675284 7.190082550048829 8.6880164146423322 6.2913222312927246 7.1900825500488272 15.87809896469116 17.076446056365974
leaf_count=32 22 38 23 28 22 30 24 32 32 29 29 39 20 21 25 27 28 35 20 24 21 26 20 25 24 29 21 24 53 57
internal_value=-1.07614 -1.06034 -1.08544 -1.07471 -1.06424 -1.06204 -1.03413 -1.08088 -1.092 -1.04124 -1.07597 -1.08535 -1.06973 -1.06962 -1.02548 -1.00465 -1.10128 -1.08571 -1.07485 -1.08452 -1.05976 -1.10522 -1.10616 -1.0895 -1.07235 -1.11305 -1.10707 -1.10736 -1.11973 -1.11144
internal_weight=0 97.6653 165.971 55.7231 39.2459 40.1446 16.1777 23.9669 126.725 41.9421 46.4359 37.7479 26.064 14.9793 26.9628 15.5785 80.2893 20.0723 32.655 25.7645 12.2831 14.3802 70.7025 20.6715 13.1818 50.031 13.4814 15.5785 41.343 25.4649
internal_count=880 326 554 186 131 134 54 80 423 140 155 126 87 50 90 52 268 67 109 86 41 48 236 69 44 167 45 52 138 85
is_linear=0
shrinkage=1


Tree=1
num_leaves=29
num_cat=0
split_feature=11 92 7 95 96 60 15 47 1 1 84 84 50 87 76 51 10 101 110 57 55 55 18 66 15 82 12 3
split_gain=33.0193 16.7726 16.6273 11.2245 12.1544 5.78987 5.84907 5.5336 5.21716 5.94067 4.18629 7.00708 6.73905 4.8827 6.15985 8.36536 4.28616 8.44216 3.45343 2.57012 2.54681 2.85605 2.44853 2.36111 1.16883 0.808081 0.224159 0.14681
threshold=-2.3461499999999993 -2.8029999999999995 -0.33284999999999992 1.9698000000000004 2.3604000000000007 1.8620000000000003 -0.70864499999999986 -0.42427999999999993 -2.2182499999999998 -2.0335999999999994 3.5281500000000006 6.1262000000000008 -1.3220499999999997 -1.0000000180025095e-35 -1.1511999999999998 -1.1335499999999998 0.77910500000000005 -0.9825799999999999 1.8106000000000002 -0.25843999999999995 1.2442500000000003 1.9912000000000003 -1.4109999999999998 -0.3419299999999999 -0.80208999999999986 2.3953500000000005 -0.85269499999999987 -0.5486049999999999
decision_type=2 2 2 2 2 2 2 2 2 2 2 2 2 2 2 2 2 2 2 2 2 2 2 2 2 2 2 2
left_child=2 7 -1 8 -5 6 -6 -2 -3 -10 13 12 -12 18 15 -15 19 -18 20 -16 26 -22 -19 27 -13 -21 -11 -8
right_child=1 3 -4 4 5 -7 23 -9 9 10 11 24 -14 14 16 -17 17 22 -20 25 21 -23 -24 -25 -26 -27 -28 -29
leaf_value=-1.582796143207857 -1.6416141373889694 -1.7884238508650259 -1.7234887852890779 -1.6585537197131297 -1.6975147590586988 -1.6845277459435088 -1.7754368377498362 -1.7206655215683844 -1.6980794118028373 -1.7754368377498362 -1.7513180991073414 -1.749462811519457 -1.6637485249592057 -1.6642002471545165 -1.7436410470195445 -1.7549089783096978 -1.6771065955919719 -1.7884238508650259 -1.7381515420320339 -1.7884238508650259 -1.7234887852890779 -1.7794672900959296 -1.7384738004219888 -1.7403238022902496 -1.7884238508650259 -1.7624498246346467 -1.7884238508650259 -1.7884238508650259
leaf_weight=4.619999885559082 4.4274998903274536 12.897499680519102 3.8499999046325666 5.7749998569488552 3.8499999046325746 3.8499999046325675 3.8499999046325737 4.4274998903274518 4.4274998903274527 3.8499999046325675 4.0424998998641977 3.8499999046325684 4.8124998807907113 4.4274998903274536 5.5824998617172161 5.9674998521804721 4.0424998998641959 4.8124998807907096 5.9674998521804801 13.474999666214016 3.8499999046325666 5.5824998617172241 5.004999876022338 5.1974998712539593 3.8499999046325675 3.8499999046325675 24.254999399185177 5.0049998760223389
leaf_count=24 23 67 20 30 20 20 20 23 23 20 21 20 25 23 29 31 21 25 31 70 20 29 26 27 20 20 126 26
internal_value=-1.74297 -1.74803 -1.64675 -1.75193 -1.72303 -1.74015 -1.75212 -1.68114 -1.75831 -1.75484 -1.75718 -1.73406 -1.70373 -1.7614 -1.75026 -1.71627 -1.75987 -1.73792 -1.77348 -1.77315 -1.7791 -1.75662 -1.76296 -1.76708 -1.76894 -1.78265 -1.78664 -1.78278
internal_weight=0 160.93 8.47 152.075 27.5275 21.7525 17.9025 8.855 124.547 111.65 107.222 16.555 8.855 90.6675 47.1625 10.395 36.7675 13.86 43.505 22.9075 37.5375 9.4325 9.8175 14.0525 7.7 17.325 28.105 8.855
internal_count=880 836 44 790 143 113 93 46 647 580 557 86 46 471 245 54 191 72 226 119 195 49 51 73 40 90 146 46
is_linear=0
shrinkage=1


Tree=2
num_leaves=31
num_cat=0
split_feature=66 5 62 68 39 21 12 30 82 9 39 110 3 101 83 36 56 0 4 104 32 13 109 17 18 60 36 2 8 0
split_gain=14.5378 13.911 9.23495 7.60017 9.15173 7.37414 8.21187 7.14024 5.9571 8.08833 7.77505 9.95151 8.62227 8.49686 7.69751 5.36347 6.16035 5.3319 6.67922 5.25701 4.30117 3.76896 5.86109 3.079 2.66201 2.29555 1.59155 0.54862 0.117905 0.102933
threshold=-1.3563499999999997 -2.0280999999999998 -0.28818499999999997 -0.78222499999999984 -1.5423999999999998 0.54853500000000011 0.70715000000000006 1.3653500000000001 1.2220500000000003 -5.2863499999999997 -0.23323999999999998 0.55145500000000014 -1.3942499999999998 -0.95060999999999984 0.041919000000000005 -1.3041499999999997 -1.1430499999999999 -0.92986499999999983 1.9929500000000002 -1.1155999999999999 -0.81857499999999994 0.7467950000000001 -0.66245499999999991 1.9578500000000003 4.1441000000000008 -0.75728499999999987 -1.8945999999999998 -0.39107499999999995 -0.058855499999999991 0.15121000000000004
decision_type=2 2 2 2 2 2 2 2 2 2 2 2 2 2 2 2 2 2 2 2 2 2 2 2 2 2 2 2 2 2
left_child=3 2 -2 25 5 -5 -7 -4 10 -10 11 13 -12 -3 -15 19 17 -17 20 26 -19 -14 -23 27 29 28 -6 -18 -1 -11
right_child=1 8 7 4 15 6 -8 -9 9 24 12 -13 21 14 -16 16 23 18 -20 -21 -22 22 -24 -25 -26 -27 -28 -29 -30 -31
leaf_value=-1.3187083500274077 -1.2657712938146526 -1.2569484511125266 -1.1704845926316931 -1.2781784163645169 -1.301062664623156 -1.2569484511125266 -1.1755376752701834 -1.2363618181408995 -1.2371852834597648 -1.3094443651901755 -1.2318584921783562 -1.2797020980811671 -1.3187083500274077 -1.2260685016550861 -1.1510743386870161 -1.3106527110385102 -1.3001803803529433 -1.2040113948997715 -1.2973299234799489 -1.2331946438375723 -1.2612077544859668 -1.2415084763838065 -1.310286545629924 -1.280702258387481 -1.2723884258412468 -1.2845778795744471 -1.2631244410040148 -1.3187083500274077 -1.3094443651901755 -1.3187083500274077
leaf_weight=9.4451792538166028 7.5561434030532864 9.7150415182113647 9.4451792538166064 8.635592460632326 5.6671075522899628 6.4766943454742414 5.9369698166847229 7.2862811386585227 6.746556609869006 5.3972452878952044 8.635592460632326 10.254766047000883 7.8260056674480465 8.6355924606323224 5.6671075522899637 6.2068320810794857 5.3972452878952071 5.6671075522899663 7.0164188742637625 10.524628311395643 7.826005667448042 6.4766943454742458 5.9369698166847185 10.524628311395643 5.3972452878952017 10.254766047000883 5.3972452878952044 15.382149070501328 5.3972452878952053 6.7465566098690033
leaf_count=35 28 36 35 32 21 24 22 27 25 20 32 38 29 32 21 23 20 21 26 39 29 24 22 39 20 38 20 57 20 25
internal_value=-1.26649 -1.25337 -1.21989 -1.27815 -1.27202 -1.2427 -1.21801 -1.19917 -1.26267 -1.28371 -1.25457 -1.23847 -1.27369 -1.22086 -1.19635 -1.27977 -1.28768 -1.27005 -1.25776 -1.25849 -1.23719 -1.29153 -1.2744 -1.30274 -1.30161 -1.30277 -1.28256 -1.3139 -1.31534 -1.31459
internal_weight=0 111.723 24.2876 125.756 100.659 21.0493 12.4137 16.7315 87.4354 24.2876 63.1478 34.2725 28.8753 24.0177 14.3027 79.6094 58.0204 26.7164 20.5095 21.589 13.4931 20.2397 12.4137 31.304 17.541 25.0972 11.0644 20.7794 14.8424 12.1438
internal_count=880 414 90 466 373 78 46 62 324 90 234 127 107 89 53 295 215 99 76 80 50 75 46 116 65 93 41 77 55 45
is_linear=0
shrinkage=1


Tree=3
num_leaves=31
num_cat=0
split_feature=56 36 9 52 81 60 44 56 63 81 13 62 87 28 87 98 34 62 15 3 16 26 66 13 81 71 60 29 8 0
split_gain=7.72548 6.67675 7.63013 12.3762 11.8519 12.5007 12.0255 9.78407 8.88447 11.2648 6.04245 5.95216 6.67384 7.04248 5.76752 4.88044 4.77431 5.92272 6.27485 4.62541 3.80628 4.3456 5.03537 3.29455 1.66042 2.97588 1.39441 0.697205 0.671383 1.77636e-15
threshold=-1.5329499999999998 -0.92026499999999989 0.18200000000000002 -1.2377999999999998 1.0354000000000003 -0.66118999999999983 2.5719000000000007 -1.0889999999999997 3.1112000000000006 0.21751000000000004 1.2336000000000003 0.15146500000000004 0.65612000000000015 -0.76004999999999989 -1.1805499999999998 -1.1943999999999997 -1.4407499999999998 -0.85251999999999983 2.2900500000000004 0.9036550000000001 1.2126450000000002 -4.4164499999999993 -0.95803499999999986 0.45267000000000007 0.66394500000000012 -0.97364499999999987 2.0355000000000003 -0.75165999999999988 -0.31507999999999997 0.73230000000000006
decision_type=2 2 2 2 2 2 2 2 2 2 2 2 2 2 2 2 2 2 2 2 2 2 2 2 2 2 2 2 2 2
left_child=16 11 7 23 5 -5 10 -3 20 -10 -7 12 13 -2 -6 -13 17 -1 26 -14 28 -22 -23 -4 -18 -26 -19 -17 29 -9
right_child=1 2 3 4 14 6 -8 8 9 -11 -12 15 19 -15 -16 27 24 18 -20 -21 21 22 -24 -25 25 -27 -28 -29 -30 -31
leaf_value=-1.5599329088731677 -1.5324672413336093 -1.545546130638161 -1.645146903034362 -1.4747189147119737 -1.5614822542215532 -1.5579962271876862 -1.6240194664654708 -1.645146903034362 -1.6088341214315802 -1.5057058216796806 -1.4824656414539004 -1.5870464524699113 -1.639187882463649 -1.6028920298965796 -1.6354634946069535 -1.6219067228085815 -1.6451469030343617 -1.6451469030343617 -1.563806272244131 -1.5754263623570213 -1.645146903034362 -1.552186182131241 -1.6193244805612728 -1.5909198158408746 -1.645146903034362 -1.5870464524699113 -1.6102866326956915 -1.645146903034362 -1.6219067228085815 -1.645146903034362
leaf_weight=6.4543390274047878 7.0997729301452637 7.5300621986389151 4.9483265876770002 6.4543390274047843 5.3786158561706543 6.8846282958984393 4.7331819534301749 6.2391943931579572 6.8846282958984357 4.3028926849365234 4.3028926849365234 6.0240497589111355 8.3906407356262189 7.0997729301452654 5.1634712219238263 4.3028926849365297 12.47838878631592 8.6057853698730487 4.3028926849365225 4.3028926849365225 4.5180373191833469 5.3786158561706507 5.8089051246643102 6.4543390274047852 4.5180373191833496 4.3028926849365217 4.3028926849365225 12.908678054809565 4.3028926849365261 4.948326587677002
leaf_count=30 33 35 23 30 25 32 22 29 32 20 20 28 39 33 24 20 58 40 20 20 21 25 27 30 21 20 20 60 20 23
internal_value=-1.59814 -1.5925 -1.58466 -1.56956 -1.55401 -1.53342 -1.55721 -1.59807 -1.6074 -1.56917 -1.52895 -1.60724 -1.59123 -1.56768 -1.59772 -1.62578 -1.61624 -1.60078 -1.6161 -1.61757 -1.62111 -1.60376 -1.58705 -1.61445 -1.63341 -1.61681 -1.63353 -1.63934 -1.63869 -1.64515
internal_weight=0 144.362 94.2333 44.3198 32.9171 22.375 15.9207 49.9136 42.3835 11.1875 11.1875 50.1287 26.8931 14.1995 10.5421 23.2356 44.9652 23.6659 17.2116 12.6935 31.196 15.7056 11.1875 11.4027 21.2993 8.82093 12.9087 17.2116 15.4904 11.1875
internal_count=880 671 438 206 153 104 74 232 197 52 52 233 125 66 49 108 209 110 80 59 145 73 52 53 99 41 60 80 72 52
is_linear=0
shrinkage=1


Tree=4
num_leaves=31
num_cat=0
split_feature=102 59 27 11 72 39 11 50 8 3 28 15 51 45 37 27 68 46 11 27 46 83 37 58 104 47 84 81 47 110
split_gain=14.0518 9.87674 10.8244 8.82929 9.36227 7.79324 8.08855 8.30532 7.87016 7.44425 7.05732 6.90161 6.34857 5.71975 5.47511 5.31046 5.04551 5.52903 10.2576 4.98373 6.80724 4.56318 5.05001 4.55039 4.0064 3.28179 4.63808 2.40757 1.75836 1.70729
threshold=0.63978500000000016 -4.3352999999999993 -0.72973999999999994 0.63346500000000006 -1.4520999999999999 -1.0459999999999996 0.09851550000000002 2.0266000000000006 4.5350500000000009 -1.8052999999999997 -1.0197499999999997 0.23709500000000003 -0.49194499999999991 0.71922000000000008 1.4843000000000004 0.91189000000000009 -1.6169499999999999 0.43457000000000007 -0.69763999999999993 -2.2621499999999997 -0.57902999999999982 -0.49505999999999994 2.1264000000000007 0.80855500000000013 -0.59148499999999993 -0.63109499999999985 -0.8112999999999998 -1.1297999999999997 3.6834000000000002 -0.92084499999999991
decision_type=2 2 2 2 2 2 2 2 2 2 2 2 2 2 2 2 2 2 2 2 2 2 2 2 2 2 2 2 2 2
left_child=3 -2 19 10 13 14 8 23 -7 -6 25 12 24 -5 -4 28 -12 21 -19 20 -3 22 27 -8 -11 -1 -27 29 -13 -18
right_child=1 2 5 4 9 6 7 -9 -10 11 16 15 -14 -15 -16 -17 17 18 -20 -21 -22 -23 -24 -25 -26 26 -28 -29 -30 -31
leaf_value=-0.050895108093294589 0.05834334709013677 -0.032625009725107977 -0.031479668344283167 0.011817384531847497 0.045777516828106657 -0.017204355611193822 0.098884432555059562 0.0094514302134671539 0.052238551839020646 -0.047759342485344379 0.034922386419651404 -0.056432805147778521 0.033334236296869199 0.072704459183630207 0.019731078652567929 0.0093755011392875325 -0.006295979553805172 0.060848034867169332 -0.019370005727644048 -0.040848330724340097 0.041792739406228484 0.012313933121063899 0.0096755227307377331 0.044717551615906515 0.010303088573592953 -0.044323961022059585 0.011926658702871604 -0.056387431857068272 -0.022997411239539467 -0.042542429009918815
leaf_weight=18.92410883307457 11.589081466197966 6.2534384429454803 9.8648991882801074 8.7071928679943067 6.313118338584899 11.361610144376757 8.2652151286602038 7.50853607058525 6.3662636876106253 5.917210549116132 5.9884890913963309 11.583482325077062 11.650219172239305 6.9246710836887351 11.083046048879622 6.0110291540622702 5.9605709314346287 6.3392352461814907 10.731271922588347 12.546574145555494 6.0420588850975054 7.2048046588897696 5.996620684862136 7.3031238317489615 5.9670402407646188 8.3044514656066877 6.5588501393795005 13.060855835676195 5.9530610740184775 7.1407640874385843
leaf_count=64 38 21 33 29 21 38 27 25 21 20 20 39 39 23 37 20 20 21 36 42 20 24 20 24 20 28 22 44 20 24
internal_value=0 0.0149944 0.00919301 -0.0088885 0.0047567 0.0204052 0.0331319 0.0526434 0.00773331 -0.00520665 -0.0186784 -0.012043 0.00710566 0.0387894 -0.00438531 -0.031181 -0.00871549 -0.0133461 0.0104194 -0.0186784 0.00394418 -0.0236523 -0.0317102 0.0734747 -0.0186064 -0.037085 -0.0195018 -0.0411961 -0.0450826 -0.0260518
internal_weight=0 98.1838 86.5948 165.237 69.027 61.7527 40.8047 23.0769 17.7279 53.3952 96.21 47.082 23.5345 15.6319 20.9479 23.5476 62.4226 56.4341 17.0705 24.8421 12.2955 39.3636 32.1588 15.5683 11.8843 33.7874 14.8633 26.1622 17.5365 13.1013
internal_count=880 326 288 554 231 205 135 76 59 179 323 158 79 52 70 79 209 189 57 83 41 132 108 51 40 114 50 88 59 44
is_linear=0
shrinkage=0.05


Tree=5
num_leaves=31
num_cat=0
split_feature=44 11 56 36 91 58 28 76 70 52 28 34 49 28 109 108 30 14 51 100 21 6 55 17 78 6 70 44 76 40
split_gain=29.7685 15.2247 15.1477 14.0545 8.49846 11.4978 6.82231 10.6249 6.30479 5.37122 7.69888 7.9747 7.3783 4.81403 7.4855 10.7175 6.92789 2.58397 2.17149 1.78368 1.49262 1.84628 3.88735 0.740048 0.6358 0.206325 0.169893 0.000187247 0.000157779 0.000107354
threshold=-0.68132499999999985 -2.3461499999999993 -1.3340499999999997 -2.0323999999999995 -2.6339999999999995 -1.7025499999999998 -1.0935999999999997 1.5736500000000002 2.2485000000000004 -0.42996499999999993 2.1425000000000005 -1.0206999999999999 -0.57293999999999989 -0.79478499999999996 -2.6684499999999995 -0.68555499999999991 0.91863500000000009 0.30370000000000008 -0.121875 5.0886500000000012 12.712500000000002 1.2876000000000001 -1.4762499999999998 0.37236500000000006 0.23717500000000002 -1.3996999999999999 -0.10098699999999998 -1.2626999999999999 -0.95841999999999994 0.25297000000000008
decision_type=2 2 2 2 2 2 2 2 2 2 2 2 2 2 2 2 2 2 2 2 2 2 2 2 2 2 2 2 2 2
left_child=1 2 -1 -3 5 -2 8 13 18 10 11 12 17 -8 -15 16 -16 -6 23 20 21 28 -23 27 -17 -13 -24 -5 -11 -27
right_child=4 3 -4 6 9 -7 7 -9 -10 19 -12 25 -14 14 15 24 -18 -19 -20 -21 -22 22 26 -25 -26 29 -28 -29 -30 -31
leaf_value=0.14406597158412807 -0.02235254478009404 0.092933256957089816 0.014593734278312429 -0.045739343143101005 -0.045125150686179186 0.076826886621410406 -0.035390005893154046 0.081023858358002548 0.044295609844113577 -0.045517477627041829 0.047870719595014238 -0.031859915633079675 0.068848175914204016 0.076623035914493334 0.081241106751704886 -0.01852293974832574 -0.0072063903586910699 0.01138350113800209 0.00047163696273936907 -0.008583688721734135 -0.0058294371693976693 0.019396278479239422 -0.031683727380442776 -0.019025603786622571 -0.045511946507089875 -0.04554483226268987 -0.045321850606494352 -0.045272429795163112 -0.045175798986671234 -0.045236310672832361
leaf_weight=4.9699697345495224 6.5085376799106598 5.3995921313762656 4.1416599303483945 3.9290608912706402 3.7433083355426771 5.3032455891370756 4.9838820695877066 6.3087470680475226 3.8924266099929801 3.8608868867158845 5.3605445474386206 3.7561269402503958 3.9274059832096109 4.4969446957111385 5.1180155575275439 3.7535075992345828 3.9018135070800781 4.4019821733236313 5.429701656103135 6.8148831725120536 3.7982593774795523 3.8532093763351432 3.7283762842416754 3.8028122186660775 5.2125743925571442 5.6128166019916534 5.8925538957118979 4.7349056452512732 27.055479362607009 5.6658286601305008
leaf_count=23 34 27 21 20 20 27 26 32 20 20 28 20 20 23 26 20 20 23 28 36 20 20 20 20 27 29 31 25 144 30
internal_value=0 0.0249311 0.0852148 0.0159212 -0.0176317 0.022177 0.00843738 0.0225093 -0.0133759 -0.0230073 -0.00688078 -0.017708 0.0125562 0.00906933 0.0189248 0.00449879 0.0429803 -0.014586 -0.0259192 -0.0325266 -0.0359126 -0.0384867 -0.0230406 -0.0374134 -0.0342134 -0.0420097 -0.0400367 -0.0454842 -0.0452185 -0.0453898
internal_weight=0 70.0756 9.11163 60.964 99.2834 11.8118 55.5644 33.7755 21.7889 87.4717 32.468 27.1075 12.0727 27.4667 22.4829 17.9859 9.01983 8.14529 17.8965 55.0036 48.1888 44.3905 13.4741 12.4668 8.96608 15.0348 9.62093 8.66397 30.9164 11.2786
internal_count=880 358 44 314 522 61 287 174 113 461 170 142 63 142 116 93 46 43 93 291 255 235 71 65 47 79 51 45 164 59
is_linear=0
shrinkage=0.05


Tree=6
num_leaves=31
num_cat=0
split_feature=66 1 60 28 60 68 39 7 71 39 20 33 55 87 81 59 108 45 56 39 56 68 87 107 66 35 7 60 108 53
split_gain=13.127 12.3111 11.6086 11.5642 8.04586 7.16467 8.4787 7.22005 6.5381 6.02217 6.81687 6.61969 6.55968 6.32709 5.84676 5.05586 5.45833 5.29682 5.88408 4.64267 4.25863 3.5992 3.31949 3.28015 5.91583 2.80949 2.59759 2.24065 1.5523 2.6653
threshold=-1.3563499999999997 -0.7965899999999998 0.042491500000000008 -1.0778499999999998 3.2003000000000004 -0.78222499999999984 -1.5423999999999998 -0.20893499999999995 -0.9444349999999998 -0.23323999999999998 -1.3314499999999998 0.7522350000000001 -0.73284499999999986 1.4545000000000001 0.37492000000000009 3.8682000000000003 -0.75273499999999982 -1.6698999999999999 -0.75792499999999985 -1.3370499999999998 -0.34396999999999994 -0.3249999999999999 -2.1620499999999994 -0.64254999999999984 -0.18207499999999996 -1.2511499999999998 2.2853500000000007 -0.75728499999999987 -0.35546999999999995 0.80071000000000014
decision_type=2 2 2 2 2 2 2 2 2 2 2 2 2 2 2 2 2 2 2 2 2 2 2 2 2 2 2 2 2 2
left_child=5 2 3 -2 8 27 7 -7 -4 10 -3 19 -13 23 -9 17 -17 18 -8 -12 -10 -19 -23 24 -11 -5 28 -1 -24 -30
right_child=1 9 4 25 -6 6 15 14 20 13 11 12 -14 -15 -16 16 -18 21 -20 -21 -22 22 26 -25 -26 -27 -28 -29 29 -31
leaf_value=-0.047958570256326521 0.052621773874997446 -0.030367746597824725 0.11150498876550684 -0.0041556089254401627 0.0054161813323146445 0.052481999681958172 0.035395138011349012 0.030835406632676594 0.071100667091462122 -0.043667880624423033 0.022494418015203868 0.035365253363780179 -0.035802937100891455 0.022257125768807746 -0.042791637141942646 0.052595785647607786 -0.016735614720060198 0.012966954665428465 -0.025253378962702983 0.085286575670527484 0.01634746483218287 -0.00042641231998846317 -0.051890238496915819 -0.044693717176435312 0.02794659337463655 -0.0522319189471298 -0.0085651811769280484 -0.017302178147630406 -0.0071434862938627858 -0.051818629812432571
leaf_weight=14.470428407192232 7.1166627109050777 6.7872124910354641 6.0759689807891908 6.2250772416591653 6.8628095388412467 10.438062429428102 8.5796648561954516 5.4113663434982282 9.2259092330932635 5.9143629372119904 5.9933557212352753 6.8185351788997677 6.1655264496803239 8.0654242038726789 5.3742677867412567 5.7080224454402924 5.6476238965988141 5.3770898878574362 7.4910692870616904 5.7852211892604846 5.7738571166992143 7.7604081630706778 18.156269431114197 14.102976888418198 5.6276589930057526 5.937012463808057 6.9316741824150077 10.134925514459608 6.6915633082389849 6.6626099646091461
leaf_count=55 26 25 22 23 25 38 32 20 33 22 22 25 23 30 20 21 21 20 28 21 21 29 68 53 21 22 26 38 25 25
internal_value=0 0.0123958 0.0318432 0.0019981 0.0524375 -0.0111553 -0.00522035 0.0228376 0.0677489 -0.00167473 0.0140255 0.0261933 0.00157079 -0.0163687 -0.00585149 -0.0127577 0.0181145 -0.0179398 0.00712498 0.0533357 0.0500245 -0.0257493 -0.0302551 -0.0285166 -0.0087501 -0.0276244 -0.0362767 -0.0353312 -0.0423727 -0.0294326
internal_weight=0 112.478 47.2173 19.2788 27.9385 124.835 100.23 21.2237 21.0757 65.2603 31.5499 24.7626 12.9841 33.7104 10.7856 79.006 11.3556 67.6503 16.0707 11.7786 14.9998 51.5796 46.2025 25.645 11.542 12.1621 38.4421 24.6054 31.5104 13.3542
internal_count=880 414 172 71 101 466 373 78 76 242 116 91 48 126 40 295 42 253 60 43 54 193 173 96 43 45 144 93 118 50
is_linear=0
shrinkage=0.05


Tree=7
num_leaves=31
num_cat=0
split_feature=56 55 110 35 2 73 95 50 48 101 51 50 54 17 9 49 82 74 111 30 84 68 7 46 1 75 101 20 86 42
split_gain=6.98586 7.62627 7.23073 7.53993 6.91652 6.7248 16.5055 9.5403 8.07643 8.6051 6.76335 7.76045 12.1617 8.41832 7.47253 6.56038 4.78764 3.83967 7.35668 3.70287 3.55862 3.51027 2.23166 4.34801 0.734468 0.570622 0.560535 0.550722 0.180594 0.16351
threshold=-1.5329499999999998 3.2966000000000002 -3.3619499999999998 -1.3647499999999997 3.1692000000000005 0.80881000000000014 -0.62783999999999984 -0.64319999999999988 -3.3146 1.3861000000000001 11.946500000000002 -0.57586499999999996 -0.89972499999999989 -0.060374499999999991 0.23177000000000003 1.7233500000000002 -0.12720499999999998 0.16336500000000001 -0.63275999999999988 -0.98919999999999997 3.0835500000000002 -1.0406999999999997 -0.65918999999999983 0.69832000000000016 3.4345500000000002 -3.6192499999999996 0.35047000000000006 1.1005500000000004 -0.66866999999999988 5.6112000000000011
decision_type=2 2 2 2 2 2 2 2 2 2 2 2 2 2 2 2 2 2 2 2 2 2 2 2 2 2 2 2 2 2
left_child=4 2 3 -2 17 10 8 -8 9 -7 11 12 13 21 22 16 -16 28 20 -10 29 -4 23 -13 -24 -23 -21 -3 -1 -19
right_child=1 27 5 -5 -6 6 7 -9 19 -11 -12 14 -14 -15 15 -17 -18 18 -20 26 -22 25 24 -25 -26 -27 -28 -29 -30 -31
leaf_value=-0.03454919671852015 0.081023233542883655 -0.046898442176098891 0.01327126199801809 -0.0027728922529453135 0.041091558948096185 0.064524504785863732 0.032552920647297132 0.13329401586565795 0.012235771708336769 -0.023371630203490635 0.05003808564509804 -0.046853077002985827 0.078199659768085197 0.049623467584906496 0.015343882040357405 0.043941675119474777 -0.040874450133896324 -0.046784542679986024 0.03151506552919113 -0.046940295959122774 0.0091103600959721014 -0.023388820357197724 -0.046902215630192569 0.023801388728405478 -0.023859757952066064 -0.046983567796222564 -0.023375083190130905 -0.02314726188748761 -0.046711370328907181 -0.034715826101213786
leaf_weight=4.1699059009552011 6.6148822009563446 5.7636066824197751 4.969139471650128 4.5179744064807874 4.5362432301044455 8.0522130578756315 5.0126807242631912 4.4244366735219938 5.8821421265602138 4.2565189152956 5.6542072594165793 4.4675558060407621 5.9672895520925442 5.6756842285394677 7.1891362667083749 7.1027160733938208 8.0028050392866135 8.4752710759639758 7.0185005813837078 6.2026070952415484 4.4676171392202368 4.2579010725021389 17.500637963414206 4.2478374689817429 4.3099081665277472 6.4353483021259263 4.254320502281189 4.2332083880901337 11.387895599007603 4.1959200203418723
leaf_count=20 30 27 23 21 21 37 23 20 27 20 26 21 27 26 33 32 37 40 33 29 21 20 82 20 20 30 20 20 54 20
internal_value=0 0.00529799 0.00841844 0.0470168 -0.0173983 0.00494927 0.0224337 0.0797837 0.00354158 0.0341289 -0.00281353 -0.00654309 0.0150993 -0.00254704 -0.017731 0.00427476 -0.0142708 -0.0240789 -0.0116026 -0.0195008 -0.0292596 -0.0214524 -0.0338029 -0.0124165 -0.0423489 -0.0375885 -0.037353 -0.0368409 -0.0434516 -0.0427881
internal_weight=0 144.995 134.998 11.1329 44.2514 123.865 38.0849 9.43712 28.6478 12.3087 85.7802 80.126 27.3054 21.3381 52.8206 22.2947 15.1919 39.7151 24.1573 16.3391 17.1388 15.6624 30.5259 8.71539 21.8105 10.6932 10.4569 9.99682 15.5578 12.6712
internal_count=880 671 624 51 209 573 176 43 133 57 397 371 126 99 245 102 70 188 114 76 81 73 143 41 102 50 49 47 74 60
is_linear=0
shrinkage=0.05


Tree=8
num_leaves=31
num_cat=0
split_feature=44 101 75 108 87 105 78 16 1 5 23 84 109 87 6 44 74 19 21 12 51 42 59 50 28 76 41 34 37 112
split_gain=12.983 14.1484 12.4054 7.88114 7.3169 8.13111 7.2231 7.17982 6.82583 14.5296 9.13299 7.48584 8.41601 7.47373 6.64282 6.51675 5.7411 5.08004 5.07949 4.73609 4.51743 4.30076 5.52641 4.12801 3.62882 3.39546 3.21368 1.64159 1.62678 0.444102
threshold=-1.2088999999999996 0.82988500000000009 -2.0207999999999999 0.94732500000000008 -2.5262999999999995 -0.26913499999999996 1.3815500000000003 1.2126450000000002 -0.20661999999999997 0.26133000000000006 0.81627000000000016 -0.13207999999999998 -0.36164499999999994 -0.30051499999999992 -1.8711499999999999 -1.0890499999999996 -0.86595499999999992 -0.98137499999999989 -1.5614499999999998 -0.58193499999999998 0.05896450000000001 -1.8318499999999998 1.2866000000000002 -1.3588999999999998 0.83572000000000013 -2.3010999999999995 -0.76680999999999988 -0.30694999999999995 1.3829000000000002 -0.10283299999999999
decision_type=2 2 2 2 2 2 2 2 2 2 2 2 2 2 2 2 2 2 2 2 2 2 2 2 2 2 2 2 2 2
left_child=17 6 -3 4 -4 -6 8 14 11 -10 21 20 -13 -14 -7 -8 -5 25 -17 -19 23 -11 -23 -2 -16 -1 -22 -20 -18 -25
right_child=1 2 3 16 5 7 15 -9 9 10 -12 12 13 -15 24 18 28 19 27 -21 26 22 -24 29 -26 -27 -28 -29 -30 -31
leaf_value=-0.013548840110454922 -0.0029206334811423275 -0.030765001035511753 -0.020302864981284835 0.016605375845822463 0.081609978705398517 0.047666262015425724 0.019684751341220802 0.052519480322183343 0.069935899279706268 0.016471398422151572 0.043252298879397202 -0.031019520305779848 0.0068686700435011266 0.074010324309329897 -0.034850140866339759 0.0068558773706028434 0.093169374320348303 0.017550281159077117 -0.052823275510943991 -0.035261020835752534 -0.024025289323570072 -0.051452202079974488 0.0087391723052689541 -0.056002049187183281 0.011600813387273042 -0.052779308591749133 0.027393172039045628 -0.025372841375261537 0.057759161755048631 -0.038861359410997928
leaf_weight=8.2380358576774615 6.5324006080627433 9.758530914783476 9.5651620626449567 6.0466444194316891 6.0824886262416831 6.1213946938514665 7.1736834943294516 10.76203268766403 10.112521052360533 7.4819250106811515 9.3968806564807874 7.9618649482727077 11.698580682277683 6.4188422560691807 8.992053598165521 6.2775591909885433 6.5355617702007276 10.109497994184496 16.172300904989246 7.3185681104660025 6.2132445275783539 10.351817339658743 6.0375453531742087 10.600891411304476 7.8969988822937003 16.689890176057816 5.9478242099285108 8.2118687927722913 6.4390896260738373 5.872168421745303
leaf_count=28 22 33 32 20 20 20 24 35 33 25 31 27 39 21 30 21 21 34 55 25 21 35 20 36 26 57 20 28 21 20
internal_value=0 0.00488644 0.021975 0.0294948 0.0189686 0.0283937 -0.0044938 0.0188093 0.00227655 0.0174511 0.00149734 -0.00847168 0.0118271 0.0306564 0.00304302 -0.0232159 0.0568435 -0.025336 -0.033253 -0.00462677 -0.0235251 -0.0149394 -0.0292788 -0.0365544 -0.0131306 -0.0398147 0.00112283 -0.0435788 0.0755959 -0.0498919
internal_weight=0 220.662 78.2 68.4414 49.4201 39.855 142.462 33.7725 104.627 43.3807 33.2682 61.2458 26.0793 18.1174 23.0104 37.8354 19.0213 42.356 30.6617 17.4281 35.1665 23.8713 16.3894 23.0055 16.8891 24.9279 12.1611 24.3842 12.9747 16.4731
internal_count=880 736 258 225 163 131 478 111 350 144 111 206 87 60 76 128 62 144 104 59 119 80 55 78 56 85 41 83 42 56
is_linear=0
shrinkage=0.05


Tree=9
num_leaves=31
num_cat=0
split_feature=44 11 36 7 91 58 66 76 14 44 55 76 25 14 11 52 28 38 28 103 111 12 102 108 55 87 85 30 87 92
split_gain=27.0143 12.6535 11.7056 9.78812 7.91167 10.105 6.31037 8.32117 14.0687 5.99808 5.91724 5.31071 5.68283 5.12639 4.27805 3.72014 7.51693 5.12447 2.06607 1.82089 0.948066 3.61755 0.73713 0.000219174 0.000164938 0.000121595 0.000103326 0.000101291 9.71366e-05 9.54188e-05
threshold=-0.68132499999999985 -2.3461499999999993 -2.0323999999999995 -0.33284999999999992 -2.6339999999999995 -1.7025499999999998 -1.1806999999999996 -0.33595999999999998 -0.58717499999999989 -1.0629499999999998 0.80553000000000008 -1.0657999999999996 0.66681500000000016 -0.44676499999999991 -1.2250499999999998 -0.57361499999999987 2.1547500000000004 -2.0438999999999994 -1.4313999999999998 -1.2860999999999998 -0.63275999999999988 1.5501000000000003 0.39631500000000003 -0.097594499999999987 0.71062000000000014 0.4475900000000001 -0.91729499999999986 0.029909000000000002 0.16108500000000001 0.41594000000000003
decision_type=2 2 2 2 2 2 2 2 2 2 2 2 2 2 2 2 2 2 2 2 2 2 2 2 2 2 2 2 2 2
left_child=1 3 -3 -1 5 -2 7 10 -9 22 13 12 -6 -4 -15 16 17 -13 -17 -19 21 -20 26 -21 25 27 -8 -22 -25 -23
right_child=4 2 6 -5 11 -7 9 8 -10 -11 -12 15 -14 14 -16 18 -18 19 20 23 24 29 -24 28 -26 -27 -28 -29 -30 -31
leaf_value=0.11877795902367919 -0.021843109871706935 0.082744336260603291 0.046420160109264884 0.016613568970230939 0.053276855706684216 0.070201841223763869 -0.04536807491583561 -0.0056033062371394025 0.095220175884216121 0.022491499924033515 -0.045477867720738654 0.019459989029764924 -0.024538351631660467 0.027425426646512315 -0.036678677902603506 -0.0038773054605242131 0.049860465939213304 -0.005794476413182181 -6.6323918831229548e-05 -0.045270998875130954 -0.044646637439303666 -0.044695194777805175 -0.01842272165793948 -0.045045113164106421 -0.045258459925604254 -0.045099578062508548 -0.045013314075391435 -0.044925071499303845 -0.044705346675861728 -0.044957749443160798
leaf_weight=5.6710831373929977 6.4129040390253067 5.7820014208555213 7.5749396979808798 3.996691942214964 4.5403522849082929 5.5730351954698545 3.8138240873813629 6.236848771572113 7.7709455043077487 6.6056958436965934 5.1948403269052497 5.3849768191576066 4.855223149061203 4.770288720726966 5.7275650054216412 4.8500959277153006 4.1773243993520728 3.7934153228998264 6.6691337972879401 4.9205391854047855 5.0144373923540213 7.7334061414003354 3.7406910955905905 3.7072502821683724 3.9687544256448737 5.7773403376340857 4.4441672563552874 9.3698111325502378 4.8629781603813171 6.2629442811012268
leaf_count=24 34 27 38 20 23 27 20 32 38 34 27 28 26 24 30 26 21 20 36 26 28 43 20 20 21 31 24 51 27 34
internal_value=0 0.0233584 0.0150197 0.0765428 -0.0170995 0.0209545 0.00801214 0.0198826 0.0503294 -0.0157712 0.00155269 -0.0224101 0.0130654 0.0150711 -0.00754938 -0.0267675 -0.0117728 -0.0231302 -0.0348761 -0.0363994 -0.0382323 -0.0303722 -0.0368362 -0.045005 -0.0449638 -0.0449058 -0.0451772 -0.044828 -0.0448523 -0.0448127
internal_weight=0 71.3296 61.6618 9.66778 97.8739 11.9859 55.8798 37.2754 14.0078 18.6044 23.2676 85.888 9.39558 18.0728 10.4979 76.4924 26.8465 22.6692 49.6459 17.2842 44.7958 20.6655 11.9987 13.4908 24.1303 20.1616 8.25799 14.3842 8.57023 13.9964
internal_count=880 358 314 44 522 61 287 189 70 98 119 461 49 92 54 412 142 121 270 93 244 113 64 73 131 110 44 79 47 77
is_linear=0
shrinkage=0.05


Tree=10
num_leaves=31
num_cat=0
split_feature=72 82 33 94 109 68 39 72 7 102 9 38 19 102 2 65 61 60 104 59 49 68 42 52 61 92 62 17 85 70
split_gain=11.6852 8.84088 7.56397 7.92468 7.79422 7.22056 7.55822 6.83297 6.818 6.41169 6.30391 5.62876 10.2367 4.96441 5.91957 4.86689 4.5821 4.55292 4.48633 4.71063 5.91487 4.7274 4.3626 4.29541 4.26404 4.19361 2.25821 1.76695 1.23417 1.03116
threshold=-1.4197999999999997 1.3083500000000001 -1.4659499999999996 -0.18809999999999996 -1.2536499999999997 -0.92131999999999992 -1.4718499999999997 -0.70833999999999986 -0.20893499999999995 -1.6820999999999999 -5.2863499999999997 -1.5225499999999996 -0.047687499999999994 -1.3210999999999997 -0.31893499999999991 -0.34061999999999998 -0.51296999999999982 0.4174750000000001 -0.87895499999999982 0.33342500000000003 -0.16268999999999997 2.5996500000000005 0.92916500000000013 -0.16781499999999996 -2.2079499999999994 1.2403000000000002 2.4966500000000003 -0.71836999999999984 -0.47405999999999993 1.1447500000000002
decision_type=2 2 2 2 2 2 2 2 2 2 2 2 2 2 2 2 2 2 2 2 2 2 2 2 2 2 2 2 2 2
left_child=5 2 15 4 24 22 8 -5 -7 -6 -3 12 -8 -9 -15 -2 -10 -12 19 25 -21 -22 -1 -11 -4 29 -19 -20 -29 -13
right_child=1 10 3 7 9 6 11 13 16 23 17 18 -14 14 -16 -17 -18 26 27 20 21 -23 -24 -25 -26 -27 -28 28 -30 -31
leaf_value=-0.050894933056365305 -0.039349619804556715 0.030779492791969509 0.048410557698520033 0.039635657213500874 0.024056735841993689 0.049473839249175977 0.042971947858745821 -0.044752597012980677 0.029731659393734511 0.10439470132734885 -0.047109657368460345 -0.023102600466778526 -0.042248038937079346 0.047306060803712253 -0.022645310745141735 0.016246926664062269 -0.031013078933735769 0.020991329835196946 -0.012802068907508013 -0.02936845298685083 0.060012425409455464 -0.00041074316590987192 -0.00053043161324428331 0.050468569914298059 -0.0057093096112113854 0.010784191780309722 -0.024671161058196736 -0.022697020407774954 -0.051326302814040041 -0.051175340456554988
leaf_weight=15.495553761720659 7.7961285710334778 6.5775469243526485 5.8745481669902793 10.770116537809374 7.7533823549747458 10.659186184406282 10.503171771764753 6.7228975296020534 5.4606685042381287 8.1996974050998652 11.336210429668428 5.2770668268203762 5.303043693304061 5.4852677881717709 6.7413298189640001 7.9508738815784437 7.1948511898517591 5.4300758540630323 6.3960285186767605 6.6608847677707699 6.2264533936977369 6.7424423098564148 5.9509482681751242 6.7182856500148818 9.5663028359413129 5.5905672609806052 5.4003991186618805 5.2396727353334489 13.369779825210566 8.6054223179817182
leaf_count=60 29 24 21 39 28 38 39 25 20 29 43 20 20 20 25 29 27 20 24 25 23 25 23 24 35 21 20 20 51 33
internal_value=0 0.0117141 0.0199405 0.0271879 0.0422794 -0.0105209 -0.0050363 0.00783457 0.0200119 0.0609398 -0.0122056 -0.012344 0.0143803 -0.0102399 0.00873726 -0.0112782 -0.00480263 -0.0249606 -0.018933 -0.00835577 0.00892905 0.0285988 -0.0369199 0.0801092 0.0148809 -0.0257797 -0.00177736 -0.0354734 -0.0432654 -0.0405042
internal_weight=0 112.323 83.5788 67.8318 38.1122 124.676 103.229 29.7196 23.3147 22.6714 28.7442 79.9145 15.8062 18.9495 12.2266 15.747 12.6555 22.1667 64.1083 39.1028 19.6298 12.9689 21.4465 14.918 15.4409 19.4731 10.8305 25.0055 18.6095 13.8825
internal_count=880 411 304 246 137 469 386 109 85 81 107 301 59 70 45 58 47 83 242 147 73 48 83 53 56 74 40 95 71 53
is_linear=0
shrinkage=0.05


Tree=11
num_leaves=31
num_cat=0
split_feature=36 42 45 47 70 8 96 29 100 33 81 101 25 83 53 28 10 7 47 102 34 87 25 36 86 35 6 77 29 56
split_gain=6.93304 6.05132 10.5393 7.55603 5.96608 7.01826 8.80034 11.5161 8.61667 7.83616 7.62513 6.45894 6.06516 5.55509 5.45703 4.44253 3.97231 3.7769 3.60722 3.47326 2.77325 1.8778 2.86126 1.28212 0.79443 0.756054 0.707831 0.000735098 0.000663289 0.000537953
threshold=-0.92026499999999989 -3.5163499999999996 -4.103699999999999 4.8318500000000002 -3.0984999999999996 0.065980500000000011 -0.78041499999999997 0.18037500000000004 -1.4298499999999998 -0.6184599999999999 0.096376000000000003 0.69885500000000012 3.9194500000000008 1.5488000000000002 -1.3405999999999998 2.0003500000000005 2.9175500000000008 2.9647500000000004 1.0375000000000003 -3.0147999999999997 -1.5237999999999998 -1.4047999999999996 -0.50945999999999991 3.5979000000000005 -2.5818999999999996 0.37767000000000006 -1.2029999999999998 0.38487500000000002 -0.62711999999999979 -0.75086999999999982
decision_type=2 2 2 2 2 2 2 2 2 2 2 2 2 2 2 2 2 2 2 2 2 2 2 2 2 2 2 2 2 2
left_child=13 3 -3 -2 -4 8 9 10 -6 -7 -8 -9 16 17 -10 23 18 19 26 -1 -21 22 -22 25 -23 27 -11 -16 -26 -28
right_child=1 2 4 -5 5 6 7 11 14 12 -12 -13 -14 -15 15 -17 -18 -19 -20 20 21 24 -24 -25 28 -27 29 -29 -30 -31
leaf_value=0.016156063846618759 -0.04657618336352029 0.085651525828957367 0.064074027204486905 0.031384100612223839 0.054912136995143128 0.062239032625747349 0.052165142352314023 0.038289652387568214 0.022331271854383512 -0.022993236310437669 -0.032080766103639781 0.10878093298799485 0.031944655068312337 0.030086709613815762 -0.046654622163787393 0.0159447180092482 0.015786977048048639 0.011891320735890207 0.011023267556468014 -0.0019485957102480609 -0.04714513950359743 -0.02257351006080266 0.0071033846211696608 -0.011886508654427058 -0.047020942594626955 -0.023129156319227753 -0.046585584122913172 -0.047411234674780034 -0.046364384077839008 -0.047267232678736011
leaf_weight=4.7432975620031348 10.422856584191321 4.494340479373931 4.4679502844810477 4.4286415576934806 4.3956303149461737 4.5647763013839713 4.4971648603677767 7.0027624517679197 6.4782077372074118 4.2137809097766867 6.668773427605629 6.0632209181785583 7.5770822167396537 6.4730685055255881 11.957072243094457 4.7549801468849173 6.3330290019512168 8.457270532846449 4.3041269630193701 7.7496222704648963 4.3230320960283279 4.1683354079723314 5.5526536554098076 4.2733565717935553 5.1463699936866751 4.2246127426624289 6.4785047918558094 4.3884602487087241 15.233075678348554 5.2319230735302051
leaf_count=22 50 20 20 20 20 21 20 32 30 20 31 27 35 30 57 22 29 39 20 36 20 20 26 20 24 20 31 20 74 24
internal_value=0 0.0066666 0.010631 -0.0233288 0.00750545 0.00506128 0.0155071 0.0391365 -0.0111821 0.000712797 0.0018499 0.0710009 -0.0075141 -0.0137415 -0.0192351 -0.0283327 -0.0187704 -0.0188649 -0.0295895 -0.0244091 -0.0289716 -0.0350552 -0.0166436 -0.0368073 -0.0424622 -0.0419845 -0.0405667 -0.0468578 -0.0465302 -0.0468901
internal_weight=0 127.221 112.37 14.8515 107.875 103.407 62.9351 24.2319 40.4723 38.7032 11.1659 13.066 34.1384 61.8467 36.0767 29.5985 26.5614 55.3737 20.2283 46.9164 42.1731 34.4235 9.87569 24.8435 24.5478 20.5701 15.9242 16.3455 20.3794 11.7104
internal_count=880 589 519 70 499 479 290 110 189 180 51 59 159 291 169 139 124 261 95 222 200 164 46 117 118 97 75 77 98 55
is_linear=0
shrinkage=0.05


Tree=12
num_leaves=31
num_cat=0
split_feature=44 101 75 108 87 78 1 5 23 84 14 37 36 16 44 35 103 74 20 94 21 7 51 50 15 103 11 110 19 60
split_gain=11.9353 12.7939 11.2179 7.04018 6.67453 6.66621 6.21384 12.887 8.30826 6.86422 8.93951 6.69703 6.31943 6.09932 6.05203 6.02938 5.71702 5.06168 4.99038 4.99296 4.82718 4.34183 4.245 3.93842 3.85294 3.3067 3.12262 2.6935 2.63523 2.1694
threshold=-1.2088999999999996 0.82988500000000009 -2.0207999999999999 0.94732500000000008 -2.5262999999999995 1.3815500000000003 -0.20661999999999997 0.26133000000000006 0.37884000000000001 -0.13207999999999998 0.035273000000000006 0.24686000000000005 -0.25639999999999991 1.2126450000000002 -1.0890499999999996 -0.20629999999999996 -0.35795999999999994 -0.86595499999999992 -1.3213999999999999 1.6182500000000002 -1.5614499999999998 0.53868500000000008 0.05896450000000001 -1.3588999999999998 0.45884500000000006 0.71566000000000007 1.2275500000000001 0.66670000000000018 0.56785500000000011 0.18540500000000001
decision_type=2 2 2 2 2 2 2 2 2 2 2 2 2 2 2 2 2 2 2 2 2 2 2 2 2 2 2 2 2 2
left_child=18 5 -3 4 -4 6 9 -8 21 22 12 -10 -11 16 -7 -12 27 -5 19 -1 -16 -9 23 -2 -18 -23 -24 -6 -20 -15
right_child=1 2 3 17 13 14 7 8 11 10 15 -13 -14 29 20 -17 24 -19 28 -21 -22 25 26 -25 -26 -27 -28 -29 -30 -31
leaf_value=-0.029836168596951464 -0.0026523560135792365 -0.029727017783729368 -0.019739011898637644 0.015740839802669066 0.015468826012855595 0.018730593874387028 0.065389188434245238 0.017929334869069016 -0.0024569572615654486 0.07616028300623226 -0.055151716333132109 0.070759362780290699 0.0081802170300559439 0.076804683489038725 0.0067986283366617663 0.014729228273290571 0.015996816534282737 0.070848538426394811 -0.042577510330560314 0.035237553344037734 -0.042456287567402301 -0.055543236780121144 0.026991676513109603 -0.048719193478081374 -0.040517151340405753 -0.0081718502804118392 -0.023713760842888312 0.057296439433914104 -0.0052865907695758101 0.035113247454134043
leaf_weight=5.8220720291137678 6.5141182839870444 9.6235315203666669 9.5053919255733472 6.0801406204700497 8.8211349546909279 7.2199252247810355 10.329962670803068 5.9943250715732601 6.33171299099922 6.2349044978618622 6.0790693461894989 6.1635357737541199 7.5685410797595996 6.2150882780551893 6.2788568735122707 6.2707249224185926 6.0694789290428197 13.241813063621519 24.169757246971134 5.9706911146640778 23.942034721374512 7.5852407217025739 5.9633239507675153 16.123643279075626 5.9946978390216827 7.162298858165741 6.186093270778656 6.8280871212482461 5.8925310969352713 6.2660048007965088
leaf_count=20 22 33 32 20 29 24 33 20 21 20 21 20 25 20 21 21 20 42 84 20 83 26 20 56 20 24 21 22 20 20
internal_value=0 0.00466846 0.0208456 0.0278969 0.0179401 -0.00429439 0.00219111 0.0166106 0.00145041 -0.00811757 0.0112359 0.0336585 0.0388863 0.0268507 -0.0223972 -0.019669 0.0137797 0.0535075 -0.0244548 0.00311074 -0.0322228 -0.0179523 -0.0226677 -0.0354633 -0.012085 -0.0325368 0.0011741 0.0337191 -0.0352681 0.0558739
internal_weight=0 220.594 78.6454 69.0218 49.6999 141.948 104.507 43.5671 33.2371 60.9404 26.1532 12.4952 13.8034 40.1945 37.4408 12.3498 27.7134 19.322 41.8551 11.7928 30.2209 20.7419 34.7872 22.6378 12.0642 14.7475 12.1494 15.6492 30.0623 12.4811
internal_count=880 736 258 225 163 478 350 144 111 206 87 41 45 131 128 42 91 62 144 40 104 70 119 78 40 50 41 51 104 40
is_linear=0
shrinkage=0.05


Tree=13
num_leaves=31
num_cat=0
split_feature=44 11 36 56 65 91 26 28 76 84 3 93 76 25 20 52 52 110 87 14 60 28 37 103 72 58 28 28 84 101
split_gain=24.3279 10.8388 9.95807 9.94658 8.39417 7.3139 9.74128 6.63954 6.88428 9.94331 9.76501 6.05424 5.01319 5.0862 4.35481 3.6248 6.99086 6.01332 3.36179 4.24441 2.67991 2.03574 0.979268 1.14392 0.194967 0.184092 0.000324191 0.000230079 0.00017737 0.000168537
threshold=-0.68132499999999985 -2.3461499999999993 -2.0323999999999995 -1.3340499999999997 4.8511000000000015 -2.6339999999999995 -1.0592499999999998 -1.0935999999999997 -0.62848999999999988 2.0972500000000003 -0.13569499999999998 -2.0519999999999996 -1.0657999999999996 0.66681500000000016 0.46374000000000004 -0.57361499999999987 -1.2186499999999998 -0.15933999999999998 0.12957000000000005 -0.74209999999999987 -0.61422999999999994 -1.4313999999999998 4.7358000000000011 1.7373500000000002 -0.50248999999999988 -1.0831499999999996 1.9933000000000003 0.76135000000000008 3.5782000000000003 0.12839500000000001
decision_type=2 2 2 2 2 2 2 2 2 2 2 2 2 2 2 2 2 2 2 2 2 2 2 2 2 2 2 2 2 2
left_child=1 3 -3 -1 7 6 -2 18 11 10 -10 -9 13 -7 25 16 20 -18 24 -20 -14 -17 23 28 -4 -13 27 -22 29 -23
right_child=5 2 4 -5 -6 12 -8 8 9 -11 -12 14 15 -15 -16 21 17 -19 19 -21 26 22 -24 -25 -26 -27 -28 -29 -30 -31
leaf_value=0.11224090075567442 -0.017687068525196952 0.074588918190400103 -0.04533556750013415 0.011981188961188622 0.071684092769805668 0.049426366342753374 0.073269715596207194 0.043090132963637534 0.067782805602529 0.10601487555194314 -0.035325041230716551 -0.045865271300683089 0.0013361544815675046 -0.02390368616705105 0.018866034093543024 -0.0033943744616862963 -0.023226638352319025 0.052517009644300221 -0.033595694620153403 0.037458330352855 -0.044989854119520181 -0.04463278445583313 -0.018409277977594379 -0.021288202465979844 -0.031065037146254762 -0.031562905490409056 -0.045307112819058859 -0.04444238709568147 -0.044860458001648215 -0.044384196139131048
leaf_weight=5.840096116065979 7.1571862250566483 6.1203772574663153 7.0176694840192795 4.2916649878025037 4.6627050191164008 4.699576720595358 5.0001248419284803 5.0411773025989506 4.3658216148614875 4.2488681375980368 4.8442478924989727 5.7420925348997063 4.2974535971879968 4.759456530213356 4.6467560529708871 4.8057651221752158 4.5943893492221832 6.0987036973237974 4.2159498184919357 4.1911122351884824 4.2425850480794907 12.502887174487119 5.7176115214824668 6.3630774617195121 3.6322324126958865 3.6993903368711507 3.7785584032535553 3.5042333453893661 3.8286834210157386 14.996251061558722
leaf_count=23 37 27 37 21 23 23 24 25 21 20 25 29 23 26 24 26 25 31 22 21 23 70 32 35 20 20 20 20 21 86
internal_value=0 0.0218033 0.0140182 0.0697724 0.00743452 -0.0165302 0.0197221 0.00163386 0.0153433 0.0427409 0.0135509 -0.00393296 -0.0217652 0.0125292 -0.0207592 -0.026106 -0.011257 0.019973 -0.0218099 0.00182636 -0.0323623 -0.0342724 -0.0376909 -0.0406159 -0.0404685 -0.0402613 -0.0449274 -0.0447422 -0.0445416 -0.0444972
internal_weight=0 72.5602 62.4284 10.1318 56.308 96.3465 12.1573 51.6453 32.5884 13.4589 9.21007 19.1294 84.1892 9.45903 14.0882 74.7302 26.5159 10.6931 19.057 8.40706 15.8228 48.2143 43.4085 37.6909 10.6499 9.44148 11.5254 7.74682 31.3278 27.4991
internal_count=880 358 314 44 287 522 61 264 164 66 46 98 461 49 73 412 142 56 100 43 86 270 244 212 57 49 63 43 177 156
is_linear=0
shrinkage=0.05


Tree=14
num_leaves=31
num_cat=0
split_feature=1 65 82 33 36 82 48 109 11 71 81 11 0 10 55 80 6 60 16 17 60 34 94 11 98 68 6 2 39 24
split_gain=10.8778 10.1554 9.06693 8.83814 7.6414 7.32474 8.42502 7.64048 8.29199 6.73035 6.41349 5.86089 7.85223 5.60858 4.88489 4.64704 4.63102 4.51443 3.89818 5.37226 5.04341 3.97347 3.89651 3.84628 4.72038 6.07744 3.48849 3.35111 2.9846 3.32699
threshold=-0.27653999999999995 -1.7310499999999998 1.3083500000000001 -1.4659499999999996 7.2396000000000003 -0.17836499999999997 3.1347500000000008 -0.29642499999999994 -0.33508499999999991 0.60709000000000002 -1.60225 -1.1708999999999998 1.2643500000000003 -7.2396499999999993 -1.0000000180025095e-35 1.5499500000000002 0.25057500000000005 0.22578500000000004 3.1228500000000006 1.6976000000000002 -1.0584499999999999 0.098845500000000017 -0.92140999999999995 -1.6498499999999996 -0.36262999999999995 -0.40894999999999998 -0.93059999999999987 1.7389500000000002 -0.095913499999999985 -1.0025999999999999
decision_type=2 2 2 2 2 2 2 2 2 2 2 2 2 2 2 2 2 2 2 2 2 2 2 2 2 2 2 2 2 2
left_child=1 -1 3 22 10 6 7 15 13 -7 11 16 -13 -9 -10 -5 -2 -4 19 21 -21 23 -3 -12 28 -26 -19 -22 29 -25
right_child=4 2 17 5 -6 9 -8 8 14 -11 18 12 -14 -15 -16 -17 -18 26 -20 20 27 -23 -24 24 25 -27 -28 -29 -30 -31
leaf_value=-0.027180179877450739 -0.044014896284932332 -0.042743434706729436 -0.032971284504903137 0.091928803256614428 0.038657733824707857 0.097245888943262832 -0.028739130004945088 0.010027796770383877 -0.044132908892661013 0.027396624928827759 -0.044831914592801406 -0.0041408944464627053 0.076866278540040536 0.078785241377476056 0.019194851696759066 0.031847236904014802 0.015598493773016121 -0.016898678769797806 -0.043686209730409577 0.042040434055233528 -0.029321902219493275 -0.042465251912578578 0.011685798677143517 0.018434601168137381 -0.017766463323916491 0.053611427144046889 0.038138753480752297 0.018002686520535712 -0.041178596421641685 -0.033765686219503876
leaf_weight=14.541539192199705 6.3763185888528842 5.361171066761016 10.939003691077234 7.1552273929119021 7.6432182043790808 7.8515856862068159 6.2490967810153952 5.5172759592533112 5.9362494051456371 6.1499640941619873 8.2449808567762357 6.2093278467655164 5.7725157737731934 6.4135680794715828 6.2524900734424795 5.849333643913269 6.6612359285354614 5.5102336704730988 13.504571393132208 6.8345386683940914 8.9658420234918577 17.582291409373283 8.5036759674549085 7.0403942167758879 5.8568231463432312 6.0759125053882617 6.029673904180525 6.4187266528606406 9.7244685292243975 5.3888066112995157
leaf_count=56 24 20 42 25 28 27 23 20 22 22 32 23 21 23 23 21 25 20 52 25 34 68 31 26 22 22 22 24 37 20
internal_value=0 0.0116967 0.0177289 0.026465 -0.0098243 0.0351224 0.024972 0.0340131 0.0173574 0.0665657 -0.0128955 0.00964259 0.0348861 0.0469892 -0.0116475 0.0649047 -0.0135568 -0.00995708 -0.0187916 -0.0146983 0.00630024 -0.0224857 -0.00936055 -0.0141872 -0.00677474 0.0185777 0.0118587 -0.00957721 -0.0204305 -0.00419737
internal_weight=0 108.26 93.7185 71.2396 128.3 57.3748 43.3732 37.1241 24.1196 14.0015 120.657 25.0194 11.9818 11.9308 12.1887 13.0046 13.0376 22.4789 95.6374 82.1328 22.2191 59.9137 13.8648 42.3314 34.0864 11.9327 11.5399 15.3846 22.1537 12.4292
internal_count=880 397 341 257 483 206 157 134 88 49 455 93 44 43 45 46 49 84 362 310 83 227 51 159 127 44 42 58 83 46
is_linear=0
shrinkage=0.05


Tree=15
num_leaves=31
num_cat=0
split_feature=55 56 2 110 73 96 101 48 101 44 51 50 55 17 35 9 8 107 12 84 94 39 10 10 24 70 108 100 68 83
split_gain=6.50933 7.28967 6.59505 6.16333 6.07613 15.4517 9.50796 6.91817 6.68508 6.31628 6.80304 6.77329 11.9391 8.73386 6.00894 5.71921 6.90331 4.2568 8.36727 4.1777 3.85833 3.54507 2.53582 1.20291 2.29771 0.759109 0.598568 0.166598 0.154546 0.150857
threshold=3.2966000000000002 -1.5329499999999998 3.1692000000000005 -3.3619499999999998 0.80881000000000014 -0.72097999999999984 0.77243500000000009 -3.3146 1.3861000000000001 6.1391000000000009 11.946500000000002 -0.57586499999999996 -2.0483999999999996 -0.060374499999999991 -1.3647499999999997 0.23177000000000003 0.27069500000000007 0.44723000000000007 0.64029500000000017 2.8331500000000003 0.35723000000000005 0.23805500000000002 0.32693500000000003 -0.51586999999999994 -0.80134499999999986 -1.3296999999999997 1.3544500000000002 0.30427500000000002 -0.14641499999999999 -0.83978499999999989
decision_type=2 2 2 2 2 2 2 2 2 2 2 2 2 2 2 2 2 2 2 2 2 2 2 2 2 2 2 2 2 2
left_child=1 2 17 14 9 7 -7 8 -6 10 11 12 -5 22 -3 23 -17 25 -19 27 -9 -18 28 24 -13 -1 -2 -20 -14 -26
right_child=26 3 -4 4 5 6 -8 20 -10 -11 -12 15 13 -15 -16 16 21 18 19 -21 -22 -23 -24 -25 29 -27 -28 -29 -30 -31
leaf_value=-0.021688623665420417 -0.04646459204921425 0.071665883332435829 0.041526858754347314 0.078986695371563789 0.055570224872793533 0.025522783184480376 0.11952328604248935 0.0034056256787604842 -0.022362826209796311 0.051492188460945609 0.045680920393752406 0.00045758959446906696 -0.046854957775991912 0.045135639701078305 -0.0023633572433349403 0.040007897209285562 0.003948292290464654 0.053652886061799791 -0.046113767628048509 0.014223643352516357 -0.046571529065565317 -0.047004704320678506 0.0018450191297283505 -0.046483423730915761 -0.046531087646696889 -0.046312940794966215 -0.022379732979060166 -0.033241642979530521 -0.034140094234360589 -0.033624281525657579
leaf_weight=4.0723090320825603 6.8342622369527799 7.0550893545150757 4.4793503284454337 5.0994183272123363 8.195918530225752 5.4354303777217847 5.3260454684495926 7.9743718057870883 4.1425354480743399 5.0529047995805731 5.8713615834712973 5.2883652150630889 5.7330251634120968 5.9023921787738702 4.482903838157652 6.8105200529098537 6.8030113726854307 4.4400606155395534 6.8670427799224836 4.9033665359020224 7.4883392155170441 6.8519668132066727 5.117924392223359 13.669950187206279 5.187240734696382 13.522852569818495 4.1438040286302567 3.9651118069887161 4.0983017534017554 4.0173129737377247
leaf_count=20 33 30 20 22 36 24 22 38 20 23 26 25 27 26 21 30 31 20 34 23 36 32 24 66 25 66 20 20 20 20
internal_value=0 0.00229826 -0.0158366 0.00794852 0.00469781 0.0211743 0.0720453 0.00148284 0.0294048 -0.0027332 -0.00613896 -0.0102185 0.0104081 -0.00636334 0.042903 -0.0212262 -0.00111113 -0.0226395 -0.00696417 -0.0240684 -0.0207975 -0.0216195 -0.0266966 -0.0358434 -0.0258076 -0.0406138 -0.0373735 -0.0414019 -0.0415546 -0.0408979
internal_weight=0 177.854 42.2501 135.604 124.066 38.5626 10.7615 27.8012 12.3385 85.5037 80.4508 74.5794 25.9511 20.8516 11.538 48.6284 20.4655 37.7707 20.1756 15.7355 15.4627 13.655 14.9493 28.1629 14.4929 17.5952 10.9781 10.8322 9.83133 9.20455
internal_count=880 827 203 624 573 176 46 130 56 397 374 348 119 97 51 229 93 183 97 77 74 63 71 136 70 86 53 54 47 45
is_linear=0
shrinkage=0.05


Tree=16
num_leaves=31
num_cat=0
split_feature=44 101 105 108 87 105 78 87 66 32 58 11 102 76 1 84 94 44 38 21 29 74 20 74 29 28 104 40 34 102
split_gain=10.8804 11.5441 9.69089 6.46888 6.40489 6.93058 6.17809 5.79967 6.34904 5.89405 6.6818 11.3575 5.78486 11.4223 6.36715 6.54699 5.80564 5.71106 5.26091 5.95586 4.7474 5.659 4.58972 4.54186 3.27717 2.7274 2.28998 1.53078 1.51833 1.55034
threshold=-1.2088999999999996 0.82988500000000009 -1.8903999999999999 0.94732500000000008 -2.6148999999999996 -0.26913499999999996 1.3815500000000003 2.8695500000000007 -1.2393499999999997 1.9398000000000002 1.0175000000000003 0.95222000000000018 -0.47018999999999994 1.4811500000000002 -0.41437499999999994 -0.14475999999999997 -0.98890499999999981 -1.0890499999999996 1.1946500000000002 0.28253500000000004 -2.5176499999999997 -2.0513999999999997 -1.5126499999999996 -0.86595499999999992 -0.13467499999999996 0.97268500000000013 -0.46966999999999998 -1.0000000180025095e-35 -0.97067999999999988 -0.81907999999999992
decision_type=2 2 2 2 2 2 2 2 2 2 2 2 2 2 2 2 2 2 2 2 2 2 2 2 2 2 2 2 2 2
left_child=20 6 -3 4 -4 -6 7 8 9 10 -2 -12 13 14 15 -10 -15 -8 19 -7 21 -1 -19 -5 -14 -20 -22 -25 -24 -30
right_child=1 2 3 23 5 18 17 -9 12 -11 11 -13 24 16 -16 -17 -18 22 25 -21 26 -23 28 27 -26 -27 -28 -29 29 -31
leaf_value=-0.030084470639163776 -0.028827665832953708 -0.028329973904029651 -0.022065239472349313 0.014771178284687825 0.073118776297019988 0.0028622383140336424 0.018161077571216523 0.049640238579824435 -0.05124262253508971 0.058668128998073436 -0.011448810102700721 0.070309438390425236 -0.010566070807582591 0.0038587278706510779 0.014587987351674554 0.010457095021235679 0.061710471285014105 0.0060087432821888135 -0.033170335500791626 0.054324321437691184 -0.054107912046274922 0.025016174892079097 -0.054414923690914919 0.048836022276673323 -0.055153808536913533 0.0136810850752596 -0.022165725275361009 0.082623784169655171 -0.010130189975340011 -0.046553623455378994
leaf_weight=10.223160028457643 8.9116746783256549 9.2536110579967481 8.820298880338667 6.1134893000125912 6.3067882955074301 10.45283827185631 7.2444721162319174 6.0468504428863517 15.656382679939272 6.7706047296524039 9.6621407270431536 7.5802655220031729 7.4436015188694027 9.1250951886177081 9.632980555295946 5.9271538257598868 8.2642368376255018 6.4477559626102474 6.2685630619525892 12.165873050689695 11.873482406139376 8.5627664327621442 11.658022522926332 6.3252005577087411 9.2324892282485944 6.1576237380504608 10.638357073068617 7.1321473419666264 5.6637974977493286 6.0338655710220319
leaf_count=36 30 32 30 20 20 34 24 20 55 22 32 24 25 31 32 20 27 22 21 39 42 29 41 20 32 20 37 22 20 21
internal_value=0 0.00443971 0.0197476 0.0261266 0.016616 0.0248667 -0.00411836 0.00211412 -0.000812193 0.0170893 0.00632564 0.0244945 -0.00984074 -0.00112263 -0.0192131 -0.034299 0.0313526 -0.0216567 0.0161831 0.030542 -0.0235269 -0.00496918 -0.0313353 0.0505081 -0.0352515 -0.00995377 -0.0390131 0.0667429 -0.0416449 -0.0289181
internal_weight=0 220.298 78.9964 69.7428 50.172 41.3517 141.301 104.253 98.2066 32.9247 26.1541 17.2424 65.2819 48.6058 31.2165 21.5835 17.3893 37.0479 35.0449 22.6187 41.2978 18.7859 29.8034 19.5708 16.6761 12.4262 22.5118 13.4573 23.3557 11.6977
internal_count=880 736 258 226 164 134 478 350 330 108 86 56 222 165 107 75 58 128 114 73 144 65 104 62 57 41 79 42 82 41
is_linear=0
shrinkage=0.05


Tree=17
num_leaves=31
num_cat=0
split_feature=44 37 11 50 95 91 26 103 65 65 69 101 52 28 34 74 52 22 2 102 6 21 20 81 26 9 76 9 78 100
split_gain=22.085 9.69147 8.85479 7.23794 9.2437 6.75275 8.559 5.91962 5.48008 5.31248 8.87654 5.44916 4.78436 6.48892 7.26912 6.17806 4.31752 5.78586 3.11856 2.57345 1.57948 1.83579 0.885537 0.255213 0.22581 0.188594 0.000730881 0.000599096 0.000417839 0.000185648
threshold=-0.68132499999999985 -1.7694499999999997 -1.8723999999999998 -0.78960499999999989 -0.32271499999999992 -2.6339999999999995 -0.6767399999999999 -0.49728999999999995 2.4561500000000005 -0.35242999999999997 -1.3148499999999996 0.17648000000000003 -0.42996499999999993 2.1425000000000005 -1.0206999999999999 0.62484000000000017 -0.72477499999999984 -0.88191999999999993 0.98431500000000016 3.5795500000000007 2.9127000000000005 13.458000000000002 -1.7221999999999997 7.1161000000000003 1.4849500000000002 0.2596500000000001 -0.83408499999999985 -0.85336499999999993 0.024534500000000004 -0.8560549999999999
decision_type=2 2 2 2 2 2 2 2 2 2 2 2 2 2 2 2 2 2 2 2 2 2 2 2 2 2 2 2 2 2
left_child=1 7 3 4 -3 6 18 -1 9 10 16 -12 13 14 15 -7 17 -4 -2 20 21 22 -14 26 28 -11 -24 -18 -16 -28
right_child=5 2 8 -5 -6 12 -8 -9 -10 25 11 -13 19 -15 24 -17 27 -19 -20 -21 -22 -23 23 -25 -26 -27 29 -29 -30 -31
leaf_value=0.015509494221866583 0.017849880361408811 0.11542267177291915 -0.034371213907255997 0.0018564397037955376 0.024643290061860338 0.039505829272025589 0.072746922976650183 0.085425423470979325 0.037419817770579518 -0.045412856088730746 0.08610960442028473 0.004332732094297507 -0.016764425159147476 0.042774224599692115 -0.044393992065788736 -0.034071437392010011 -0.04589989583087635 0.047707222790043163 -0.045564941736917525 0.0021485071934353984 -0.0025349140173396654 -0.0031055879457828773 -0.044921346971874165 -0.030054492937882333 -0.029934347166744375 -0.031078858279458627 -0.044418951393822681 -0.045012945823451243 -0.045036038622154752 -0.044135478586262468
leaf_weight=4.7957459837198249 3.9229537397623062 5.1319520324468622 4.3410720527172071 7.2614769786596289 6.1824467331171045 7.5895135402679479 4.5742089301347715 8.210899278521536 7.7150531113147727 6.2546072751283663 4.140939921140669 4.0095119327306747 3.5769791156053534 5.6246326565742484 6.2694881707429868 4.5715361088514328 3.9377189725637436 4.2482867240905762 3.8329380452632904 5.3425384014844886 3.55483254790306 3.5992408096790305 4.3662349432706788 3.4838617146015158 3.4632481038570413 3.6245497763156891 8.3951672762632352 3.6860848814249065 4.2531189769506454 18.510996773839008
leaf_count=23 20 21 22 36 28 38 21 36 37 33 20 21 20 28 36 25 20 21 20 30 20 20 24 20 20 20 48 20 23 109
internal_value=0 0.0204886 0.0120749 0.0408153 0.0658187 -0.0160132 0.0185024 0.0596464 -0.000649226 -0.00922636 0.00331439 0.0458805 -0.0211655 -0.00594497 -0.0164253 0.0118469 -0.0180838 0.00622468 -0.0134895 -0.0306791 -0.0345348 -0.0372476 -0.0404533 -0.0428912 -0.0410087 -0.0401539 -0.0443213 -0.0454711 -0.0446535 -0.0442239
internal_weight=0 73.5403 60.5337 18.5759 11.3144 94.9315 12.3301 13.0066 41.9578 34.2428 24.3636 8.15045 82.6014 31.7715 26.1469 12.161 16.2132 8.58936 7.75589 50.8299 45.4873 41.9325 38.3332 34.7563 13.9859 9.87916 31.2724 7.6238 10.5226 26.9062
internal_count=880 358 299 85 49 522 61 59 214 177 124 41 461 170 142 63 83 43 40 291 261 241 221 201 79 53 181 40 59 157
is_linear=0
shrinkage=0.05


Tree=18
num_leaves=31
num_cat=0
split_feature=66 1 62 30 60 68 39 21 7 36 39 20 87 3 67 5 104 104 58 46 76 71 24 42 66 107 21 36 0 87
split_gain=9.97964 9.2047 9.44657 8.42622 7.00338 6.24655 7.0507 5.91709 9.72424 5.15176 5.04645 5.88422 5.63188 5.33704 9.83009 5.02446 4.9908 4.73744 4.51771 3.81715 4.29974 3.76686 3.8406 3.17902 2.71854 4.31062 2.69898 2.3087 1.54306 0.918416
threshold=-1.3563499999999997 -0.7965899999999998 0.44495000000000001 -0.39595999999999992 3.2003000000000004 -0.92131999999999992 -1.5423999999999998 0.54853500000000011 -0.20893499999999995 -1.3041499999999997 -0.23323999999999998 -1.3314499999999998 1.3256500000000002 -1.0894999999999999 -0.95471499999999987 1.1982000000000002 -0.94194999999999995 -1.1155999999999999 0.32883000000000001 0.81871000000000016 1.2444500000000003 -0.9444349999999998 -0.49743499999999996 0.92916500000000013 0.14137000000000002 -0.48706499999999991 -0.47067999999999993 0.090077000000000004 0.41671000000000008 -0.26742999999999995
decision_type=2 2 2 2 2 2 2 2 2 2 2 2 2 2 2 2 2 2 2 2 2 2 2 2 2 2 2 2 2 2
left_child=5 2 3 -2 21 23 7 -7 -9 17 11 -3 24 -13 15 -15 19 28 -19 20 27 -4 -23 -1 -12 -26 -5 -11 -8 -18
right_child=1 10 4 26 -6 6 9 8 -10 16 12 13 -14 14 -16 -17 29 18 -20 -21 -22 22 -24 -25 25 -27 -28 -29 -30 -31
leaf_value=-0.046728740678211284 0.03524846317861613 -0.029313866948399055 0.092940580600017655 -0.051694731446081381 0.0038936471706366251 -0.011481789222592388 -0.033216548159735765 0.083211647943411793 -0.0034876384904442221 -0.0061095390559290702 -0.046320835788815837 -0.012221091964568274 0.017885165197966083 0.042132210805566138 0.086265722422369018 -0.024969652469541442 -0.050217658175851054 0.063840001844877425 0.0003747044343902343 0.019067151640652199 0.012802635496387669 0.019971174085609358 0.07402967076343106 -0.0051935030944058602 0.02148507902594015 -0.037232849112839896 -0.0033689513470589456 -0.045828523880664898 0.0045641670243645625 -0.029634714112452359
leaf_weight=15.203411355614664 10.543045401573183 6.6442897021770504 6.6410772502422395 5.5504850298166275 6.9470192790031424 8.5841094404459017 5.498282343149187 6.8094400465488434 6.1598253548145276 5.51050832867623 11.048612564802172 7.3718005120754304 9.2094743400812131 5.7602344602346403 6.6921791285276404 5.4096353352069855 8.7989164143800753 5.5427925884723646 5.6749667078256607 9.7551613301038724 7.7059491723775855 6.6350943744182622 6.5084246993064827 6.6095823496580115 5.4038943797349912 7.4138273894786835 6.0259522944688779 10.886237531900404 5.3152439445257187 14.111064106225966
leaf_count=61 37 25 22 21 25 32 21 23 23 21 43 27 34 21 23 20 35 20 21 36 29 23 22 26 20 29 22 43 20 55
internal_value=0 0.0106854 0.0270822 0.0029112 0.0470829 -0.00989252 -0.00462132 0.0207198 0.0420333 -0.0115527 -0.00164645 0.0125496 -0.0153285 0.0235727 0.038345 0.00963437 -0.0195171 0.00896925 0.0317335 -0.007322 -0.0180026 0.0622481 0.0467399 -0.0341431 -0.0281449 -0.0124776 -0.0265394 -0.03248 -0.0146459 -0.0375399
internal_weight=0 113.805 48.8511 22.1195 26.7316 122.165 100.352 21.5534 12.9693 78.7991 64.9539 31.8781 33.0758 25.2338 17.862 11.1699 56.7678 22.0313 11.2178 33.8579 24.1027 19.7846 13.1435 21.813 23.8663 12.8177 11.5764 16.3967 10.8135 22.91
internal_count=880 414 172 80 92 466 379 78 46 301 242 116 126 91 64 41 219 82 41 129 93 67 45 87 92 49 43 64 41 90
is_linear=0
shrinkage=0.05


Tree=19
num_leaves=31
num_cat=0
split_feature=36 42 45 31 52 53 50 71 58 58 69 99 75 73 54 45 73 112 105 95 37 35 98 77 108 16 10 60 84 35
split_gain=6.19857 5.3187 8.77574 7.16372 5.20795 5.271 7.84435 8.87477 6.95586 6.2115 5.92969 5.3848 6.77226 4.34627 9.8955 10.2445 4.20389 7.66146 4.08296 6.02717 4.60877 3.24954 2.73038 2.42872 2.2044 4.08098 2.08688 1.46407 0.769128 0.191752
threshold=-0.92026499999999989 -3.5163499999999996 -4.103699999999999 5.7674500000000011 -2.0352999999999994 -1.4621999999999997 0.94833000000000012 -1.3235999999999997 0.72946500000000014 -0.16804999999999998 -0.88797999999999988 0.24749000000000002 -0.75651499999999994 -1.4146999999999998 0.22672 -1.4786999999999997 0.46972000000000008 0.21280000000000002 0.62356500000000015 -0.86646999999999985 0.17865000000000003 0.23942000000000002 -1.2561499999999997 4.0195000000000007 -0.68052499999999994 -1.0552399999999997 1.5045500000000003 -0.86490999999999996 2.5374000000000003 0.21221000000000004
decision_type=2 2 2 2 2 2 2 2 2 2 2 2 2 2 2 2 2 2 2 2 2 2 2 2 2 2 2 2 2 2
left_child=13 3 -3 -2 -4 9 11 8 -8 -6 -9 18 -13 14 15 -1 29 22 21 20 -20 26 -18 -22 -12 -26 28 -24 -7 -15
right_child=1 2 4 -5 5 6 7 10 -10 -11 24 12 -14 16 -16 -17 17 -19 19 -21 23 -23 27 -25 25 -27 -28 -29 -30 -31
leaf_value=-0.0096627881636794696 -0.045969851178549723 0.076183735358608062 -0.046544300795865579 0.030250707663956763 0.07625032588743158 -0.046502824473360467 0.018922396341283707 0.049537335860242372 0.10389815226961972 0.0076011606106751953 0.01882860742596152 0.072448803146403201 -0.013973964151711694 -0.04656998076230049 -0.046495886522904498 0.074663096469327117 0.005537704784095536 0.047301508720423477 0.027708720723646371 0.052020856175494672 -0.046656382932592722 0.010443664568585843 -0.010501313707632864 0.001496524371307867 0.014173330946255603 -0.046550386593089986 -0.0026591858008059004 -0.045888195979990491 -0.021835393775598125 -0.033905693347954763
leaf_weight=8.047603115439415 9.9444826841354352 4.7837466895580283 4.361258089542388 4.4676702022552481 6.010877400636673 14.049408376216897 4.4694405794143659 6.1264945119619396 5.2219803929328918 7.2929972261190397 5.2137502729892757 4.5481684654951096 4.5192138254642469 11.381627067923544 6.4041588008403769 6.5195501744747171 5.7174021899700191 4.7209157198667517 5.2997041493654313 4.9791279584169379 7.0830839276313764 5.1894739419221869 4.1465129703283337 4.1545583009719849 4.8487020283937472 6.4441736042499507 4.4261697530746451 9.9052632451057416 4.0770468711853018 4.0534133166074744
leaf_count=38 50 20 21 20 26 68 20 27 22 34 23 20 21 55 31 29 27 21 24 22 34 24 20 20 22 31 20 50 20 20
internal_value=0 0.00626443 0.00990972 -0.022342 0.00698274 0.00922839 0.0049152 0.0246725 0.0647095 0.0386178 0.00752885 -0.00603442 0.0293754 -0.0131263 0.00530441 0.0280774 -0.0228074 -0.0099269 -0.0125526 0.00379304 -0.0107276 -0.02523 -0.0235932 -0.0288542 -0.00806275 -0.0204781 -0.0334387 -0.0354459 -0.0409546 -0.0432442
internal_weight=0 127.512 113.099 14.4122 108.316 103.954 90.6505 32.3245 9.69142 13.3039 22.6331 58.326 9.06738 60.8964 20.9713 14.5672 39.9251 24.4901 49.2586 21.5165 16.5373 27.7421 19.7692 11.2376 16.5066 11.2929 22.5526 14.0518 18.1265 15.435
internal_count=880 589 519 70 499 478 418 145 42 60 103 273 41 291 98 67 193 118 232 100 78 132 97 54 76 53 108 70 88 75
is_linear=0
shrinkage=0.05


Tree=20
num_leaves=31
num_cat=0
split_feature=81 10 44 101 89 17 1 3 1 70 44 102 76 86 100 2 20 39 13 86 2 2 15 97 47 59 28 10 48 64
split_gain=10.3124 8.86169 8.12212 8.34236 7.00649 5.28062 5.21347 9.11094 6.59392 5.83253 5.59093 5.51995 11.0484 7.6348 5.39147 5.08839 4.81938 6.57602 6.5128 7.5662 4.80394 4.72238 4.132 3.85734 4.03089 3.80867 3.23261 1.78533 0.134229 0.119935
threshold=-1.7748999999999997 -1.8652499999999999 -1.2088999999999996 0.82988500000000009 -2.7061999999999995 -1.5404999999999998 -0.26610499999999998 2.8330000000000006 0.11693000000000002 1.9607500000000002 0.31106000000000006 -0.47018999999999994 1.4811500000000002 0.42506000000000005 -0.77069499999999991 1.9558500000000003 4.9884000000000013 -1.0459999999999996 0.29596000000000006 1.7102500000000003 0.69047500000000006 0.20411500000000002 0.28085000000000004 4.0272000000000014 1.1865500000000002 1.0495000000000003 -1.2502999999999997 -0.37178499999999998 -0.91186999999999985 0.39793500000000009
decision_type=2 2 2 2 2 2 2 2 2 2 2 2 2 2 2 2 2 2 2 2 2 2 2 2 2 2 2 2 2 2
left_child=1 -1 5 6 -5 -2 11 8 -8 10 20 12 13 14 27 -3 17 22 19 -19 -10 -12 -6 24 -20 29 28 -4 -7 -13
right_child=2 15 3 4 16 26 7 -9 9 -11 21 25 -14 -15 -16 -17 -18 18 23 -21 -22 -23 -24 -25 -26 -27 -28 -29 -30 -31
leaf_value=0.025873311919521847 0.020317760223565032 -0.053799757683612816 -0.019846369863091105 -0.026832061685436684 0.017162611849233681 -0.043756658954861007 0.053704276390525191 -0.046662927346052673 0.0064944249195571921 0.048705788487022367 -0.011012191270544423 -0.054721142635356185 0.042244362668966418 0.030582104705808928 0.0063589136745672171 -0.0065325953153213259 0.0590836608269244 0.038494656779326238 0.084871791333123336 -0.018661616594665881 -0.044437365872644484 0.045317682638792822 -0.036407528754734873 0.017441342377675501 0.033613659208169021 -0.0082242846692942486 -0.010246205439878737 -0.053820013474271705 -0.054195855535869912 -0.044644410354553653
leaf_weight=6.5741044878959647 5.851254582405093 18.170992359519008 5.695256948471072 7.1451321840286246 7.252825200557707 5.4550921767950085 9.9967834353446943 6.2520267367362967 9.3112337589263934 7.3835667669773093 6.35085105895996 6.2771774828434008 11.436614602804182 7.2469170093536368 8.0802637636661547 8.2920582592487317 9.1001086831092817 11.919758945703508 8.7134228646755236 11.259656518697737 9.2084226012229902 8.9840436279773694 7.1463840007781982 6.9199710190296164 6.8511638939380637 10.126190721988676 8.9062018394470179 12.046274274587629 7.0703916251659402 5.5759011507034302
leaf_count=22 20 65 20 25 24 20 32 22 31 24 21 22 38 24 28 29 29 38 27 37 32 29 24 22 22 34 31 43 25 20
internal_value=0 -0.0260818 0.00381224 0.00729867 0.0203055 -0.0217811 -0.000707433 0.0103193 0.0172727 0.00844109 -0.000340506 -0.0102419 -0.000117304 -0.0147678 -0.0274953 -0.0389888 0.0251752 0.0200377 0.029328 0.0107304 -0.0188301 0.021989 -0.00942446 0.0485004 0.0623092 -0.030743 -0.0332749 -0.042914 -0.0496494 -0.0499809
internal_weight=0 33.0372 227.563 200.28 76.3084 27.2829 123.972 57.4869 51.2349 41.2381 33.8546 66.4846 44.5053 33.0687 25.8218 26.4631 69.1633 60.0632 45.664 23.1794 18.5197 15.3349 14.3992 22.4846 15.5646 21.9793 21.4317 17.7415 12.5255 11.8531
internal_count=880 116 764 668 248 96 420 191 169 137 113 229 153 115 91 94 223 194 146 75 63 50 48 71 49 76 76 63 45 42
is_linear=0
shrinkage=0.05


Tree=21
num_leaves=31
num_cat=0
split_feature=44 37 11 91 58 50 54 71 34 65 52 28 34 49 69 69 52 102 0 6 21 20 3 3 10 78 94 61 101 10
split_gain=20.0764 8.37773 7.8266 6.29384 7.97603 6.27001 8.24845 5.26576 5.19021 4.94129 4.57267 5.96259 6.86128 5.90884 3.86449 5.86658 2.80641 2.51633 2.35872 1.54561 1.80155 0.879821 0.261118 0.228048 0.000599967 0.000466486 0.000405052 0.000207702 0.000120657 0.000139237
threshold=-0.68132499999999985 -1.7694499999999997 -1.8723999999999998 -2.6339999999999995 -2.0672999999999999 -0.78960499999999989 -1.8507999999999998 0.33657000000000009 2.9210500000000006 2.4561500000000005 -0.42996499999999993 2.1425000000000005 -1.0206999999999999 -0.57293999999999989 -0.62391999999999992 -1.3148499999999996 -0.72477499999999984 3.5795500000000007 -1.0089999999999997 2.9127000000000005 13.458000000000002 -1.7221999999999997 -1.6195499999999996 1.7698500000000001 -0.13248999999999997 -0.080383999999999983 1.1348500000000004 -0.087014999999999981 0.99886000000000008 0.92882500000000012
decision_type=2 2 2 2 2 2 2 2 2 2 2 2 2 2 2 2 2 2 2 2 2 2 2 2 2 2 2 2 2 2
left_child=1 7 5 4 -2 6 -3 -1 9 14 11 12 13 18 15 16 -4 19 -5 20 21 -12 -23 25 -16 -14 27 -24 -29 -30
right_child=3 2 8 10 -6 -7 -8 -9 -10 -11 17 -13 23 -15 24 -17 -18 -19 -20 -21 -22 22 26 -25 -26 -27 -28 28 29 -31
leaf_value=0.024381216142826224 -0.027053303651719436 0.024288899858665142 -0.0010018541448837761 -0.044623665707839426 0.053465079755517668 0.0015618672165347326 0.10895752644385813 0.086864794974499115 0.035872849001026864 0.034074279728809657 -0.016272371005892381 0.040253886467437008 -0.044012259929442167 0.058718214975841065 -0.04528737131128463 0.040674807114125723 -0.045187281763313596 0.0024292098859987495 0.0099354294405466503 -0.0022625342588768155 -0.0028777656364272156 -0.029323339424444018 -0.044187588644708696 -0.029290990702995186 -0.044464473268196643 -0.044698122917976334 -0.04434493755763845 -0.04392730814222074 -0.043450323711225425 -0.043863243859327425
leaf_weight=6.8952918797731382 5.5471944957971573 6.7088137716054925 7.7546044886112204 3.5493014454841605 6.9030575454235059 7.2910863757133475 5.035636469721795 6.5986617654561996 7.8842836618423453 5.5359697043895713 3.5315271466970435 5.764327570796012 5.8543948531150836 4.2521885633468672 4.6900292485952377 5.1494679301977184 6.6972558051347724 5.315359726548194 4.4832513928413382 3.5331883281469336 3.5819219499826422 3.3764017075300137 4.7636972665786734 3.3693580478429803 4.1973159611225146 4.3001339882612193 6.2203325182199469 10.963359951972977 3.7698998749256116 4.4531204253435135
leaf_count=31 30 28 39 20 31 36 21 28 39 26 20 28 35 20 25 25 36 30 23 20 20 20 28 20 24 24 36 66 24 27
internal_value=0 0.0192885 0.0113956 -0.0155092 0.0175902 0.037982 0.060592 0.0549362 -0.000680304 -0.0091505 -0.0205917 -0.00572285 -0.0159917 0.0110577 -0.01755 -0.00514996 -0.0214782 -0.0300739 -0.0141723 -0.0339832 -0.0367396 -0.0400108 -0.0425097 -0.0405627 -0.0448987 -0.0443027 -0.0439855 -0.0438921 -0.0438187 -0.0436739
internal_weight=0 74.4384 60.9445 93.532 12.4503 19.0355 11.7445 13.494 41.9089 34.0246 81.0818 31.573 25.8086 12.2847 28.4887 19.6013 14.4519 49.5088 8.03255 44.1934 40.6603 37.0783 33.5468 13.5239 8.88735 10.1545 30.1704 23.9501 19.1864 8.22302
internal_count=880 358 299 522 61 85 49 59 214 175 461 170 142 63 149 100 75 291 43 261 241 221 201 79 49 59 181 145 117 51
is_linear=0
shrinkage=0.05


Tree=22
num_leaves=31
num_cat=0
split_feature=7 62 72 20 22 39 73 39 86 74 3 20 99 20 97 102 36 25 50 83 5 84 45 7 55 103 103 103 96 18
split_gain=9.0799 7.40375 10.202 10.1182 6.55711 6.53334 5.95791 5.86951 7.6125 5.43594 4.94318 5.46078 4.82416 4.77665 4.44549 7.18934 6.2413 5.3829 4.44733 4.39583 4.33623 4.0274 4.15971 3.9219 3.44255 4.1692 2.9244 2.60891 1.042 0.543389
threshold=0.73169000000000006 -0.08557049999999998 -1.2188499999999998 1.2552000000000001 1.1126500000000001 1.3568000000000002 -0.68608499999999994 -1.9869499999999998 -1.1025499999999997 0.23420000000000002 -0.065550999999999984 -1.3704999999999998 -0.93581499999999995 4.4378000000000002 0.63154500000000013 -1.3852499999999999 -0.41760999999999998 0.27930000000000005 -1.8726999999999998 -0.94667999999999985 1.5073500000000002 -1.0782999999999998 -0.31875999999999999 1.9350500000000002 0.29360500000000006 1.0903000000000003 -1.0483499999999999 0.19959000000000002 0.36635000000000006 -1.1512499999999999
decision_type=2 2 2 2 2 2 2 2 2 2 2 2 2 2 2 2 2 2 2 2 2 2 2 2 2 2 2 2 2 2
left_child=1 3 6 10 5 12 -3 8 -2 -8 11 -1 -4 -5 15 28 20 -18 -16 -14 -17 -13 -23 -10 27 -26 -12 -11 -9 -28
right_child=7 2 4 13 -6 -7 9 14 23 24 26 21 19 -15 18 16 17 -19 -20 -21 -22 22 -24 -25 25 -27 29 -29 -30 -31
leaf_value=-0.043588150814767648 0.060764253860250556 0.036468456847491171 0.078458079259303148 0.049296785479353275 -0.016999293216714881 0.0052033333672835318 -0.050657944964262402 -0.021953597540509077 -0.042025351561029767 -0.042885593013438833 -0.0044831079312048832 0.031909338623780703 0.0046766580176078121 -0.0053644667575288461 -0.00087233867629715734 0.060967512816400171 -0.044975787546535279 0.015981749848504631 -0.047603238766027123 0.056593584734793395 0.0035995234903255374 0.020593228634265853 -0.036024418346469946 0.018042425164044109 0.049171149916507083 -0.012516462538705099 -0.031103079494080695 0.0037593396295959218 -0.050644172887934172 -0.050909824367139173
leaf_weight=6.2999746352434185 5.63989129662514 8.1910795271396619 11.464309722185133 10.655605211853983 5.4814715981483451 9.3517590761184675 6.8802955299615887 5.1666209250688544 5.2287182658910734 5.7354377806186694 6.3024231940507915 10.478864759206777 6.6318014562129983 6.39560343325138 6.8611577898263958 6.0914471596479416 8.0116089433431608 6.6093098670244226 19.737741887569427 10.584590539336208 7.1723008155822754 6.0596080869436291 6.9822135418653408 5.657780259847641 5.8340489715337736 5.1630195826292038 5.0534224361181304 6.280107319355011 8.167334318161009 11.001115724444386
leaf_count=24 20 29 39 39 20 34 27 20 20 22 24 38 23 24 26 22 31 25 79 36 27 22 28 21 21 20 20 24 32 43
internal_value=0 0.00738297 0.0175867 -0.00464391 0.0341266 0.0414951 -0.00131131 -0.013102 0.0136173 -0.0116635 -0.0155712 -0.00224589 0.0533286 0.0287943 -0.0196133 -0.00932968 0.00511023 -0.0174203 -0.0355491 0.036595 0.0299461 0.00882756 -0.00971822 -0.0108078 -4.97287e-06 0.0202094 -0.0333452 -0.0185059 -0.0395272 -0.0446753
internal_weight=0 150.827 81.5979 69.2288 43.5139 38.0325 38.084 84.3439 16.5264 29.8929 52.1776 29.8207 28.6807 17.0512 67.8175 41.2186 27.8847 14.6209 26.5989 17.2164 13.2637 23.5207 13.0418 10.8865 23.0126 10.9971 22.357 12.0155 13.334 16.0545
internal_count=880 557 295 262 152 132 143 323 61 114 199 112 98 63 262 157 105 56 105 59 49 88 50 41 87 41 87 46 52 63
is_linear=0
shrinkage=0.05


Tree=23
num_leaves=31
num_cat=0
split_feature=55 56 57 26 110 102 0 41 58 8 107 85 34 105 109 101 23 6 71 28 57 52 7 17 94 85 31 51 55 37
split_gain=6.02131 6.41653 5.29774 6.13297 6.18684 6.59793 5.26212 12.3567 7.13058 6.53369 8.53554 5.10064 4.75975 5.31243 7.71431 4.68047 6.10154 6.54459 6.30277 3.80233 3.79059 3.83452 2.85044 3.33382 2.746 2.13431 1.15051 1.11662 0.610427 0.172553
threshold=3.2966000000000002 -1.5329499999999998 10.314000000000002 4.4645500000000009 -3.3619499999999998 -0.50412999999999986 2.1264500000000006 -0.76680999999999988 -2.7866499999999994 -0.34722499999999995 -0.10052999999999998 0.89776000000000011 -1.4407499999999998 0.058221000000000002 1.0211500000000002 -1.7680999999999998 0.85432000000000008 -0.81532499999999997 0.93898500000000007 -0.7825399999999999 0.81271500000000019 -0.50015999999999994 0.53868500000000008 -1.4042999999999999 1.2531000000000001 1.0376000000000001 2.7665000000000002 -0.49194499999999991 4.2574000000000014 -0.36876999999999999
decision_type=2 2 2 2 2 2 2 2 2 2 2 2 2 2 2 2 2 2 2 2 2 2 2 2 2 2 2 2 2 2
left_child=1 12 3 4 5 -3 9 8 -8 11 -11 22 13 26 -15 -12 20 -18 -19 -9 21 -17 23 -6 -25 -14 -1 -21 -2 -22
right_child=28 2 -4 -5 6 -7 7 19 -10 10 15 -13 25 14 -16 16 17 18 -20 27 29 -23 -24 24 -26 -27 -28 -29 -30 -31
leaf_value=-0.045840610221362592 -0.045975285028354379 -0.0034990093145934142 -0.046327122861589978 0.058239855540013791 0.019516128576891952 0.075694747089838546 0.022203594756662493 0.026402078019308984 0.09774972144655697 0.058989245187523104 0.048158890180958785 0.022930386210831908 -0.045719199036627099 0.06932980421883593 -0.0093547906002763755 -0.036379875481322967 0.063331058175230368 -0.038173105768273458 0.036239421404002117 -0.047072439840050974 -0.034344985184180513 0.024574758676347942 -0.046136499305796372 -0.041500539642533696 0.0042823572666504236 -0.011319127112267095 -0.0096363313372426537 -0.011196262634376184 -0.021228067261953143 -0.047221105493053396
leaf_weight=4.7479112595319766 6.5867428481578809 4.4829736649990082 4.432702735066413 6.0920441895723334 5.2199220508337048 6.363219812512396 6.4093399494886398 4.6285444945096961 6.0926567018032092 7.4158712476491848 4.6805288344621578 6.3467759788036338 12.284755334258081 5.0761107355356208 8.062799468636511 4.4217619299888611 5.3797640651464489 6.1142486929893476 5.3230282813310623 4.4810258299112311 4.1064534038305212 6.1947589814663164 11.434402734041212 10.238660067319865 4.8155924379825583 7.1236294955015174 4.0800850391387939 4.2033462822437277 4.0081905126571655 7.1015997231006676
leaf_count=24 33 20 22 27 24 26 29 20 25 32 21 29 63 22 39 20 24 30 24 21 20 28 57 50 22 35 20 20 20 33
internal_value=0 0.00218991 0.00743597 0.00924762 0.00686856 0.0429622 0.00345277 0.0233227 0.0590198 -0.00232403 0.00942224 -0.017985 -0.0150512 0.000889327 0.0210444 0.000937371 -0.00478241 0.0178515 -0.00354074 -0.0102 -0.0222231 -0.000812737 -0.0261746 -0.0149163 -0.0268554 -0.033093 -0.0291079 -0.0297079 -0.0366131 -0.0425035
internal_weight=0 177.355 135.979 131.547 125.454 10.8462 114.608 25.8149 12.502 88.7934 50.738 38.0554 41.3753 21.9669 13.1389 43.3221 38.6416 16.817 11.4373 13.3129 21.8246 10.6165 31.7086 20.2742 15.0543 19.4084 8.828 8.68437 10.5949 11.2081
internal_count=880 827 624 602 575 46 529 115 54 414 232 182 203 105 61 200 179 78 54 61 101 48 153 96 72 98 44 41 53 53
is_linear=0
shrinkage=0.05


Tree=24
num_leaves=31
num_cat=0
split_feature=81 10 75 95 46 111 4 64 69 95 58 98 23 13 92 12 86 2 2 54 27 8 0 54 36 61 29 16 100 23
split_gain=9.47992 8.24555 7.78342 8.54913 8.54615 9.40544 7.54295 6.32788 7.10015 6.27692 5.39484 7.80375 6.94153 5.33552 5.09608 5.47433 6.05408 5.08857 4.93411 4.81784 4.79882 4.68877 3.80177 3.72983 3.93658 3.67439 3.77705 3.24605 2.38935 0.00628957
threshold=-1.7748999999999997 -1.8652499999999999 -1.7765999999999997 0.22606000000000001 -1.3846499999999997 -0.3914999999999999 1.4350500000000002 -1.3387999999999998 2.3705000000000003 1.9698000000000004 -0.41159499999999999 -0.73624999999999996 -0.68966499999999986 1.3184500000000001 0.81371000000000004 -0.060274499999999995 -0.53731499999999988 -0.31471499999999991 1.9558500000000003 0.16096500000000002 6.5368000000000004 -1.9510499999999997 3.6102500000000002 0.59763500000000003 1.9554500000000001 2.6304500000000006 3.3690000000000002 1.6912000000000003 -0.52710499999999993 -0.18732999999999997
decision_type=2 2 2 2 2 2 2 2 2 2 2 2 2 2 2 2 2 2 2 2 2 2 2 2 2 2 2 2 2 2
left_child=1 -1 14 4 19 6 7 20 13 10 11 -5 -12 -9 28 16 -16 -14 29 -4 25 -11 -8 27 -25 -6 -27 -7 -2 -3
right_child=2 18 3 9 5 23 22 8 -10 21 12 -13 17 -15 15 -17 -18 -19 -20 -21 -22 -23 -24 24 -26 26 -28 -29 -30 -31
leaf_value=0.02458888238825482 -0.053359337038659395 -0.052090935176726444 -0.053218188484911222 0.087199405100148786 0.011225908439996563 -0.050475551143391632 0.061773359961211576 -0.020764467962685787 0.056853670182826693 0.025064160727824181 -0.025217473630842847 0.01670402668264025 0.0064468811667170878 0.031357878032159552 0.045036305774165432 -0.034753923353743964 -0.014485999701039039 0.06433788623678853 -0.0059625832692216628 0.00068968681620584186 0.030604666643717596 -0.038103809644487112 0.014188841335051059 0.029192583403965286 -0.025896723149184633 -0.04683298383979681 -0.0045825689118725059 -0.0056621007666599558 -0.018352217862820343 -0.05404764568777129
leaf_weight=6.6219395101070395 8.851484030485155 11.211703330278398 10.18713714182377 9.4124464392662066 9.2670894116163272 10.374617516994482 11.132742673158647 9.4260778427124077 10.791529327630995 5.9944327175617218 6.1718123853206643 6.7346226572990409 7.0502858161926261 10.247679084539412 8.695714414119724 7.8004742264747611 8.3973775207996368 8.2233592867851257 8.238578647375105 6.9875531494617453 7.1026316881179801 5.7609478831291181 6.7380889058113089 6.7105064392089826 6.2754079401493073 11.002405136823656 10.187729895114897 6.618980109691619 10.847779065370558 6.4807321727275875
leaf_count=22 32 42 37 30 31 36 35 32 34 20 21 23 24 33 29 28 29 26 29 24 23 20 22 22 21 38 34 22 38 23
internal_value=0 -0.025208 0.0036442 0.00822217 0.00162971 0.00650832 0.014924 0.00732964 0.0242622 0.0259965 0.0359684 0.0577972 0.0195327 0.00638505 -0.0150811 -4.49368e-05 0.0157946 0.0376155 -0.0379245 -0.0312857 -0.00640461 -0.0058925 0.0438319 -0.0176039 0.00257083 -0.0150352 -0.02652 -0.0330208 -0.034082 -0.0528077
internal_weight=0 32.553 226.991 182.398 133.05 115.875 85.896 68.0251 30.4653 49.3479 37.5925 16.1471 21.4455 19.6738 44.5928 24.8936 17.0931 15.2736 25.931 17.1747 37.5599 11.7554 17.8708 29.9795 12.9859 30.4572 21.1901 16.9936 19.6993 17.6924
internal_count=880 116 764 608 444 383 282 225 99 164 124 53 71 65 156 86 58 50 94 61 126 40 57 101 43 103 72 58 70 65
is_linear=0
shrinkage=0.05


Tree=25
num_leaves=31
num_cat=0
split_feature=44 60 36 81 91 29 87 28 28 106 109 54 6 76 103 52 52 23 30 60 28 28 111 26 11 66 28 34 59 43
split_gain=18.0503 7.39237 7.39478 6.49343 5.8562 7.51258 5.54234 5.23651 6.2986 5.87357 5.65772 7.1685 4.72998 4.63719 4.66644 3.32664 6.60449 5.49279 2.74984 2.58078 2.0589 2.04046 1.02701 5.22416 0.243641 0.00184743 0.000812613 0.00053597 0.000471484 0.000388861
threshold=-0.68132499999999985 -1.7289499999999998 -2.0323999999999995 10.720500000000003 -2.6339999999999995 -1.9044499999999998 1.6423000000000003 -0.81504999999999994 -0.45045499999999994 -1.0955999999999997 0.64885500000000007 -0.53324499999999986 -0.057355999999999997 -1.0657999999999996 0.33597500000000008 -0.57361499999999987 -1.2186499999999998 1.1579500000000003 -2.5179499999999995 -0.61422999999999994 -1.4313999999999998 1.1142000000000001 -0.63275999999999988 1.0974500000000003 1.3567000000000002 -1.6269499999999997 1.9933000000000003 -0.6752149999999999 -0.27921499999999994 -1.0558499999999997
decision_type=2 2 2 2 2 2 2 2 2 2 2 2 2 2 2 2 2 2 2 2 2 2 2 2 2 2 2 2 2 2
left_child=1 6 -3 7 5 -2 -1 10 12 -10 18 -12 -9 14 -6 16 19 -18 -4 -15 -17 -11 23 -22 -25 -20 27 -21 -24 -27
right_child=4 2 3 -5 13 -7 -8 8 9 21 11 -13 -14 15 -16 20 17 -19 25 26 22 -23 28 24 -26 29 -28 -29 -30 -31
leaf_value=0.019500453820514182 -0.027183630492333039 0.060736122569058276 0.001914508626136835 0.067723911431665756 0.041274010978187711 0.050808430160470958 0.08782115072273014 0.01525654767941622 0.03628228661795229 -0.0024105460032329256 0.053436281123112689 -0.033411573460472133 0.086860453028607329 0.0015930306215012685 -0.031263911446880302 -0.00092752311085271414 -0.0076965005233587645 0.066580056734985932 -0.045966206565671484 -0.044491356154316306 0.027654809798365983 -0.04529416885191815 -0.044187466984079882 -0.043750091792681335 -0.028247710335515708 -0.045060677668050296 -0.044966756630237616 -0.043626829881469223 -0.043648465588657204 -0.044346933827937911
leaf_weight=5.8370640873908979 5.4782477915287018 6.7513747215270987 4.1634723097085944 3.8906056880950919 5.7140429019927961 7.0756189525127393 6.0401719808578491 4.7936194241046906 6.5548970103263882 5.66498512029648 5.3899721056222916 4.2491317093372327 4.4449488371610659 4.2622156292200097 3.6229031682014465 4.5849136114120475 6.6431131511926633 3.9803904443979263 4.5181814283132544 3.4957741498947135 3.4656160175800315 5.4352236837148666 5.4484589844942084 11.83726231753826 3.2250301092863074 3.6831263452768317 3.6211619824171066 3.6800302416086206 15.888956055045133 3.9601649791002309
leaf_count=26 29 27 21 18 29 32 23 23 30 28 24 23 20 23 20 26 36 20 23 20 20 29 32 73 20 20 20 23 99 23
internal_value=0 0.0180398 0.0112678 0.00538254 -0.0149608 0.0167743 0.054245 0.000793891 0.016257 -0.00124683 -0.0152229 0.0151518 0.0497073 -0.0199741 0.013128 -0.024381 -0.0100549 0.0201333 -0.0331577 -0.0313511 -0.0326584 -0.0234085 -0.0363078 -0.0276955 -0.0404308 -0.0451647 -0.0443561 -0.044048 -0.0437861 -0.0446909
internal_weight=0 75.3769 63.4997 56.7483 92.0237 12.5539 11.8772 52.8577 26.8937 17.6551 25.964 9.6391 9.23857 79.4699 9.33695 70.1329 25.6827 10.6235 16.3249 15.0592 44.4502 11.1002 39.8653 18.5279 15.0623 12.1615 10.797 7.1758 21.3374 7.64329
internal_count=880 358 309 282 522 61 49 264 130 87 134 47 43 461 49 412 142 56 87 86 270 57 244 113 93 66 63 43 131 43
is_linear=0
shrinkage=0.05


Tree=26
num_leaves=31
num_cat=0
split_feature=7 2 62 72 22 34 33 39 40 32 62 49 97 102 36 29 50 109 100 30 7 5 3 9 71 34 99 87 96 71
split_gain=8.33706 7.66433 7.58496 11.6392 11.4158 6.74595 6.79332 5.42502 7.7158 5.02782 4.72354 4.62535 4.20617 6.8013 5.7481 4.69164 4.2601 4.06095 4.60609 3.84041 4.11435 3.74262 3.49834 4.25632 4.30138 3.28263 2.58365 1.61751 1.04376 0.615748
threshold=0.73169000000000006 1.0334000000000001 0.066121500000000014 -1.2188499999999998 1.2483000000000002 -0.40043999999999996 -0.73348999999999986 -1.9869499999999998 -1.6324999999999996 0.49136000000000007 1.7073500000000001 1.0419000000000003 0.63154500000000013 -1.3852499999999999 -0.41760999999999998 0.38053500000000007 -1.8726999999999998 -0.36164499999999994 -0.062684999999999977 -1.4760999999999997 -0.33284999999999992 1.5073500000000002 -0.094610999999999987 -0.28815999999999992 0.46935500000000008 -1.0492999999999999 -1.2956499999999997 -0.41833999999999993 0.36635000000000006 2.7219500000000001
decision_type=2 2 2 2 2 2 2 2 2 2 2 2 2 2 2 2 2 2 2 2 2 2 2 2 2 2 2 2 2 2
left_child=1 2 4 19 22 6 10 8 -2 -7 -5 -6 13 28 21 -16 -14 -3 -19 -4 25 -15 23 26 -25 -21 -1 -24 -9 -29
right_child=7 17 3 5 11 9 -8 12 -10 -11 -12 -13 16 14 15 -17 -18 18 -20 20 -22 -23 27 24 -26 -27 -28 29 -30 -31
leaf_value=-0.0039575528191337864 -0.029098950195414627 0.067997027277573535 0.020602094850862843 0.063336768239742894 0.057737616046479312 -0.018603486567078786 0.08517268966609115 -0.021057359639688709 0.040590762829345664 0.04065006198154248 0.0046321304135071304 0.0011953868035757705 -0.00088715591548555513 0.056823643987519802 -0.044022851040180451 0.012971897425440844 -0.046814427890969554 -0.014859186113440127 0.048213969293921362 0.019918315830934695 -0.049839716675636261 0.0038488768020221533 -0.015085549944519003 0.041160743409992165 -0.015996138835997719 -0.024802173921237351 -0.050946709598417288 -0.050531668326043701 -0.050047082541915137 -0.029226572668081686
leaf_weight=5.2126228213310242 6.5820375680923489 6.786761790513995 8.7349356710910779 5.8364688456058493 7.1502784639596921 8.3843256831169111 8.6281013786792773 5.0835924297571164 10.015178203582762 6.2478739917278281 8.2988458275794965 7.3193700015544891 6.8572380393743542 6.2503103613853455 7.5822642892599106 6.8934394270181656 19.149043634533882 5.3367261737585077 6.3253369778394672 7.5215591639280346 7.1623054295778301 7.1459295898675919 6.7700504362583187 6.2207723408937454 6.9906131327152252 9.029613792896269 6.6667846441268921 11.382624715566637 7.9771502912044525 4.830636039376258
leaf_count=20 25 23 32 20 26 30 28 20 36 22 29 27 26 22 30 26 79 20 23 28 29 27 26 22 27 34 26 45 32 20
internal_value=0 0.00705417 0.00284677 0.0141721 -0.00980046 0.0331852 0.0502114 -0.0126355 0.0129536 0.00669747 0.0288713 0.0291361 -0.0189802 -0.00898995 0.00496188 -0.0168815 -0.0347045 0.0372463 0.0193508 -0.00773987 -0.0181797 0.0285654 -0.0215198 -0.00861078 0.010917 -0.00447928 -0.0303281 -0.0356126 -0.0387635 -0.044184
internal_weight=0 150.837 132.388 69.844 62.5438 37.3956 22.7634 83.5362 16.5972 14.6322 14.1353 14.4696 66.939 40.9327 27.8719 14.4757 26.0063 18.4488 11.6621 32.4484 23.7135 13.3962 48.0741 25.0908 13.2114 16.5512 11.8794 22.9833 13.0607 16.2133
internal_count=880 557 491 252 239 129 77 323 61 52 49 53 262 157 105 56 105 66 43 123 91 49 186 95 49 62 46 91 52 65
is_linear=0
shrinkage=0.05


Tree=27
num_leaves=31
num_cat=0
split_feature=55 56 2 57 59 110 35 3 45 9 94 31 104 35 101 21 102 97 71 8 34 57 33 48 3 69 50 66 20 60
split_gain=5.66051 5.88868 5.84921 4.97325 7.01191 6.37133 5.41365 5.12232 6.54112 6.32131 5.47091 4.30649 4.27562 4.47725 4.79717 6.78275 4.54051 4.77218 4.25996 4.08764 7.42278 3.88301 3.58545 4.83531 3.44225 1.09453 0.784371 0.619636 0.549562 0.177642
threshold=3.2966000000000002 -1.5329499999999998 3.1692000000000005 10.314000000000002 -7.6214999999999993 -3.3619499999999998 -1.3647499999999997 2.9883500000000001 -0.92107999999999979 -1.1913499999999997 2.5374000000000003 -0.38748499999999991 0.55492500000000011 2.1678000000000006 0.021175000000000003 0.15370000000000003 -1.3210999999999997 -1.8152999999999999 0.85260000000000014 0.48870500000000006 -1.6629999999999998 -0.44406499999999993 0.5302150000000001 0.35456000000000004 -0.012259499999999998 0.92518500000000004 -1.6770999999999998 -1.0270499999999998 -0.78111999999999993 0.26839500000000005
decision_type=2 2 2 2 2 2 2 2 2 2 2 2 2 2 2 2 2 2 2 2 2 2 2 2 2 2 2 2 2 2
left_child=1 2 19 4 -3 6 -6 9 -9 22 12 -12 13 14 16 -16 17 -11 -10 26 -21 -19 29 -24 -14 -22 -1 -2 -18 -7
right_child=27 3 -4 -5 5 7 -8 8 18 10 11 -13 24 -15 15 -17 28 21 -20 20 25 -23 23 -25 -26 -27 -28 -29 -30 -31
leaf_value=-0.045559241550859171 -0.045603528236175188 0.073491981021803751 0.038625994183296111 -0.045891778754099825 0.069677095809887526 -0.046049140960189021 -0.0013679379920105176 0.063323070244701185 -0.023742624149536731 -0.037164188845974326 0.074202941384356041 0.0065920736002411514 -0.046310509712045714 0.046814822154851568 -0.0055798754658717593 0.061721552807970398 -0.023025143448258029 0.049459808589050733 0.036899212432289677 0.029871512157349945 -0.04534516294152742 -0.0036793672155121444 -0.036679399969449369 0.033220685560959494 0.0022441158425269628 -0.013736734653718106 -0.019850607249539104 -0.02034828290020637 -0.046646337777308935 -0.033261654087424819
leaf_weight=12.719006687402727 6.391722559928894 4.0620343238115302 4.5899911075830451 4.2887994796037665 7.0140941441059113 8.7874979078769702 4.3408679813146573 7.5031966716051128 6.4423979520797712 5.0786938518285671 4.8312097191810608 4.5955484062433225 7.7037267535924911 6.3001415133476248 8.3409060388803464 6.7922506630420676 4.1639928221702576 6.0815882831811816 5.2609423696994781 8.3559168577194214 6.6291621327400208 7.9080291092395889 4.9818095117807371 4.9148458391427994 6.937334328889845 4.6669002324342728 3.8695296049118033 3.9170945137739164 6.0255754739046186 3.9307735115289679
leaf_count=66 33 17 20 22 27 44 20 31 31 24 20 21 38 28 39 30 20 26 23 38 35 36 24 22 32 24 20 20 29 20
internal_value=0 0.00210625 -0.0145502 0.00709642 0.00881809 0.00676465 0.0425174 0.00328233 0.026881 -0.0013724 0.00563438 0.0412426 0.000496482 0.00737074 0.00177269 0.0246272 -0.0100484 0.00435026 0.00351739 -0.0212852 -0.00585715 0.0194214 -0.0245349 -0.00196584 -0.023304 -0.0322863 -0.0395623 -0.0360072 -0.0369935 -0.042097
internal_weight=0 177.117 40.8305 136.286 131.997 127.935 11.355 116.58 19.2065 97.3739 74.759 9.42676 65.3322 50.6912 44.391 15.1332 29.2579 19.0683 11.7033 36.2405 19.652 13.9896 22.6149 9.89666 14.6411 11.2961 16.5885 10.3088 10.1896 12.7183
internal_count=880 827 203 624 602 585 47 538 85 453 343 41 302 232 204 69 135 86 54 183 97 62 110 46 70 59 86 53 49 64
is_linear=0
shrinkage=0.05


Tree=28
num_leaves=31
num_cat=0
split_feature=81 10 75 95 46 111 4 95 64 65 13 58 104 23 108 94 59 56 54 8 92 12 47 52 51 35 4 0 1 1
split_gain=8.72275 7.79524 7.1645 7.98376 7.99495 8.69604 6.75236 5.89639 5.76127 6.02845 6.07067 4.81465 6.95454 6.6364 4.56332 5.77165 6.57971 5.05297 4.5399 4.31457 4.2904 5.18831 5.5759 4.19662 3.94821 3.48049 5.35906 3.42584 2.35499 2.01434
threshold=-1.7748999999999997 -1.8652499999999999 -1.7507499999999998 0.22606000000000001 -1.3846499999999997 -0.3914999999999999 1.4350500000000002 1.9698000000000004 -1.3387999999999998 1.7520500000000003 1.3184500000000001 -0.41159499999999999 -0.8390399999999999 -0.68966499999999986 -0.95126499999999992 0.23266000000000003 5.1819500000000014 0.53308500000000014 0.16096500000000002 -1.9510499999999997 0.60184500000000007 -0.42469499999999993 1.8083500000000001 -0.039673999999999994 -0.11201999999999998 -1.1011499999999999 -0.024725999999999995 3.6102500000000002 0.37412500000000004 -0.12522499999999998
decision_type=2 2 2 2 2 2 2 2 2 2 2 2 2 2 2 2 2 2 2 2 2 2 2 2 2 2 2 2 2 2
left_child=1 -1 20 4 18 6 8 11 14 10 -10 12 -5 -13 -6 16 17 -16 -4 -9 29 22 -22 -15 -3 28 -27 -8 -7 -2
right_child=2 24 3 7 5 25 27 19 9 -11 -12 13 -14 23 15 -17 -18 -19 -20 -21 21 -23 -24 -25 -26 26 -28 -29 -30 -31
leaf_value=0.023835887018408664 -0.052495802274954512 -0.051910137765269038 -0.052287395228339063 0.086048098669991302 -0.03846036430785478 -0.049434029664123712 0.058456871078092214 0.023698600933223818 -0.021182172248692292 0.055177935261500388 0.033216863800793008 -0.024477620824598645 0.01926791676448766 0.013541169974477938 -0.049673289526111525 0.043928017115322626 0.03463871199742271 0.0073754192831026509 0.00028252317643428002 -0.037037709283788779 -0.014167728473391615 -0.027187356250959367 0.046637791581989295 0.066536579983796196 -0.01098856120736786 0.036264058349660212 -0.03058930555122736 0.013419733572223192 -0.012985254774329323 -0.019140699262422969
leaf_weight=6.6487126797437659 7.575312256813052 16.145859301090244 9.9198264330625552 8.6596332192420942 8.416853338479994 8.8190615475177818 11.249102473258974 6.046089231967926 9.6319036036729866 9.9497520327568036 10.969057410955427 6.1099335849285117 7.0911310017108908 8.3404713869094813 9.3248974382877403 6.7309387624263755 6.234444558620452 6.649142622947692 7.008403778076171 5.6625630259513837 7.1741264313459414 11.134545892477034 7.9462718367576599 6.7660984694957778 9.2834340929985029 6.1640653014183044 5.8355603814125043 6.7598378956317893 8.9078718125820142 11.245955139398573
leaf_count=22 28 61 37 27 29 31 35 20 33 31 35 21 24 28 33 22 20 22 24 20 25 40 26 21 33 20 20 22 30 40
internal_value=0 -0.0243677 0.00349196 0.00792843 0.00156967 0.00626754 0.0143326 0.0252467 0.00711409 0.0232184 0.00778279 0.0350405 0.0559831 0.0194931 -0.00605637 0.00336813 -0.00892474 -0.0259269 -0.0305231 -0.00567482 -0.0143466 -0.00128598 0.0177876 0.0372773 -0.036971 -0.0170421 0.00375247 0.0415517 -0.0311183 -0.0325657
internal_weight=0 32.078 226.323 181.247 132.571 115.642 85.9159 48.6759 67.907 30.5507 20.601 36.9673 15.7508 21.2165 37.3563 28.9394 22.2085 15.974 16.9282 11.7087 45.0762 26.2549 15.1204 15.1066 25.4293 29.7266 11.9996 18.0089 17.7269 18.8213
internal_count=880 116 764 605 444 383 282 161 225 99 68 121 51 70 126 97 75 55 61 40 159 91 51 49 94 101 40 57 61 68
is_linear=0
shrinkage=0.05


Tree=29
num_leaves=31
num_cat=0
split_feature=44 37 11 31 59 91 58 34 103 76 35 65 103 52 52 23 60 55 66 28 112 26 17 9 61 28 34 102 87 109
split_gain=16.2841 6.70571 6.28143 5.45376 7.72352 5.40789 6.85713 4.66292 4.41732 4.38156 4.44089 4.37138 3.56896 3.23218 6.22628 4.81307 2.50114 2.45378 5.1217 2.02951 1.03933 5.01189 0.249256 0.212733 0.00134273 0.000756308 0.000438998 0.000435063 0.000292179 0.00023986
threshold=-0.68132499999999985 -1.7694499999999997 -1.8723999999999998 1.2841000000000002 -0.74190999999999996 -2.6339999999999995 -2.0672999999999999 2.9210500000000006 -0.49728999999999995 -1.0657999999999996 -1.3886499999999999 2.4561500000000005 -3.5741999999999998 -0.57361499999999987 -1.2186499999999998 1.1579500000000003 -0.61422999999999994 -0.29499999999999993 -1.6269499999999997 -1.4313999999999998 -0.83013999999999988 1.0974500000000003 6.7428500000000007 0.46267500000000006 -1.6662999999999999 1.9933000000000003 -0.6752149999999999 2.7973500000000002 0.42455000000000004 -0.97995999999999983
decision_type=2 2 2 2 2 2 2 2 2 2 2 2 2 2 2 2 2 2 2 2 2 2 2 2 2 2 2 2 2 2
left_child=1 8 3 4 -3 6 -2 11 -1 10 -7 12 -4 14 16 -16 -11 23 -19 -15 21 -21 -23 24 -14 26 -18 28 29 -22
right_child=5 2 7 -5 -6 9 -8 -9 -10 13 -12 -13 17 19 15 -17 25 18 -20 20 27 22 -24 -25 -26 -27 -28 -29 -30 -31
leaf_value=0.010512540094493664 -0.026541176653386761 0.075443947885055873 0.025610060067556763 -0.01495535963337994 0.0023728775847199819 0.039781010220136713 0.047748450095797479 0.032920572976591449 0.068638944971100138 0.0014423439679752805 -0.03096119281298881 0.03051987635652418 -0.044391974346776969 -0.0004969854856276115 -0.0072208475076970041 0.061606095251584218 -0.044106132003739876 -0.038069587908538205 0.027475711181473541 0.026570760658894473 -0.04357119877206287 -0.043378458842546548 -0.02728232911584378 -0.030360351990800255 -0.04564976393455087 -0.044599305784788164 -0.043308207730828246 -0.044007341286859361 -0.043673627753683227 -0.043080884142471264
leaf_weight=5.0863328278064719 5.4453259259462357 9.3966517299413681 4.1237211376428595 4.5661552995443335 5.8787190467119226 5.7873469591140747 7.2308940887451154 8.1100872755050641 9.1455031186342222 4.2718693464994439 3.5974909067153913 5.7336523383855811 4.4797544181346867 4.5479417294263831 6.574396610260008 4.1393291801214218 3.3604943603277198 6.6728713661432266 5.3859735131263768 3.510205700993537 3.6681450307369223 11.477827399969099 3.0427486896514884 3.511076271533967 4.0312530547380456 3.4987340122461319 3.5392082929611215 3.3415537774562827 5.7866758406162253 7.7943665236234763
leaf_count=23 30 37 20 21 27 29 31 39 36 23 20 26 26 26 36 20 20 35 27 20 23 74 19 20 21 20 23 20 36 52
internal_value=0 0.0169181 0.00980177 0.0329905 0.0473226 -0.0144518 0.0158358 -0.00114037 0.0478651 -0.0193779 0.0126634 -0.00927976 -0.0173705 -0.0237643 -0.00960602 0.019371 -0.0307679 -0.0247307 -0.00879438 -0.0320895 -0.0358097 -0.0270446 -0.0400056 -0.0407158 -0.0449877 -0.0440005 -0.0436968 -0.0434852 -0.043384 -0.0432378
internal_weight=0 76.1218 61.8899 19.8415 15.2754 90.6146 12.6762 42.0484 14.2318 77.9383 9.38484 33.9383 28.2046 68.5535 25.384 10.7137 14.6703 24.0809 12.0588 43.1695 38.6215 18.0308 14.5206 12.0221 8.51101 10.3984 6.8997 20.5907 17.2492 11.4625
internal_count=880 358 299 85 64 522 61 214 59 461 49 175 149 412 142 56 86 129 62 270 244 113 93 67 47 63 43 131 111 75
is_linear=0
shrinkage=0.05


Tree=30
num_leaves=31
num_cat=0
split_feature=7 2 62 72 22 34 33 39 44 21 60 75 33 22 34 100 37 68 89 30 7 31 81 65 30 87 92 59 53 28
split_gain=7.59409 6.89444 7.52305 10.0706 9.92557 5.9739 5.94576 5.20372 4.77926 4.35779 4.19626 3.95398 3.74154 6.73113 6.25819 4.71454 4.32585 3.83768 5.1765 3.50267 3.85627 3.14604 2.93106 4.67292 4.05141 2.43333 2.89057 2.22397 1.93946 1.4012
threshold=0.73169000000000006 0.95950500000000016 0.066121500000000014 -1.2188499999999998 1.2483000000000002 -0.40043999999999996 -0.73348999999999986 -3.2759999999999994 2.6639500000000003 4.4821000000000009 2.0500000000000003 0.030190500000000006 -0.24830999999999998 1.3634500000000001 1.6055000000000004 2.1880000000000002 -0.84748999999999997 -0.47455999999999993 -0.45484999999999992 -1.4760999999999997 -0.33284999999999992 0.97704000000000013 -0.98810999999999993 -0.03399399999999999 -1.8918499999999998 -0.41833999999999993 0.21588000000000004 1.8354000000000001 0.60014500000000004 1.8966500000000002
decision_type=2 2 2 2 2 2 2 2 2 2 2 2 2 2 2 2 2 2 2 2 2 2 2 2 2 2 2 2 2 2
left_child=1 2 4 19 22 6 10 -2 -7 -6 -5 -3 15 29 28 16 17 -9 -19 -4 21 27 23 24 -1 26 -24 -21 -15 -14
right_child=7 11 3 5 9 8 -8 12 -10 -11 -12 -13 13 14 -16 -17 -18 18 -20 20 -22 -23 25 -25 -26 -27 -28 -29 -30 -31
leaf_value=0.012741300446615375 0.034334995696870693 0.054888985432588945 0.019965101273634992 0.059094530944186666 0.048334582736996631 0.029988525625217033 0.079268005376559036 -0.036299682138228533 -0.028056233524665321 -0.0081813383713114137 0.004167770069438608 0.010412319471522829 -0.049651347457934147 -0.049282098622915591 0.035281765644659062 -0.04917099395673738 0.036377967544883476 0.035352559039466311 -0.026154813905954012 -0.041746230041018004 -0.049120593711403329 0.026605172482142076 0.010816643105132008 0.030089716135140412 -0.040926388696777324 -0.046270641719466259 -0.041154063107739523 0.0033868701198830758 -0.0092512750891364827 -0.019630088753268934
leaf_weight=5.3943315595388421 5.6133061647415152 10.642690658569338 8.7760069072246569 5.9698507636785498 8.6857390254735929 8.669182285666464 8.8388177454471606 7.3873972445726439 6.0012020468711844 5.6164272725582114 8.3280319869518262 9.4198896139860135 18.566741392016414 4.8027373701334026 6.7540920674800864 4.7651364207267752 7.7843524366617229 7.7793838083744076 6.1054504960775313 5.58077977597714 6.6957128196954718 5.5327169746160498 5.4108688831329346 5.8851492404937735 10.102321580052376 14.59049391746521 5.2924629300832748 5.3423257023096085 8.1777027100324613 4.9157464355230323
leaf_count=21 20 36 32 20 31 30 28 30 22 21 29 35 76 20 25 20 29 28 24 22 28 20 20 21 40 60 21 20 31 20
internal_value=0 0.00671504 0.00252624 0.0137431 -0.0103014 0.0312041 0.0470305 -0.0121428 0.0062442 0.0261409 0.0271016 0.0340061 -0.0155293 -0.0252772 -0.00375215 -0.00307357 0.00448618 -0.00718429 0.00830649 -0.00693343 -0.0171298 -0.00411306 -0.0214679 -0.00784023 -0.0222449 -0.0329879 -0.0148812 -0.0196723 -0.0240626 -0.0433668
internal_weight=0 150.775 130.712 69.7346 60.9778 37.8071 23.1367 82.652 14.6704 14.3022 14.2979 20.0626 77.0387 43.217 19.7345 33.8217 29.0566 21.2722 13.8848 31.9275 23.1515 16.4558 46.6756 21.3818 15.4967 25.2938 10.7033 10.9231 12.9804 23.4825
internal_count=880 557 486 251 235 129 77 323 52 52 49 71 303 172 76 131 111 82 52 122 90 62 183 82 61 101 41 42 51 96
is_linear=0
shrinkage=0.05


Tree=31
num_leaves=31
num_cat=0
split_feature=55 57 15 88 45 78 51 21 44 107 53 112 44 60 109 13 21 52 20 27 98 32 104 38 66 3 17 108 103 88
split_gain=5.33705 5.22398 5.18653 6.66694 7.79174 5.32209 5.31768 4.09758 10.2527 6.79182 7.43545 7.80357 6.07958 5.85474 7.60407 7.11302 4.72291 7.51917 4.19945 3.29053 2.71179 3.87972 3.61961 2.14863 3.47566 1.89386 0.636573 0.519236 0.201684 0.192486
threshold=3.2966000000000002 10.314000000000002 2.8956000000000004 -0.86291499999999988 -0.15895499999999999 0.99940500000000021 11.946500000000002 -1.0198499999999997 -0.68132499999999985 1.4228000000000003 -1.3534999999999997 0.25180500000000006 3.3386000000000005 0.34269500000000003 -0.21308999999999997 0.7531000000000001 0.28253500000000004 -0.22611999999999996 -1.8610999999999998 -0.61791499999999988 -1.0511999999999997 0.19631500000000005 -0.66323999999999994 0.047975500000000011 0.27623000000000003 -0.25563499999999995 1.4069000000000003 -0.25916499999999992 1.2472500000000002 -1.1936499999999997
decision_type=2 2 2 2 2 2 2 2 2 2 2 2 2 2 2 2 2 2 2 2 2 2 2 2 2 2 2 2 2 2
left_child=1 2 6 4 -4 25 7 12 9 10 -9 -12 18 14 19 -16 17 -13 -1 -10 28 22 -22 24 27 -5 -2 -15 -20 -25
right_child=26 -3 3 5 -6 -7 -8 8 13 -11 11 16 -14 23 15 -17 -18 -19 20 -21 21 -23 -24 29 -26 -27 -28 -29 -30 -31
leaf_value=0.016601535482214231 -0.045285078032126731 -0.045367160836784742 0.008958813037746885 -0.045938545324647306 0.092180402303288347 0.042762494872223888 0.044704630051332239 0.073051838955921752 0.0083752025489624207 -0.023465805969431763 0.055967066341137475 -0.025807526369603137 0.031620561192788131 -0.045741399160467447 -0.0077854684809729943 0.058271697363062903 -0.038012449609529451 0.062719405663771099 -0.046879077465131577 -0.046401184259286646 0.038175646968756936 -0.040490251574288823 -0.0211341140360592 -0.032809289495160196 0.018137237968094029 0.0013470423451599454 -0.019345393721516349 -0.020588561408210915 -0.033774839422058382 -0.046238256161451857
leaf_weight=6.2311215549707404 6.2288459837436658 5.6267839074134818 5.3029372841119766 4.3656464815139762 5.9889992326498049 4.8283410370349875 6.3712249696254721 8.4689615368843061 4.4678607434034348 6.440083146095275 8.9056983441114443 4.753506645560261 6.3032589107751837 4.2931464761495581 7.5839437246322694 8.8085424900054914 5.8910602182149878 4.8417302370071429 11.521500945091242 7.0963573455810529 4.6133153885602916 8.4437002986669523 5.8150145411491483 3.8612697571516028 5.3224767297506324 4.1120923012495032 3.812973216176033 3.9300090670585659 3.940420761704444 8.6376931220293027
leaf_count=29 33 30 25 22 25 20 27 34 21 31 37 23 29 22 36 38 29 20 55 35 21 42 28 20 25 20 20 20 20 43
internal_value=0 0.00203697 0.00359553 0.0248409 0.0530977 0.000861232 2.93632e-05 -0.00200128 0.00405769 0.0234863 0.032688 0.0186736 -0.0140631 -0.0100821 0.00580841 0.0277105 -0.00277274 0.0188629 -0.0211617 -0.0252382 -0.0280152 -0.015296 0.00510351 -0.0271392 -0.013344 -0.0230029 -0.0354355 -0.0337204 -0.0435395 -0.0420897
internal_weight=0 176.767 171.14 24.598 11.2919 13.3061 146.542 140.171 93.3023 39.301 32.861 24.392 46.8683 54.0013 27.9567 16.3925 15.4863 9.59524 40.5651 11.5642 34.334 18.872 10.4283 26.0446 13.5456 8.47774 10.0418 8.22316 15.4619 12.499
internal_count=880 827 797 112 50 62 685 658 434 174 143 109 224 260 130 74 72 43 195 56 166 91 49 130 67 42 53 42 75 63
is_linear=0
shrinkage=0.05


Tree=32
num_leaves=31
num_cat=0
split_feature=81 10 75 95 78 38 61 0 62 100 76 81 10 22 92 12 86 4 19 84 74 86 45 41 10 51 88 100 25 108
split_gain=7.98909 7.3119 6.5771 6.99022 7.41698 7.07287 6.06465 7.40916 5.37414 5.31277 4.80402 6.05352 4.94295 5.31117 4.47733 4.70617 5.34439 4.44268 5.84314 5.71067 6.21324 5.0593 4.04583 6.11044 4.27954 3.8466 3.65937 2.32071 1.70445 0.985372
threshold=-1.7748999999999997 -1.8652499999999999 -1.7765999999999997 0.22606000000000001 1.4524000000000001 -2.8499499999999993 0.59078500000000012 -1.9515499999999999 -1.4106499999999997 0.69362000000000013 -1.7051499999999999 -1.2046999999999997 -0.2703799999999999 0.39453000000000005 0.81371000000000004 -0.060274499999999995 -0.53731499999999988 2.1138000000000008 -0.84966499999999989 -0.059663499999999994 0.7008000000000002 2.2928500000000005 0.106755 -0.35893999999999998 0.37759500000000007 -0.11201999999999998 -1.0000000180025095e-35 -0.52710499999999993 -1.7073999999999998 -1.4896499999999999
decision_type=2 2 2 2 2 2 2 2 2 2 2 2 2 2 2 2 2 2 2 2 2 2 2 2 2 2 2 2 2 2
left_child=1 -1 14 4 6 -5 22 -8 -9 29 28 -12 -13 -14 27 16 -16 18 19 20 -10 26 23 24 -4 -3 -21 -2 -7 -6
right_child=2 25 3 5 9 10 7 8 17 -11 11 12 13 -15 15 -17 -18 -19 -20 21 -22 -23 -24 -25 -26 -27 -28 -29 -30 -31
leaf_value=0.022928301540952215 -0.051825997865467301 -0.051059507101303962 0.012698076293553146 -0.029066733479154745 -0.025603768741012313 0.037506713906248018 -0.023790395578696475 -0.021042390256537143 -0.047838092370889762 0.0045686524157415786 0.063225085339151596 -0.018660161653651402 -0.00098051676284164062 0.059610210867771497 0.041573400571871678 -0.032973963846878222 -0.014230603674772397 0.057180549229531911 0.061357051271877072 0.067900043628704151 0.01336115498812479 -0.0029666708987030424 -0.047810129715966772 0.036078831277242339 -0.040797766899837648 -0.0103520998653707 0.021562155130957446 -0.016703172251620251 0.07352664467223452 -0.052541497705268093
leaf_weight=6.6786222308874157 8.4518203884363192 15.677009299397474 6.1372221708297774 5.6694714128971091 5.3932372331619254 6.5405447781085968 10.904461070895193 6.9356959462165824 6.5255810320377305 10.149854540824888 6.3021328449249259 10.053275257349016 7.8528301268816012 6.7047086656093597 8.8196935057640111 7.5334433168172827 8.3548787981271744 9.3169205188751203 7.2056915611028733 8.1453675925731641 11.379493117332457 8.8224303573369962 6.2888979464769355 7.0737692415714273 9.5650967806577665 9.2140411138534493 8.9335057735443169 10.603438705205916 6.5967880189418775 9.1618724614381808
leaf_count=22 32 61 20 20 20 21 39 24 23 34 20 34 27 21 29 28 29 29 23 25 37 29 22 23 33 33 29 38 21 34
internal_value=0 -0.0235262 0.00332999 0.00752194 0.00150099 0.0234995 0.00719112 0.0144417 0.0206396 -0.0231975 0.030265 0.0195008 0.00830422 0.0269255 -0.0140705 -2.58137e-05 0.0144265 0.0254316 0.0196329 0.0127697 -0.00894317 0.0277794 -0.0123091 -0.00250659 -0.019889 -0.0359906 0.0436619 -0.0322816 0.0555938 -0.04256
internal_weight=0 31.5697 225.422 181.659 131.939 49.7198 107.234 78.1691 67.2647 24.705 44.0503 30.9129 24.6108 14.5575 43.7633 24.708 17.1746 60.329 51.0121 43.8064 17.9051 25.9013 29.065 22.7761 15.7023 24.8911 17.0789 19.0553 13.1373 14.5551
internal_count=880 116 764 608 444 164 356 258 219 88 144 102 82 48 156 86 58 195 166 143 60 83 98 76 53 94 54 70 42 54
is_linear=0
shrinkage=0.05


Tree=33
num_leaves=31
num_cat=0
split_feature=46 11 31 12 28 91 32 52 56 19 48 107 33 3 5 52 30 59 7 14 91 9 98 71 37 108 23 34 7 76
split_gain=14.6722 6.15463 6.09036 8.73153 9.19939 6.063 7.68083 5.46043 5.3777 4.93361 4.84391 4.36325 5.05341 5.18464 3.49197 5.38901 7.07803 4.17286 3.31476 2.90279 2.52014 2.16148 3.92187 5.85673 2.2009 0.981529 0.80065 0.270812 0.196986 0.00228741
threshold=-0.55906999999999984 -2.3461499999999993 -0.19636499999999998 -3.7289499999999998 1.6474000000000004 -2.6339999999999995 0.82698000000000016 -1.2656499999999997 -1.3340499999999997 -0.70436999999999983 0.60924500000000015 -1.0041499999999999 -1.0775499999999998 -0.8097899999999999 0.61803500000000011 -0.70208499999999985 0.84479500000000007 -0.87614499999999984 1.3785000000000003 1.7705000000000002 1.2240500000000003 0.59923000000000015 -0.4892149999999999 -0.32599999999999996 0.70086500000000018 1.7108500000000002 2.2870500000000002 3.6341500000000004 0.33307000000000003 0.34494000000000008
decision_type=2 2 2 2 2 2 2 2 2 2 2 2 2 2 2 2 2 2 2 2 2 2 2 2 2 2 2 2 2 2
left_child=1 8 9 19 7 6 -2 -5 -1 11 18 -3 -13 -14 21 16 -16 -17 -9 -4 -15 26 24 -24 -23 -19 27 29 -11 -7
right_child=5 2 3 4 -6 14 -8 10 -10 28 -12 12 13 20 15 17 -18 25 -20 -21 -22 22 23 -25 -26 -27 -28 -29 -30 -31
leaf_value=0.076977721556085565 0.070049095487198176 -0.035904473611076702 0.01008472982930632 0.1022039302839538 -0.023987704046191983 -0.044616290827407132 -0.012381685551120961 0.029869426629713421 0.007057462711050933 -0.030418036526472427 -0.0021330268319534602 0.063198673246278744 0.040690911430275027 -0.044942887279335472 -0.030627133179521496 0.026189765081641975 0.057449772536878496 -0.043616928511621807 0.08911534781928912 -0.045560634967406755 0.0062692694076342554 -0.043906407173897738 -0.034591846527726733 0.034679605291658533 0.0026165738579653481 -0.011139250617888499 -0.014819485234927168 -0.027966876495525296 -0.046219226919236051 -0.043418151657281828
leaf_weight=7.005897045135498 4.5780332088470441 5.0131028145551673 5.1374217718839628 4.9061542749404934 4.3291501849889746 6.2360075637698271 7.3841523379087448 4.4804741889238375 4.5269067436456663 3.4838428348302859 4.4549912065267554 4.4533967822790173 5.6454458534717551 4.8696989268064481 3.606320649385454 3.5063409358263025 6.2069304287433624 9.3695462048053688 4.9905340522527695 4.3097994178533554 4.7410416156053543 12.032114326953886 5.5021670758724213 6.8501836806535721 3.2231778278946885 3.0947193503379831 3.2940284907817832 3.1772415041923514 4.5463639199733734 11.028488501906393
leaf_count=23 19 26 23 20 21 36 38 21 20 20 22 20 27 27 21 20 30 59 20 23 24 74 35 38 20 20 19 20 23 71
internal_value=0 0.0158566 0.00991459 0.025211 0.0417352 -0.0139554 0.0191653 0.0568436 0.0495323 -0.00531441 0.0408631 0.00574528 0.0163388 0.00266009 -0.0190923 -0.00407922 0.025082 -0.0219975 0.0610877 -0.0153006 -0.0196796 -0.0266316 -0.0171192 0.00382369 -0.0340769 -0.0355531 -0.0376957 -0.0413821 -0.039364 -0.0438509
internal_weight=0 76.8942 65.3614 32.6085 23.1613 89.0895 11.9622 18.8322 11.5328 32.7529 13.926 24.7227 19.7096 15.2562 77.1273 25.7839 9.81325 15.9706 9.47101 9.44722 9.61074 51.3434 27.6076 12.3524 15.2553 12.4643 23.7358 20.4417 8.03021 17.2645
internal_count=880 360 317 150 104 520 57 83 43 167 63 124 98 78 463 150 51 99 41 46 51 313 167 73 94 79 146 127 43 107
is_linear=0
shrinkage=0.05


Tree=34
num_leaves=31
num_cat=0
split_feature=7 2 62 22 66 3 46 11 39 61 92 30 45 104 56 33 100 81 2 56 94 3 68 2 101 103 30 15 17 76
split_gain=6.92126 6.15601 6.32769 9.86259 8.67436 4.83154 5.5802 4.84647 4.80758 6.73777 4.35175 4.11615 3.94193 4.0045 3.87144 6.13677 3.62229 3.61783 4.05738 3.72548 3.43884 3.27574 3.94246 2.98232 2.92365 2.89048 2.75933 1.57829 1.43531 0.193421
threshold=0.73169000000000006 1.0334000000000001 0.066121500000000014 1.2483000000000002 -1.2242499999999998 2.8330000000000006 2.0173500000000004 1.9176500000000003 -1.9869499999999998 -0.55034999999999978 -0.37442499999999995 -1.4760999999999997 -0.5050349999999999 -0.82052999999999987 -1.4442999999999999 -0.24830999999999998 -0.062684999999999977 0.16549500000000003 1.5943000000000003 0.093474500000000016 0.73623000000000005 -0.094610999999999987 -0.77520999999999984 -0.56127499999999986 -0.41888499999999995 -1.0483499999999999 1.0976000000000001 -0.085718499999999989 2.5518000000000005 -1.7217499999999999
decision_type=2 2 2 2 2 2 2 2 2 2 2 2 2 2 2 2 2 2 2 2 2 2 2 2 2 2 2 2 2 2
left_child=1 2 3 21 11 6 12 -8 9 -2 -5 -4 -6 -14 20 17 -3 18 -16 -20 -10 22 27 26 -24 -23 -13 -1 -17 -27
right_child=8 16 4 10 5 -7 7 -9 14 -11 -12 23 13 -15 15 28 -18 -19 19 -21 -22 25 24 -25 -26 29 -28 -29 -30 -31
leaf_value=-0.012988781913703597 0.043200221191712879 0.010238744822624775 0.021340083765947385 0.061304440911214335 0.069846808275640659 0.067127881780155441 0.023904983554914886 -0.03724244950223983 -0.015047018701613527 -0.02055125283221965 0.0052940442019461659 -0.03350075688280419 -0.0080297149778225524 0.044322991165076819 0.033859726370612679 -0.048530031669783265 0.054047295039230905 -0.035902429820142433 -0.041805806149830621 0.016895494379517061 0.035782777905033883 -0.0067125955300839481 0.030889823053259793 -0.048602351583622187 -0.016850722471760501 -0.037432736230596973 0.0107684190129195 -0.050334900307819411 -0.021739747062776316 -0.0497131018927294
leaf_weight=6.5237852483987808 8.5668988227844256 9.0500580966472643 8.5637702792882937 5.592812880873681 6.1402306556701651 6.5534238517284384 6.7270805835723859 6.2521944791078568 8.1242886185646039 8.0286933183670026 9.1275909543037379 5.9696463197469738 6.3091809302568427 8.6750069558620471 7.3624132275581422 18.82411597669125 9.8585799038410169 7.5773683786392203 5.7534619122743589 5.0976919829845428 5.6356929540634146 6.645107954740527 7.6461763530969602 6.2901144176721564 5.5236442685127276 4.5293607562780389 8.5779130756854993 4.995136946439743 6.807596042752265 10.977909535169598
leaf_count=26 30 32 31 20 20 21 23 23 31 31 33 24 22 29 27 81 34 32 23 20 21 26 28 27 21 20 32 20 27 45
internal_value=0 0.00640238 0.00256991 -0.00912528 0.0128467 0.0278081 0.0202524 -0.0055501 -0.0116679 0.0123582 0.0265744 -0.00784247 0.0361059 0.0222796 -0.017785 -0.0240884 0.0330796 -0.00686895 0.00520981 -0.0142289 0.00577141 -0.0203444 -0.00781952 -0.0198358 0.0108666 -0.0343032 -0.00739761 -0.0291838 -0.0414147 -0.0461263
internal_weight=0 150.529 131.62 61.5615 70.0586 40.6571 34.1037 12.9793 81.7782 16.5956 14.7204 29.4014 21.1244 14.9842 65.1826 51.4226 18.9086 25.7909 18.2136 10.8512 13.76 46.8411 24.6887 20.8377 13.1698 22.1524 14.5476 11.5189 25.6317 15.5073
internal_count=880 557 491 239 252 138 117 46 323 61 53 114 71 51 262 210 66 102 70 43 52 186 95 83 49 91 56 46 108 65
is_linear=0
shrinkage=0.05


Tree=35
num_leaves=31
num_cat=0
split_feature=36 42 31 45 83 50 10 50 21 20 98 15 63 18 76 21 33 22 78 84 19 69 44 102 20 39 91 1 76 57
split_gain=5.07716 4.53204 6.79364 6.58768 4.48947 4.11884 7.45997 5.28316 6.04938 6.09511 4.50146 4.92072 5.77898 4.71258 7.15839 4.89606 3.75255 3.67766 3.8659 3.59442 3.68453 3.51342 3.35807 4.37234 2.30581 2.55292 1.30152 0.672298 0.00301867 0.0018959
threshold=-0.92026499999999989 -3.5163499999999996 5.8344000000000005 -4.103699999999999 1.5488000000000002 0.94833000000000012 2.3928500000000006 1.5499500000000002 4.7575000000000012 -0.73815499999999989 8.6087500000000023 1.3096500000000002 3.7970500000000005 -1.1461499999999998 -0.79120999999999986 -0.28507999999999994 0.92134500000000019 -2.3667999999999996 1.6418500000000003 -0.89825499999999991 -0.25499499999999992 0.3230650000000001 -1.2411499999999998 -2.3720999999999997 0.9953550000000001 2.6839500000000007 -0.26670499999999991 1.0418500000000004 -1.5066999999999997 -2.0926499999999995
decision_type=2 2 2 2 2 2 2 2 2 2 2 2 2 2 2 2 2 2 2 2 2 2 2 2 2 2 2 2 2 2
left_child=4 2 29 -3 17 10 7 -7 9 -9 11 13 -13 16 15 -15 21 18 -1 -16 -21 -5 -19 -24 28 -26 -11 -18 -25 -2
right_child=1 3 -4 5 -6 6 -8 8 -10 26 -12 12 -14 14 19 -17 27 22 -20 20 -22 -23 23 24 25 -27 -28 -29 -30 -31
leaf_value=0.047386970589363538 -0.045773213139294659 0.064099471934860278 0.029979971234979454 -0.024696942220484717 0.026600555082944035 0.054256176092111065 0.067904720149893905 0.027807765924463518 0.050521712845962408 -0.012116720815160933 -0.046250983539767698 0.054889489273879169 -0.01080129765649095 0.068171020639706814 0.022978214527757446 0.0023774085834108458 -0.04578545140989837 0.0059265973265344466 -0.0211974713477865 -0.045838168013516027 0.012619392014123154 0.028107761484813028 0.0154756698384699 -0.046572637050450005 -0.045414630109793096 0.0053728104706345405 -0.046484592029499498 -0.020730474406881551 -0.045239949987715619 -0.044299440478465513
leaf_weight=4.1825215369462949 6.0275202840566626 5.1697631627321234 4.3996029049158087 6.7689448446035332 6.6522320061922064 5.2574667334556606 6.7115808278322211 5.7880656421184602 4.4823557138442984 4.2225625514984184 4.978695571422576 8.6063996106386167 5.479594573378562 6.7051607817411423 5.5582677721977225 4.889567673206324 9.1218590736389142 8.2993765175342542 4.0386204123497009 7.8243848234415028 4.1121562421322055 5.8921869695186615 4.7185772359371141 5.9149204045534125 4.3508187830448133 5.7371874302625656 7.9250088781118322 3.7897510081529608 15.087783873081216 3.4205890297889701
leaf_count=19 31 20 19 33 30 22 27 25 19 20 25 37 26 27 25 22 47 38 21 40 19 27 22 29 23 28 39 19 81 20
internal_value=0 0.00565995 -0.0213414 0.00896057 -0.0120894 0.00632396 0.020614 0.00914547 -0.00143389 -0.0144183 -0.00034105 0.00298371 0.0293351 -0.00380681 0.00995817 0.0404255 -0.0194648 -0.0170077 0.013695 -0.0102341 -0.0256995 -0.0001229 -0.0227302 -0.0293719 -0.0361783 -0.0165311 -0.0345381 -0.0384314 -0.0456153 -0.0452396
internal_weight=0 127.131 13.8477 113.284 58.982 108.114 34.387 27.6755 22.418 17.9356 73.727 68.7483 14.086 54.6623 29.0895 11.5947 25.5727 52.3298 8.22114 17.4948 11.9365 12.6611 44.1087 35.8093 31.0907 10.088 12.1476 12.9116 21.0027 9.44811
internal_count=880 589 70 519 291 499 152 125 103 84 347 322 63 259 133 49 126 261 40 84 59 60 221 183 161 51 59 66 110 51
is_linear=0
shrinkage=0.05


Tree=36
num_leaves=31
num_cat=0
split_feature=81 10 75 95 20 38 78 81 81 63 103 60 110 2 48 59 76 81 50 40 92 102 72 101 76 48 92 100 29 63
split_gain=7.34905 6.84142 6.05018 6.39047 7.16932 6.39564 6.28299 5.45151 8.21164 6.26558 6.33071 5.64168 4.92536 4.68496 4.3423 6.1294 4.32256 5.53126 5.04304 4.27818 4.23472 5.00918 4.39398 3.523 3.35943 3.17444 2.48165 2.24918 1.72548 1.08242
threshold=-1.7748999999999997 -1.8652499999999999 -1.7765999999999997 0.22606000000000001 4.8637500000000005 -2.8499499999999993 1.1965500000000002 1.3653000000000002 3.2533500000000006 0.35196000000000011 -1.1283499999999997 -1.1899499999999998 0.10740500000000001 1.9558500000000003 -0.87529999999999986 4.4510000000000014 -1.7051499999999999 -1.2046999999999997 -1.2944999999999998 -0.98684499999999986 0.81371000000000004 -1.3210999999999997 -1.2862499999999997 -1.1138499999999998 -0.23759999999999995 2.8364500000000006 -0.66767499999999991 -0.52710499999999993 -2.1502999999999992 -3.3769499999999995
decision_type=2 2 2 2 2 2 2 2 2 2 2 2 2 2 2 2 2 2 2 2 2 2 2 2 2 2 2 2 2 2
left_child=1 -1 20 4 6 -5 7 9 -9 10 -4 -12 -10 -3 15 23 28 -18 -19 -20 27 -22 -23 -13 26 -11 29 -2 -7 -8
right_child=2 13 3 5 -6 16 24 8 12 25 11 14 -14 -15 -16 -17 17 18 19 -21 21 22 -24 -25 -26 -27 -28 -29 -30 -31
leaf_value=0.021931762831731795 -0.05106828619874202 -0.050466616056588968 0.051279602746812848 -0.027988415368455088 0.037911955179970057 0.033590913445339182 -0.025526115617178609 0.054318566103527338 -0.031483380869913501 -0.050254379225543155 -0.045984963369538848 0.0057612017237258879 0.021266087651672434 -0.0038212041459807743 0.031878948994683576 0.031961000191527741 0.060109508973597729 0.038481361957934473 -0.040106553595689966 0.012642589504843411 0.037109368855726278 0.01194412966501348 -0.037585188878080406 -0.044656333300533903 0.0055796262198701116 -0.0037938496311958865 -0.0049462455837182995 -0.016175208239605065 0.069689473013640008 -0.053442232215835772
leaf_weight=6.7133744210004833 8.2286431491374987 16.316682666540149 6.31836874783039 5.5801291912794104 12.209118962287901 6.2620755732059479 5.3514553904533431 11.670456871390344 7.2214286923408535 9.3836684226989728 6.301460236310958 5.6089040786027846 11.428935840725897 8.0333316028118116 10.64093485474587 6.828178107738494 6.3676193654537192 8.67799359560013 6.4980994910001746 9.410553842782976 6.654173135757449 8.6530425548553502 9.2804657965898478 9.064427375793457 7.6603391468524924 6.0449494272470465 5.6912284344434747 10.526203021407126 7.0227325856685621 9.8890570998191816
leaf_count=22 32 65 20 20 39 20 20 37 24 33 23 20 37 29 35 22 20 28 23 31 22 30 34 32 26 20 20 38 22 36
internal_value=0 -0.022757 0.00319111 0.00720652 0.00142178 0.0224539 -0.00231876 0.00413571 0.0214248 -0.00457355 0.00489739 -0.00272567 0.000841472 -0.0350778 0.00575523 -0.0071732 0.0288164 0.0185775 0.00782125 -0.00890349 -0.0135896 6.00776e-05 -0.0136869 -0.0253842 -0.0227512 -0.0320511 -0.0331193 -0.0314845 0.0526737 -0.0436399
internal_weight=0 31.0634 224.475 181.132 131.313 49.8192 119.104 90.5117 30.3208 60.1909 44.7623 38.4439 18.6504 24.35 32.1424 21.5015 44.2391 30.9543 24.5866 15.9087 43.3425 24.5877 17.9335 14.6733 28.5921 15.4286 20.9317 18.7548 13.2848 15.2405
internal_count=880 116 764 608 444 164 405 303 98 205 152 132 61 94 109 74 144 102 82 54 156 86 64 52 102 53 76 70 42 56
is_linear=0
shrinkage=0.05


Tree=37
num_leaves=31
num_cat=0
split_feature=44 37 62 63 76 64 66 35 0 42 78 11 4 22 24 53 70 88 4 100 44 22 82 84 72 8 58 52 44 49
split_gain=13.4773 5.38012 5.60443 5.43074 5.02705 4.39587 4.53744 5.91419 4.49688 4.74319 4.15598 4.0027 3.83334 4.79709 5.31822 4.2209 3.71569 3.47058 2.33471 2.33287 1.81823 1.18398 0.963084 0.717541 0.171276 0.0115358 0.00187857 0.00167066 0.0010106 0.000264667
threshold=-0.68132499999999985 -1.7694499999999997 0.62693500000000013 1.3072500000000002 -1.0657999999999996 0.05940850000000001 -0.38674999999999998 -0.72941999999999985 -0.48347999999999997 -0.29758999999999997 1.9040000000000001 0.54202000000000006 -0.19382499999999997 0.47312000000000004 -0.08664899999999999 -0.11725499999999998 -1.42275 8.5893500000000014 0.29957500000000009 0.66952000000000012 -1.0612999999999999 2.7646500000000001 1.6526000000000003 2.7092500000000004 -1.3074499999999998 -2.0242999999999998 0.32883000000000001 -0.59764499999999987 1.0414500000000002 1.3677500000000002
decision_type=2 2 2 2 2 2 2 2 2 2 2 2 2 2 2 2 2 2 2 2 2 2 2 2 2 2 2 2 2 2
left_child=1 16 3 5 11 6 7 8 -3 -10 12 -2 17 14 15 -14 -1 22 -15 -5 24 26 23 25 -4 -6 -20 28 -27 -28
right_child=4 2 20 19 10 -7 -8 -9 9 -11 -12 -13 13 18 -16 -17 -18 -19 21 -21 -22 -23 -24 -25 -26 27 29 -29 -30 -31
leaf_value=0.018572633149613511 0.04224398782475363 0.038249363158498396 -0.045718790361157384 -0.04547412840312292 -0.046292507226277507 0.053878333179985853 -0.033586004478034802 0.066253835886289733 0.018474263461592238 -0.038787133281252384 0.019074865413092345 -0.020505279297814528 -0.044338838866749671 0.010900590870657947 0.050861007020829165 0.029952728475276913 0.068733497788028564 0.018079957337668703 -0.044656547887656335 0.0079431712228028202 0.0036922559225283525 -0.013752244514252011 -0.017785529864934934 -0.022433843707578942 -0.030303187049010027 -0.044550157116649246 -0.043541406405526534 -0.04298701763505134 -0.04343039741999033 -0.042911306998631146
leaf_weight=7.8509345799684525 6.6933119446039182 8.9636822491884196 3.7628298848867416 4.5452247709035856 3.9580282270908347 9.0027100443840009 4.2744569927454057 5.9127625823020962 8.2277437895536369 6.4527999013662347 6.8790689259767523 4.0970476418733597 4.5083567798137665 3.5876989066600826 5.6372415721416456 3.3197436481714249 6.9691346734762174 3.1331105455756179 3.4884087145328504 3.7141457051038742 3.9982070922851545 4.8813897445797911 5.5761439204215995 4.6581870019435874 3.4574375003576279 3.476719334721567 3.3135653138160706 12.632507741451269 4.7925096899271011 3.3529283851385117
leaf_count=32 33 38 20 24 20 38 23 25 38 32 38 23 27 21 30 19 27 18 20 20 21 30 33 29 20 20 21 86 31 23
internal_value=0 0.0150832 0.00864319 0.0156696 -0.0135483 0.0228277 0.0145649 0.0215284 0.0103438 -0.00669485 -0.0180166 0.0184184 -0.0216453 -0.00890334 0.0138322 -0.0128332 0.0421608 -0.0323413 -0.0253414 -0.021453 -0.023358 -0.0339888 -0.0368428 -0.0404429 -0.038337 -0.0438174 -0.0437164 -0.0433487 -0.0439012 -0.0432245
internal_weight=0 77.1321 62.312 51.0935 87.986 42.8342 33.8314 29.557 23.6442 14.6805 77.1956 10.7904 70.3165 32.0893 13.4653 7.8281 14.8201 38.2272 18.624 8.25937 11.2185 15.0363 35.0941 29.518 7.22027 24.8598 10.1549 20.9017 8.26923 6.66649
internal_count=880 358 299 238 522 194 156 133 108 70 466 56 428 191 76 46 59 237 115 44 61 94 219 186 40 157 64 137 51 44
is_linear=0
shrinkage=0.05


Tree=38
num_leaves=31
num_cat=0
split_feature=72 82 37 1 71 78 59 22 87 9 25 108 84 65 22 49 105 106 63 50 103 81 7 30 50 108 49 104 52 73
split_gain=6.62168 5.88571 5.81455 6.54232 6.01418 5.38967 5.90708 5.17093 4.66386 4.44881 4.68493 4.40808 4.11976 4.06106 4.03893 3.85527 3.70133 5.59727 4.13346 5.81427 3.44138 3.32142 2.99502 2.79434 2.70866 2.40178 2.26436 2.39694 1.2849 0.898748
threshold=-1.4197999999999997 1.2220500000000003 -1.4441499999999998 -0.5309299999999999 -1.4762499999999996 -3.7976499999999995 3.7531500000000002 -1.3688999999999998 1.2595000000000003 -5.2863499999999997 0.65032000000000012 -0.57750499999999982 -1.8825999999999998 -0.81531999999999993 -0.85480999999999996 -1.4328999999999998 1.1360000000000003 1.5162000000000002 3.0585000000000004 -1.0440499999999997 -2.6811499999999993 -1.4012999999999998 -2.0106999999999995 0.45178000000000007 0.20905500000000002 -0.44186999999999993 -0.024238999999999997 -1.0222499999999999 -1.3788499999999997 -1.2743999999999998
decision_type=2 2 2 2 2 2 2 2 2 2 2 2 2 2 2 2 2 2 2 2 2 2 2 2 2 2 2 2 2 2
left_child=5 2 13 7 -5 -1 12 22 14 -3 -11 -8 -7 -2 -6 28 18 -18 20 -20 -17 -9 -4 -12 -23 -19 27 -22 -14 -28
right_child=1 9 3 4 8 6 11 21 -10 10 23 -13 15 -15 -16 16 17 25 19 -21 26 24 -24 -25 -26 -27 29 -29 -30 -31
leaf_value=0.038616450888141335 -0.043622615341345906 0.023865793393224741 -0.015386050634570884 0.041657915050576415 -0.040888720301498205 0.016362336362025064 0.04142241469889163 0.01909372123534081 0.033296900019955021 -0.045171459201778563 0.026610602909551185 -0.013342018967662034 -0.048807303569540952 0.0092371696788155384 0.0049245940548413858 0.0053926638036999389 0.04236212141954572 -0.039717455364228577 0.043440929809929099 -0.030226003919407808 0.0063861929770708155 0.079507122600548152 0.034765542361159321 -0.024547346498827685 0.04001698634551587 0.0087019072958813091 -0.026547995018794335 -0.036304240722388303 -0.021632117563387575 -0.049448282933447218
leaf_weight=5.8447726219892493 6.2563857138156882 6.9607665240764645 6.0182060897350311 8.5861378610134107 9.8703466206789017 9.3840311020612699 8.7708173841238004 6.4502258747816077 5.596125289797782 10.896063804626467 5.4228015691041929 6.3237041831016532 11.688373014330866 8.6671587079763395 9.3853235542774236 6.9375817328691403 6.7942234873771694 5.2634658813476571 5.5721157789230347 5.1578354090452176 6.0229692012071609 9.3081077635288292 5.890931770205496 5.2568628489971161 8.1393108218908292 4.9885160923004124 5.8999939411878524 7.2410258650779635 6.9279165416955939 15.646984413266203
leaf_count=21 24 25 21 30 39 36 31 22 20 45 20 24 50 32 36 27 26 22 20 22 24 29 20 20 28 20 23 30 28 65
internal_value=0 0.00873182 0.0153849 0.0214859 0.0055819 -0.00819806 -0.0106277 0.0363377 -0.00688213 -0.0108915 -0.0221049 0.0184794 -0.0151327 -0.0129232 -0.018559 -0.0184859 -0.0130748 0.00716733 -0.0196499 0.00802959 -0.0267639 0.0497509 0.00942176 0.00142907 0.0610848 -0.0161571 -0.0331725 -0.0169192 -0.0386943 -0.0431777
internal_weight=0 112.705 84.1683 69.2447 33.4379 118.464 112.62 35.8068 24.8518 28.5365 21.5757 15.0945 97.525 14.9235 19.2557 88.141 69.5247 17.0462 52.4785 10.73 41.7486 23.8976 11.9091 10.6797 17.4474 10.252 34.811 13.264 18.6163 21.547
internal_count=880 411 301 245 125 469 448 120 95 110 85 55 393 56 75 357 279 68 211 42 169 79 41 40 57 42 142 54 78 88
is_linear=0
shrinkage=0.05


Tree=39
num_leaves=31
num_cat=0
split_feature=55 50 4 40 68 45 46 112 110 73 50 96 51 9 44 102 8 41 87 39 18 84 8 12 4 96 108 6 22 56
split_gain=4.91302 4.94789 5.16762 5.87482 4.87082 4.77571 4.61098 6.63875 4.43643 6.11356 10.0978 7.57931 5.69562 6.07127 5.53591 6.90826 4.79789 4.75039 2.96029 2.89259 2.03015 1.44633 1.3481 4.35319 1.22341 0.829459 0.65994 0.180579 0.0022708 0.00119692
threshold=3.2966000000000002 -0.98142999999999991 3.4051500000000003 -0.99102499999999993 -1.1082499999999997 -0.14690999999999996 1.3999500000000002 0.37527000000000005 -3.3619499999999998 0.80881000000000014 -0.70491999999999988 -0.72097999999999984 11.946500000000002 0.23177000000000003 -0.92630999999999986 0.91920000000000013 0.27069500000000007 -0.95481999999999989 1.0748000000000002 0.23805500000000002 -1.3510499999999996 -1.0619499999999997 -0.24269499999999997 0.65905000000000002 -0.89236999999999989 -3.6731499999999997 1.3544500000000002 -0.80803499999999995 -1.3115999999999997 -1.5179499999999997
decision_type=2 2 2 2 2 2 2 2 2 2 2 2 2 2 2 2 2 2 2 2 2 2 2 2 2 2 2 2 2 2
left_child=1 2 3 4 -1 27 7 24 -3 10 17 14 13 20 -11 -16 -15 -10 19 -18 -12 -22 29 -24 -7 -25 -2 -6 -23 -5
right_child=26 8 -4 22 5 6 -8 -9 9 11 12 -13 -14 16 15 -17 18 -19 -20 -21 21 28 23 25 -26 -27 -28 -29 -30 -31
leaf_value=0.035677095868116147 -0.04489782324522567 0.04094303349861797 0.033674536491617321 -0.044801048471118071 -0.031549333911943034 -0.011091951017786088 0.043582110519539197 0.040862975201338345 0.075093917732195425 -0.036944735840695117 -0.0044595758904657206 0.066620245207316964 0.041015630410619931 0.031870160547720044 0.05298061991349115 -0.015304549215430299 0.027063572520001695 0.0061894203276625587 -0.046343957664069846 -0.026372106654098927 -0.018534337644724598 -0.04645709015049914 0.021148876632412023 -0.016921342863360399 -0.046173750215599552 -0.045532994224515927 -0.017968139011040513 -0.046088352485050971 -0.045164600338831712 -0.045927969953910922
leaf_weight=7.6357762664556494 5.9954891651868802 9.7176562845706922 6.6040575206279746 3.9316158890724182 3.6712658703327179 4.1303360909223557 5.426775023341178 4.440497860312461 5.4771022796630859 4.9686091393232408 5.9074246436357454 7.9113251864910117 4.8992110192775717 9.1133742481470126 8.6902123093605024 6.4551223516464225 5.2335566580295545 4.6039253473281843 4.8334609121084204 4.9072733372449875 7.1407469511032096 4.8579820692539224 4.3089919239282635 3.5662468820810345 6.2390097379684466 8.7436064630746788 3.6661200076341629 5.1059909909963626 11.310108795762073 5.8802944123744982
leaf_count=34 33 39 30 22 20 20 25 20 21 24 29 30 20 38 36 33 23 21 24 24 36 24 20 20 31 46 20 26 61 30
internal_value=0 0.00194277 -0.00840675 -0.0128124 0.000145702 -0.00920533 0.00415436 -0.0102932 0.00874481 0.005496 -0.00257445 0.0251598 -0.0105765 -0.0153184 0.00885237 0.0238767 0.00326585 0.0436258 -0.0141428 0.00120538 -0.0306404 -0.0372757 -0.0307804 -0.0221037 -0.0321999 -0.037244 -0.0346793 -0.0400071 -0.045553 -0.0454764
internal_weight=0 175.712 69.6845 63.0804 36.6497 29.0139 20.2366 14.8098 106.027 96.3094 68.2842 28.0253 58.2031 53.3039 20.1139 15.1453 24.0877 10.081 14.9743 10.1408 29.2163 23.3088 26.4308 16.6188 10.3693 12.3099 9.66161 8.77726 16.1681 9.81191
internal_count=880 827 344 314 176 142 96 71 483 444 321 123 279 259 93 69 109 42 71 47 150 121 138 86 51 66 53 46 85 52
is_linear=0
shrinkage=0.05


Tree=40
num_leaves=31
num_cat=0
split_feature=81 10 11 15 66 46 28 61 103 79 21 20 77 94 65 47 2 102 9 9 88 86 74 102 43 60 1 51 39 34
split_gain=6.76577 6.40131 5.55092 6.96217 6.24615 7.708 6.23201 7.25868 5.62576 6.38505 4.8065 4.72347 4.68011 4.64851 5.48926 4.59851 4.55086 4.48042 4.52426 5.72121 4.1226 4.49232 3.9945 3.89264 3.83666 3.62019 3.60526 2.93571 2.97118 2.90681
threshold=-1.7748999999999997 -1.8652499999999999 0.63346500000000006 0.26246500000000006 -0.25227499999999997 1.7008500000000002 -0.17788999999999996 4.7632000000000012 0.68200500000000008 2.1906000000000003 -1.4673499999999997 -0.76358499999999985 -1.7566999999999997 0.28493500000000005 0.83967500000000006 -0.54448499999999989 1.9558500000000003 1.3847500000000001 -0.69362499999999994 0.084608500000000017 -1.4720499999999996 1.9913000000000001 0.37757500000000005 -0.41796499999999998 0.50364500000000012 0.17387500000000003 2.4488000000000008 -1.0868999999999998 -0.58397999999999983 -1.1156499999999998
decision_type=2 2 2 2 2 2 2 2 2 2 2 2 2 2 2 2 2 2 2 2 2 2 2 2 2 2 2 2 2 2
left_child=1 -1 6 4 13 -6 10 8 9 23 22 -12 -10 14 15 -4 -3 18 -5 -20 21 -13 -2 -8 -21 -15 29 -22 -29 -25
right_child=2 16 3 17 5 -7 7 -9 12 -11 11 20 -14 25 -16 -17 -18 -19 19 24 27 -23 -24 26 -26 -27 -28 28 -30 -31
leaf_value=0.02097949239178673 -0.015976038431957738 -0.049726902623601105 0.0095270703094897744 -0.04228085239058274 0.024217581574917817 -0.04538502447310172 0.055857996350248129 0.042773668103795681 0.011372731697582461 -0.036650245691898752 -0.045398633583666387 0.032535138083122077 -0.044725933296454815 0.026273552757808568 -0.016790473061971494 0.065811593418806727 -0.0034589079016992767 0.028242649872523812 0.033156751372099551 -0.042618441321791892 -0.047512690500227876 -0.020032891207192573 0.040874324130000625 0.020893391108046042 0.0043498774761402091 0.075428669992593483 0.042205610491785339 -0.03595861067079982 0.014141419471809559 -0.02414178981334255
leaf_weight=6.7451756596565273 6.0048023462295514 15.830409675836565 7.2599435597658148 8.6968500912189466 11.011812120676042 6.2270130813121787 6.243937522172927 11.798316925764082 5.7451328635215786 5.7824537456035605 14.708740323781965 8.3562501668930036 10.536017566919325 6.1636307537555686 6.7949837148189536 7.2558087706565884 8.000604033470152 9.1655812710523588 8.4585077017545718 7.9412244260311153 9.3129349648952466 7.9123756885528556 6.3650338649749756 6.7467531859874734 9.6089881360530836 9.5483449399471265 6.3506401181220999 5.7112975865602458 6.1416455805301755 7.6410262137651488
leaf_count=22 21 65 25 32 37 23 20 37 20 21 56 28 38 20 23 23 29 30 28 28 35 27 21 22 31 29 20 21 21 27
internal_value=0 -0.0220224 0.00305496 0.0119611 0.0239362 -0.000924291 -0.00391701 0.0075625 -0.000907776 0.0110293 -0.0147437 -0.021391 -0.0249304 0.035512 0.0202992 0.0376613 -0.0341937 -0.00285012 -0.0110616 -0.000622409 -0.0119579 0.00696826 0.0132769 0.0212473 -0.0169026 0.0561457 0.0108266 -0.026505 -0.0099991 -0.00302378
internal_weight=0 30.5762 223.49 98.1327 54.2615 17.2388 125.357 60.8443 49.046 32.7648 64.5131 52.1432 16.2812 37.0227 21.3107 14.5158 23.831 43.8712 34.7056 26.0087 37.4345 16.2686 12.3698 26.9824 17.5502 15.712 20.7384 21.1659 11.8529 14.3878
internal_count=880 116 764 329 180 60 435 205 168 110 230 188 58 120 71 48 94 149 119 87 132 55 42 89 59 49 69 77 42 49
is_linear=0
shrinkage=0.05


Tree=41
num_leaves=31
num_cat=0
split_feature=44 60 112 57 62 76 109 52 73 50 32 78 62 39 4 2 12 82 36 60 5 50 51 34 84 96 52 77 3 50
split_gain=12.2321 5.00689 5.3386 7.04168 5.31467 4.68818 4.61023 4.9471 6.88405 5.96673 3.94314 3.89464 3.84727 3.7292 3.68274 4.68065 6.8147 3.32059 3.9696 3.30064 2.71484 2.67427 2.48396 1.12747 0.718031 0.00916105 0.00165053 0.00164487 0.000936422 0.000378206
threshold=-0.68132499999999985 -1.7289499999999998 5.7512500000000015 -2.6445999999999992 0.62693500000000013 -1.0657999999999996 -0.81013499999999994 2.2214500000000004 0.70877500000000004 -0.89761499999999994 0.17135500000000001 1.9040000000000001 -3.3410999999999995 0.35222000000000003 -0.19382499999999997 0.20411500000000002 0.18953500000000004 1.6526000000000003 -0.37314999999999993 0.34913000000000005 0.90331500000000009 -1.0000000180025095e-35 -1.5920999999999996 -0.6752149999999999 2.7092500000000004 1.4730000000000003 -0.59764499999999987 -1.3704999999999998 0.47706500000000002 -1.1663999999999997
decision_type=2 2 2 2 2 2 2 2 2 2 2 2 2 2 2 2 2 2 2 2 2 2 2 2 2 2 2 2 2 2
left_child=1 12 3 10 6 13 20 8 -8 -10 -3 14 -1 -2 17 16 -16 24 -19 27 -5 -21 -6 -4 25 26 28 -17 -7 -29
right_child=5 2 23 4 22 11 7 -9 9 -11 -12 -13 -14 -15 15 19 -18 18 -20 21 -22 -23 -24 -25 -26 -27 -28 29 -30 -31
leaf_value=0.071172972570185691 0.04002143108088798 0.010584621631739091 -0.046756047546789858 0.011093577437828543 0.005666618704473359 -0.044128848802586718 0.069240698371889203 -0.022894403120222631 0.03996243412125472 -0.035050926530317827 0.066632888337126592 0.018181871703842469 0.016151380962038244 -0.020598257967642336 0.049366569017445773 -0.04463717865206121 -0.025508543137912704 0.034689089600323089 -0.0337972839085992 0.02139237206650545 -0.045460944161612941 -0.032043823287640841 -0.044709813006446955 -0.0098368857476256646 -0.021852074274782099 -0.045878462278832771 -0.042724730715642388 -0.042924294156014411 -0.043053086670404375 -0.043684760004229106
leaf_weight=6.1883827745914459 6.8593615144491178 5.0035908818244925 4.2717577964067459 4.2099638432264239 3.8337563276290894 4.4666750431060809 8.7257372438907748 4.3405895680189124 6.5929620265960631 4.4336403459310576 8.4164697080850583 6.9514355435967436 6.5290045589208585 4.026193305850029 6.7383288443088549 3.5067100673913973 5.5350968018174171 3.6826547086238861 4.9729712009429914 5.2110555395483971 4.2786776721477509 4.2517610192298871 6.7646424323320371 4.0084174871444684 4.5652557164430609 3.4417737424373618 12.305930338799959 3.3526987954974192 3.6974819600582123 3.1911504566669446
leaf_count=22 34 23 21 20 20 27 36 23 28 23 33 38 27 22 35 20 36 20 31 30 23 27 39 20 29 18 87 23 25 20
internal_value=0 0.0142382 0.00861514 0.0141009 0.00426906 -0.0130852 0.0142737 0.0254377 0.0360587 0.00980063 0.0457356 -0.0174878 0.0429253 0.0176003 -0.0210856 -0.00859339 0.0155992 -0.0317793 -0.00465882 -0.0238099 -0.0174126 -0.00261717 -0.0264872 -0.0288835 -0.0400226 -0.0434917 -0.0430904 -0.0437634 -0.0436416 -0.0432951
internal_weight=0 77.5976 64.8802 56.6 43.18 86.7565 32.5816 24.0929 19.7523 11.0266 13.4201 75.871 12.7174 10.8856 68.9195 31.7868 12.2734 37.1327 8.65563 19.5134 8.48864 9.46282 10.5984 8.28018 28.4771 23.9119 20.4701 10.0506 8.16416 6.54385
internal_count=880 358 309 268 212 522 153 110 87 51 56 466 49 56 428 191 71 237 51 120 43 57 59 41 186 157 139 63 52 43
is_linear=0
shrinkage=0.05


Tree=42
num_leaves=31
num_cat=0
split_feature=1 10 71 71 101 41 102 58 78 39 39 20 51 110 72 71 1 5 56 6 54 78 49 101 12 94 50 55 55 38
split_gain=6.14458 5.78759 5.12904 5.64968 5.5108 5.04056 7.11058 6.59627 5.51192 5.36217 5.27635 5.17021 6.153 6.32953 4.30139 5.57419 4.09844 6.61384 5.29972 3.77756 4.21076 3.62116 3.18881 3.07217 2.57773 2.27256 2.21569 1.4692 1.17344 0.00961217
threshold=2.2488000000000006 12.343000000000002 4.3433500000000009 3.0973000000000002 -2.1347999999999998 0.041462000000000006 -1.3393999999999997 0.86277500000000018 0.71392500000000003 1.1949500000000002 -0.99056499999999981 4.3047000000000013 -1.3513499999999998 -0.52549999999999986 -1.3100499999999997 -0.40514999999999995 5.0354000000000001 2.8899000000000004 -1.3508499999999997 -0.26695999999999992 -0.85180999999999985 1.9700500000000003 0.6848550000000001 -0.091202499999999978 -0.15169499999999997 -0.46639499999999995 1.1413000000000002 -0.066953999999999986 -1.2851999999999999 0.79096000000000011
decision_type=2 2 2 2 2 2 2 2 2 2 2 2 2 2 2 2 2 2 2 2 2 2 2 2 2 2 2 2 2 2
left_child=1 2 3 4 -1 6 19 25 10 11 24 12 23 -14 27 -16 18 -18 -2 -6 -21 -10 -11 -9 -8 -7 -20 -12 -27 -30
right_child=16 -3 -4 -5 5 7 8 9 21 22 14 -13 13 -15 15 -17 17 -19 26 20 -22 -23 -24 -25 -26 28 -28 -29 29 -31
leaf_value=0.044650188128513756 0.011127548069277817 0.049147435344173998 -0.03612917422204711 0.05175116518291293 -0.037215648858937703 -0.0073983849475928037 0.011438588664704413 0.059028502802034588 0.061954952483864081 -0.0044239675888672952 -0.049322885786058888 -0.029853474311716074 0.031340807271850339 -0.037540448592858183 0.048553370548824096 -0.019526398263160563 -0.040279844639796399 0.029245873592878002 -0.048714574959155606 0.030071587754863096 -0.021947566860585944 0.011517724977004687 -0.049910015445289301 0.01873930462894249 0.053247869748879663 -0.020166772099205303 -0.014831435671704848 -0.011010153439976564 -0.050675467533245082 -0.047785514634476951
leaf_weight=7.3982913196086875 6.9547239392995861 6.8652256131172171 8.2533829361200315 6.0330829322338095 9.5056142061948794 7.4461943209171322 7.3134332895278931 8.8770126849412847 10.386767372488974 9.2497217357158643 5.0501189082860947 6.4262363016605368 6.0534647703170776 7.4268709272146278 5.9283350259065593 6.1008128672838264 5.2702468335628501 9.7464418411254865 16.251293346285824 7.4124476164579383 8.1868682503700239 5.4133344888687125 6.6042021512985221 10.132281333208084 7.4341348707675916 4.9007664471864762 6.8620984852313986 4.9598023444414121 6.2782558202743477 5.3114518970251083
leaf_count=26 26 23 37 22 36 28 26 30 36 35 21 24 21 30 20 24 22 37 70 26 32 21 27 38 25 20 28 20 25 24
internal_value=0 0.0040992 0.00236256 0.00423318 0.00248296 0.000488272 0.00952292 -0.00842989 0.0199744 0.0011393 0.00936553 0.0111249 0.0192302 -0.00660871 -0.00612462 0.0140254 -0.0164868 0.00484517 -0.0271404 -0.0123695 0.00277078 0.0446745 -0.0233719 0.0375537 0.0325143 -0.0303253 -0.0386551 -0.0303394 -0.0406778 -0.049351
internal_weight=0 184.948 178.083 169.83 163.796 156.398 77.6917 78.7065 52.5867 54.7698 36.7866 38.9159 32.4896 13.4803 22.0391 12.0291 45.0848 15.0167 30.0681 25.1049 15.5993 15.8001 15.8539 19.0093 14.7476 23.9367 23.1134 10.0099 16.4905 11.5897
internal_count=880 697 674 637 615 589 287 302 193 205 136 143 119 51 85 44 183 59 124 94 58 57 62 68 51 97 98 41 69 49
is_linear=0
shrinkage=0.05


Tree=43
num_leaves=31
num_cat=0
split_feature=57 36 31 90 53 50 81 100 100 80 76 78 100 3 101 87 60 24 86 38 111 47 36 50 36 2 93 78 43 12
split_gain=4.74115 4.65363 3.76096 5.25837 5.8784 5.23456 6.83044 5.26463 5.7155 7.22796 5.32671 4.47194 3.77234 7.46494 3.75576 3.69209 6.34784 4.31139 3.8501 3.47599 3.14323 2.89762 3.10554 2.67293 2.55515 3.02684 2.29399 2.11424 1.76769 0.655245
threshold=10.314000000000002 -0.92026499999999989 11.254500000000002 -1.0829499999999996 -1.3089499999999998 1.1098500000000002 0.98686000000000007 3.1734500000000003 2.2309000000000005 0.99651500000000015 -0.14855499999999996 0.020218000000000003 -0.77069499999999991 0.24676000000000001 0.58624500000000013 -0.16679999999999998 -0.20544999999999997 -1.1506499999999997 -0.46582999999999991 -1.0646499999999997 0.33122000000000001 1.6066000000000003 -1.7587999999999997 10.123000000000001 0.24831 0.080683500000000005 -3.6991999999999998 -0.24092999999999998 4.030050000000001 0.70715000000000006
decision_type=2 2 2 2 2 2 2 2 2 2 2 2 2 2 2 2 2 2 2 2 2 2 2 2 2 2 2 2 2 2
left_child=1 15 3 4 -3 7 11 8 9 10 12 -7 13 -5 -14 16 18 -18 -1 -6 28 22 -22 -8 25 -12 27 -21 -17 -9
right_child=-2 2 -4 5 19 6 23 29 -10 -11 24 -13 14 -15 -16 20 17 -19 -20 26 21 -23 -24 -25 -26 -27 -28 -29 -30 -31
leaf_value=-0.0030458117864088441 -0.044619818703676879 0.035000978222662023 0.042511565947889705 0.0751220651186153 0.016335238624368184 0.024957108994111864 0.021531980280142523 -0.04622814136458344 0.059458955202800305 0.061084444307764302 0.023386508196152431 0.078697080356677107 -0.03180507052898196 -0.013041700220976091 0.024957786777371972 -0.045471382173053111 0.015727880492463937 -0.044869735420252271 0.052090002527409619 0.014499444609307417 -0.021264969433805063 -0.035880694881942274 0.037730652046839869 -0.027534419215899188 -0.040501679237271958 -0.035059860740923793 -0.045701390255196372 -0.03559500687186206 -0.0067663133385305711 -0.017871369024327437
leaf_weight=5.5803593099117279 5.7590334117412558 5.2648686617612865 7.0003177523612967 5.4584201127290672 4.5768801271915498 7.9908512532711047 6.269562289118765 4.7533888220787031 5.0246254056692115 4.8241082429885855 4.7921622842550367 7.5087723433971405 6.3477602303028089 4.2864017188549042 5.3873769342899323 12.984348356723791 4.7384430170059204 7.71333961188793 7.3189574182033557 4.0120452493429184 3.9446094930171958 4.8167131245136252 5.133912429213523 4.9805798232555389 9.9396667480468732 4.1194504499435425 12.19346021115779 4.4341602027416283 3.8171460330486289 3.5650918185710907
leaf_count=26 33 23 30 21 21 35 27 24 22 19 22 28 30 20 24 69 23 43 31 19 20 25 23 24 53 20 64 22 20 19
internal_value=0 0.00147176 0.00692323 0.00477054 -0.0130532 0.0111436 0.0294659 0.00276532 0.00887247 0.0032435 -0.00367499 0.0509914 0.0133479 0.0363419 -0.00574633 -0.0104655 0.00365578 -0.0218097 0.0282378 -0.0230862 -0.0221277 -0.00453416 0.0120971 -0.000190334 -0.0230716 -0.0036307 -0.031828 -0.0117996 -0.0366779 -0.0340751
internal_weight=0 178.778 122.73 115.73 30.4814 85.2482 26.7498 58.4985 50.18 45.1553 40.3312 15.4996 21.48 9.74482 11.7351 56.0478 25.3511 12.4518 12.8993 25.2165 30.6967 13.8952 9.07852 11.2501 18.8513 8.91161 20.6397 8.44621 16.8015 8.31848
internal_count=880 847 567 537 149 388 114 274 231 209 190 63 95 41 54 280 123 66 57 126 157 68 43 51 95 42 105 41 89 43
is_linear=0
shrinkage=0.05


Tree=44
num_leaves=31
num_cat=0
split_feature=44 101 75 46 57 74 54 86 71 14 65 78 52 87 55 66 102 76 5 32 50 43 94 20 27 84 56 42 29 59
split_gain=6.58743 6.70943 6.30705 4.15625 4.26452 4.78854 4.02036 5.25388 4.91379 4.26209 4.23704 3.88475 4.9037 4.39423 4.19753 3.87357 4.51682 8.20778 4.94487 4.51231 5.07251 5.15447 4.15414 3.49414 3.36028 3.29057 3.24184 2.9783 2.96483 2.19152
threshold=-1.2088999999999996 0.82988500000000009 -2.0207999999999999 -1.8934499999999999 -0.40983499999999995 -0.30255999999999994 4.4897500000000008 1.9913000000000001 -0.51417499999999994 -0.051426999999999994 -0.159965 1.3815500000000003 -0.15423499999999998 2.8695500000000007 0.04998600000000001 -1.2393499999999997 -0.47018999999999994 1.4811500000000002 -0.68392499999999989 1.9398000000000002 -0.89761499999999994 1.6883500000000002 -0.98890499999999981 -0.7012799999999999 1.2935500000000002 -0.25073499999999993 -0.6021749999999999 -3.1075999999999993 -0.13467499999999996 0.50329500000000016
decision_type=2 2 2 2 2 2 2 2 2 2 2 2 2 2 2 2 2 2 2 2 2 2 2 2 2 2 2 2 2 2
left_child=3 11 -3 4 5 27 7 9 29 24 -11 13 14 15 -13 19 17 18 25 20 21 -2 -19 -20 -4 -17 -16 -1 -18 -9
right_child=1 2 6 -5 -6 -7 -8 8 -10 10 -12 12 -14 -15 26 16 28 22 23 -21 -22 -23 -24 -25 -26 -27 -28 -29 -30 -31
leaf_value=0.008088529271882151 0.049736167657388995 -0.024835446558745141 0.058667423802973101 -0.04600894032968348 -0.038865850677016173 0.035740198507866909 0.057969683366058525 0.038445302457266052 -0.026996693136923811 0.035325462562563741 -0.014785190873323188 0.027679693545551838 -0.040843552827860924 0.042440878342381527 -0.044856174156305134 -0.050535784844143707 -0.007981851528105802 0.0029281602751288233 -0.019343649869956264 0.048519807437807913 -0.02234948711724603 -0.0092116956382897013 0.051823692713383766 0.033134006172636898 0.020255887273713545 -0.003455463598040684 0.0050317472345019877 -0.042131752069299977 -0.051894232652641176 -0.0031468428118662179
leaf_weight=6.2419358491897592 7.9655016362667084 8.8082335740327817 12.626627862453459 10.450929030776022 8.3186604827642459 7.3371866196393958 6.3576551973819724 6.6813477277755755 10.930889144539831 7.8264745473861721 9.1501326560974139 7.4318765401840237 13.836633652448652 6.1883818209171286 6.3839297890663138 11.039110824465752 7.0903543531894675 8.9791629910469073 6.3824215978384018 6.9757626950740805 11.103841871023178 6.9388562142848969 8.4148509800434095 6.3059929162263888 10.369555383920668 5.5910752713680276 6.647090569138526 5.6015995144844064 8.3949493914842588 6.0213509798049927
leaf_count=22 25 33 39 42 33 25 20 21 37 25 30 26 54 20 24 44 25 31 22 22 38 23 27 21 33 20 24 22 32 20
internal_value=0 0.00343172 0.0150385 -0.019168 -0.00896734 0.00399961 0.0200585 0.0162692 -0.00241942 0.0273187 0.00831658 -0.00330739 -0.0178526 0.00161412 -0.00230662 -0.00104029 -0.00838563 -0.000627782 -0.0167711 0.0128108 0.0032332 0.0222925 0.0265828 0.00673713 0.0413467 -0.0347074 -0.0194085 -0.015664 -0.0317878 0.0187297
internal_weight=0 214.442 78.7723 37.9503 27.4994 19.1807 69.964 63.6064 23.6336 39.9728 16.9766 135.67 34.2995 101.37 20.4629 95.1819 62.1979 46.7126 29.3186 32.984 26.0082 14.9044 17.394 12.6884 22.9962 16.6302 13.031 11.8435 15.4853 12.7027
internal_count=880 736 258 144 102 69 225 205 78 127 55 478 128 350 74 330 222 165 107 108 86 48 58 43 72 64 48 44 57 41
is_linear=0
shrinkage=0.05


Tree=45
num_leaves=31
num_cat=0
split_feature=46 8 85 81 11 31 12 28 19 52 28 34 0 56 17 75 107 58 14 34 46 0 110 62 87 56 7 28 78 78
split_gain=11.1986 5.35955 4.67634 6.68594 4.65375 4.77241 6.86475 7.61971 4.37484 4.22463 5.70271 5.50663 6.77576 4.14447 4.10084 3.95505 3.95102 4.45075 2.53214 2.36321 2.2256 1.92766 1.76113 4.12266 0.951443 0.320851 0.220545 0.211991 0.000703254 0.000674733
threshold=-0.55906999999999984 -1.6036499999999998 -0.23553999999999997 -1.0201499999999999 -2.3461499999999993 -0.19636499999999998 -3.7289499999999998 1.6474000000000004 -0.70436999999999983 -0.42996499999999993 2.1425000000000005 -0.85737499999999989 -1.1909499999999997 -1.3340499999999997 0.44363000000000002 -1.5630499999999998 -1.0041499999999999 0.23294000000000004 1.7705000000000002 -0.14547999999999997 -1.9763999999999997 0.20973000000000003 -0.97512999999999994 0.79393000000000014 1.6682500000000002 7.7574000000000014 0.33307000000000003 1.3249000000000002 1.2604500000000003 0.33971000000000007
decision_type=2 2 2 2 2 2 2 2 2 2 2 2 2 2 2 2 2 2 2 2 2 2 2 2 2 2 2 2 2 2
left_child=4 2 3 -2 13 8 18 14 16 10 11 12 -3 -1 15 -8 -6 21 -7 -4 -19 -18 23 27 25 28 -10 -11 -24 -13
right_child=1 9 19 -5 5 6 7 -9 26 22 -12 29 -14 -15 -16 -17 17 20 -20 -21 -22 -23 24 -25 -26 -27 -28 -29 -30 -31
leaf_value=0.065560446240856468 -0.012584245360665984 -0.035203950511645037 -0.044726253182637857 0.068304039339375025 -0.03547737292087115 0.0078333151474383866 0.09369082299625478 -0.024576134494399122 -0.028607407964456766 -0.043140072402325272 0.04070641094043953 -0.042949143116158335 0.039792963284494137 0.0051453092101847175 0.012679746482714756 0.040350986944096834 0.062237529504562572 0.021779888893460497 -0.044809179883030237 0.012381062829021615 -0.024214553391442586 0.015232358084148202 -0.042802995516387464 0.02581414820835419 -0.018158550493840332 -0.024640755727731622 -0.045820023266110808 -0.025479963373688099 -0.043531452210109338 -0.043828352884112326
leaf_weight=7.3395183980464935 4.5017626732587823 5.3655496463179615 3.9992609620094299 5.9063959568738946 4.8872394412755957 5.2684777528047544 6.0278129279613522 4.3301116526126853 3.2326084077358272 4.332815967500208 5.6515692621469489 6.6836054921150208 6.8650779724121103 4.6290604770183545 5.6776265650987616 8.2068400233984011 4.8727973997592944 4.2931219041347504 4.0328841209411621 3.3117268532514563 6.7897962033748609 3.9485286027193069 15.810817077755937 4.2914592176675797 5.8528703898191443 2.7160059884190551 4.3859264105558395 2.7958011701703072 4.1915123686194411 3.2400096207857132
leaf_count=23 24 33 23 26 26 23 22 21 20 29 27 46 34 20 26 35 21 21 23 17 36 20 111 27 38 19 23 19 27 20
internal_value=0 -0.0126946 0.0117901 0.033318 0.0135099 0.0083046 0.0215253 0.035536 -0.00537853 -0.0190938 -0.00412543 -0.0155621 0.00689198 0.0421938 0.048608 0.0629383 0.00480494 0.0146958 -0.0149914 -0.0188578 -0.00639797 0.0411975 -0.0295012 -0.0129049 -0.0361349 -0.0407661 -0.0385166 -0.0362139 -0.0429556 -0.0432362
internal_weight=0 85.5162 17.7191 10.4082 77.9224 65.9538 33.5438 24.2424 32.41 67.7971 27.8058 22.1542 12.2306 11.9686 19.9123 14.2347 24.7915 19.9042 9.30136 7.31099 11.0829 8.82133 39.9913 11.4201 28.5712 22.7183 7.61853 7.12862 20.0023 9.92362
internal_count=880 520 90 50 360 317 150 104 167 430 160 133 67 43 83 57 124 98 46 40 57 41 270 75 195 157 43 48 138 66
is_linear=0
shrinkage=0.05


Tree=46
num_leaves=31
num_cat=0
split_feature=82 72 68 23 37 1 23 42 0 64 22 53 103 35 34 70 8 27 4 13 65 103 33 88 20 57 25 1 53 8
split_gain=5.63954 6.4297 5.2246 5.68696 5.17308 5.41003 9.12677 4.93556 4.76607 4.55195 4.44616 4.83802 4.15349 4.43214 4.55748 6.7451 4.93179 5.01463 3.83984 4.32105 3.69148 3.53703 3.32724 3.30701 3.11791 2.92329 2.79505 2.72689 2.71483 2.07295
threshold=1.2220500000000003 -1.4197999999999997 -0.92131999999999992 1.3755500000000003 -1.4441499999999998 -0.5309299999999999 0.32751000000000002 0.89489500000000011 -0.2522299999999999 9.1520500000000009 -1.3688999999999998 0.66364500000000015 2.4767500000000005 -0.63374499999999989 -1.3740999999999997 1.9607500000000002 -1.8258999999999996 -0.82903999999999989 -0.75138999999999989 1.2887000000000002 -0.81531999999999993 -1.2971499999999996 0.077919500000000017 -0.79008999999999985 2.9609000000000001 0.44413500000000006 0.34763000000000005 -2.0649999999999999 -0.94581999999999988 -2.6300499999999993
decision_type=2 2 2 2 2 2 2 2 2 2 2 2 2 2 2 2 2 2 2 2 2 2 2 2 2 2 2 2 2 2
left_child=1 2 7 12 20 10 8 -1 -7 18 27 28 13 14 16 22 -4 -18 19 -2 -3 -8 -16 -10 -15 -5 -19 -6 -12 -20
right_child=9 4 3 25 5 6 21 -9 23 -11 11 -13 -14 24 15 -17 17 26 29 -21 -22 -23 -24 -25 -26 -27 -28 -29 -30 -31
leaf_value=-0.047789597655325838 0.022843053708857735 -0.04260895969543016 -0.049186498630506975 -0.048291324997975366 -0.015427996135616039 -0.0061890638999301077 0.0058946414404286197 0.012488432345632622 0.070215276241387861 0.024125865131556512 0.037172852509965153 0.010992275560211279 0.039559845253835324 -0.049110805047627631 0.06832975252501465 -0.021615587814283237 0.039828336094529217 -0.040037194285685196 -0.004461404918942498 -0.033740047084835925 0.0081773053069496265 -0.044322411408088708 0.018696175794070406 0.017765904757785847 0.0024370452774841447 -0.0023774276649435829 0.0043424816163660741 0.032368248888468502 0.077442543376535847 -0.039875631747811217
leaf_weight=11.724543631076815 8.1920486092567426 6.0744672715663901 4.9508882761001543 7.984398275613783 6.0074864476919174 6.4586952477693549 5.8414221704006186 4.7805939167737952 6.7742852717637989 6.2700881063938132 7.3646149486303356 7.1211766302585593 8.3484623432159406 6.4062243700027448 7.5574972927570432 5.021074339747428 7.3984422385692588 5.2040886133909288 5.1380634456872931 5.7370034456253043 8.7064571231603605 8.7725640982389432 6.1034651696681976 5.4018260389566466 5.4114105403423309 6.1270700693130493 11.147393301129339 5.9296125918626768 9.6949018537998217 21.105872631073002
leaf_count=53 30 24 21 35 21 25 22 20 22 23 24 25 30 27 26 20 27 22 20 23 32 36 23 20 21 25 42 20 30 91
internal_value=0 0.00402048 -0.00467308 0.000512782 0.0141623 0.019885 0.00533148 -0.0303305 0.0285301 -0.0154963 0.0332824 0.0456083 0.00654367 0.00188772 0.00872005 0.0279402 -0.0037908 0.00567235 -0.0216804 -0.00046201 -0.0126942 -0.0242499 0.0461544 0.0469466 -0.0255065 -0.0283559 -0.00978197 0.00831422 0.0600581 -0.0329422
internal_weight=0 182.313 98.1656 81.6604 84.1475 69.3666 33.2488 16.5051 18.6348 46.4431 36.1178 24.1807 67.5489 59.2005 47.3828 18.682 28.7008 23.7499 40.173 13.9291 14.7809 14.614 13.661 12.1761 11.8176 14.1115 16.3515 11.9371 17.0595 26.2439
internal_count=880 693 392 319 301 245 125 73 67 187 120 79 259 229 181 69 112 91 164 53 56 58 49 42 48 60 64 41 54 111
is_linear=0
shrinkage=0.05


Tree=47
num_leaves=31
num_cat=0
split_feature=55 56 2 74 111 92 21 69 76 100 11 22 4 7 18 71 88 84 69 70 94 83 108 92 28 98 66 18 90 101
split_gain=4.47242 4.3206 4.81767 4.86321 5.04688 3.91014 6.76542 6.76624 5.70069 5.58949 4.73539 4.48772 4.5635 4.77958 4.34849 4.23638 3.27806 3.19176 2.90909 7.02687 3.20757 3.14329 2.65459 2.36477 1.54299 1.36897 0.709789 0.220036 0.195645 0.171682
threshold=3.2966000000000002 -1.5777999999999999 3.1692000000000005 0.16336500000000001 -0.63275999999999988 2.2914000000000003 -0.89314499999999997 -1.5549499999999998 -2.5100499999999992 -1.5017499999999997 1.3227000000000002 -1.7321499999999996 -1.3061499999999997 1.3785000000000003 -0.74812999999999985 -1.8769999999999998 0.13875000000000004 3.0835500000000002 0.63678000000000012 -0.43497499999999995 0.38543000000000005 -0.29877499999999996 -0.124595 5.2109000000000014 1.7769500000000003 2.7617000000000007 -0.99976999999999994 -1.3876499999999998 6.6983000000000006 0.43783500000000003
decision_type=2 2 2 2 2 2 2 2 2 2 2 2 2 2 2 2 2 2 2 2 2 2 2 2 2 2 2 2 2 2
left_child=1 2 3 -1 17 6 10 8 -8 -9 16 -7 -13 23 -10 -11 24 28 19 21 -21 29 -12 -14 27 -20 -2 -3 -5 -17
right_child=26 5 -4 4 -6 11 7 9 14 15 22 12 13 -15 -16 18 -18 -19 25 20 -22 -23 -24 -25 -26 -27 -28 -29 -30 -31
leaf_value=-0.044501778097950397 -0.04437282666670047 -0.032432654382180494 0.033923934045894395 -0.044379673232389519 0.029788789581111381 0.06197145004911974 0.075029017471328494 0.039595994932839829 0.041822666578667837 0.035071472920865113 0.036483994031107442 0.053617135327621059 -0.038665348162226908 0.034773002689580411 -0.011745338893734077 -0.046138767053700125 0.0012209101151367968 0.013842265004003066 -0.046367497019937948 0.053279933035608365 -0.0033907688830340735 0.010177119439220407 -0.014754827412966357 0.0088977529665308416 -0.0077080481866994609 -0.0097260892805288088 -0.015628325319071389 -0.046319872909671073 -0.02917805686076921 -0.032506997906445123
leaf_weight=12.504373148083685 5.8539709746837616 3.6796818226575896 4.7468542903661719 6.0193488597869855 6.9243225604295757 5.753719329833987 6.1342724859714535 7.7322789579629889 8.519062340259552 5.2758316695690146 5.7352703511714935 5.1817718595266404 6.6177922934293729 6.3064516037702552 6.8225605785846684 6.3608167767524666 8.0339398384094221 4.1206447035074225 7.4650512635707837 5.7277232855558449 4.4265499114990234 4.2439115941524497 4.5199023187160474 4.3187212496995926 3.7678046971559516 3.870939239859581 3.3920694887638074 12.686278104782108 3.2643867135047913 3.6266276389360428
leaf_count=72 34 19 20 35 31 24 23 33 35 24 25 21 34 26 32 32 38 20 37 24 21 20 21 20 19 19 19 64 19 19
internal_value=0 0.00185725 -0.013159 -0.019966 -0.00487385 0.00598211 0.00167686 0.010908 0.0342898 0.00060326 -0.0151901 0.022579 0.0124717 0.000106822 0.0180005 -0.00675092 -0.0257814 -0.0227796 -0.0129278 -0.0031993 0.0285755 -0.0258711 0.0139008 -0.0198831 -0.0365561 -0.0338554 -0.0338274 -0.0431975 -0.0390344 -0.0411888
internal_weight=0 174.387 37.5799 32.8331 20.3287 136.807 108.629 70.2056 21.4759 48.7297 38.4229 28.1785 22.4247 17.243 15.3416 40.9975 28.1677 13.4044 35.7216 24.3856 10.1543 14.2314 10.2552 10.9365 20.1338 11.336 9.24604 16.366 9.28374 9.98744
internal_count=880 827 197 177 105 630 505 319 90 229 186 125 101 80 67 196 140 74 172 116 45 71 46 54 102 56 53 83 54 51
is_linear=0
shrinkage=0.05


Tree=48
num_leaves=31
num_cat=0
split_feature=44 101 75 108 46 57 20 87 105 38 21 78 52 87 55 29 45 1 65 78 19 70 52 35 111 56 98 15 84 64
split_gain=5.9961 6.04462 5.77162 4.94313 3.9728 3.97612 4.41843 3.80914 4.17701 3.99793 4.54695 3.58363 4.6343 4.0382 3.87206 3.6086 5.73812 4.92849 7.18381 4.65713 4.35187 4.15348 3.75215 3.71849 3.09034 3.06504 3.00222 2.05048 1.54657 1.06298
threshold=-1.2088999999999996 0.82988500000000009 -2.0207999999999999 0.94732500000000008 -1.8934499999999999 -0.40983499999999995 -0.8753749999999999 -2.6148999999999996 -0.26913499999999996 1.1946500000000002 0.28253500000000004 1.3815500000000003 -0.15423499999999998 2.8695500000000007 -1.0000000180025095e-35 2.4456500000000005 0.81320000000000003 -0.20661999999999997 -1.0992499999999998 -2.5654999999999997 -0.18120999999999998 -2.0956999999999995 -1.0778499999999998 -1.3902999999999999 -0.39927999999999991 -0.6021749999999999 -0.81837999999999989 0.56884000000000012 0.20583000000000004 -1.2477499999999997
decision_type=2 2 2 2 2 2 2 2 2 2 2 2 2 2 2 2 2 2 2 2 2 2 2 2 2 2 2 2 2 2
left_child=4 11 -3 7 5 6 -1 -4 -9 10 -10 13 14 15 -13 16 17 19 -19 -2 26 -21 -17 -18 29 -16 -20 -11 -23 -5
right_child=1 2 3 24 -6 -7 -8 8 9 27 -12 12 -14 -15 25 22 23 18 20 21 -22 28 -24 -25 -26 -27 -28 -29 -30 -31
leaf_value=0.029293574328558992 0.022050266780423926 -0.024155653026738694 -0.020258116624075891 0.039983060535475144 -0.045171395562511166 -0.037883318729808046 -0.018879524342896355 0.052789799505227469 -0.0018543824466723258 0.0071628495613487156 0.042917290309003465 0.02644913999935869 -0.039962369851703088 0.040505184829223301 -0.043981344549284096 0.0072533535877307423 0.009324273134046537 -0.034239326851993733 0.064102073137346047 0.011443043938585853 -0.0086830687341209398 -0.05141801157679126 -0.043705275042884933 0.055907334523594733 0.011733252408842494 0.0048296358080344524 0.019945677259676706 -0.03358549443272979 -0.023968651118812748 0.068242664524047245
leaf_weight=9.0452087670564669 6.05467769503593 8.6943363398313505 8.2899479120969755 6.7150414288043985 10.144407644867895 8.0893602818250674 10.046981304883955 6.7727669775485984 10.507854491472246 6.2373295724391919 12.319643288850783 7.4716844260692605 13.50587537884712 6.239932417869567 6.2336053997278205 5.9962496906518927 10.525157094001772 6.8003350049257305 6.7493446767330214 5.6318150162696829 6.9153786152601215 9.781235709786424 9.0858917981386167 7.2246247082948676 6.4115139096975318 6.6442429423332223 8.9592003822326642 6.1130512207746506 10.794669479131697 6.5964917540550241
leaf_count=31 21 33 29 21 42 33 38 21 34 20 38 26 54 20 24 21 36 24 21 20 24 38 33 23 21 24 30 21 39 20
internal_value=0 0.00325321 0.0142651 0.0190396 -0.0184698 -0.00850458 0.0039432 0.0107125 0.0168326 0.00990985 0.0223082 -0.00318128 -0.0172552 0.00154762 -0.00218449 -0.00102428 0.00323271 -0.00397581 0.010823 -0.0174728 0.0243679 -0.0266036 -0.0234455 0.0282848 0.0402513 -0.0187976 0.0389179 -0.0130063 -0.0370173 0.053987
internal_weight=0 213.272 78.658 69.9636 37.326 27.1816 19.0922 50.2406 41.9506 35.1779 22.8275 134.614 33.8554 100.759 20.3495 94.5186 79.4364 61.6867 29.4243 32.2624 22.6239 26.2077 15.0821 17.7498 19.723 12.8778 15.7085 12.3504 20.5759 13.3115
internal_count=880 736 258 225 144 102 69 163 134 113 72 478 128 350 74 330 276 217 99 118 75 97 54 59 62 48 51 41 77 41
is_linear=0
shrinkage=0.05


Tree=49
num_leaves=31
num_cat=0
split_feature=46 91 32 33 100 19 11 28 17 34 65 65 69 95 0 38 68 39 35 98 20 28 5 29 50 92 46 49 36 76
split_gain=10.2644 4.98365 7.14564 4.25488 4.94892 5.0758 4.4544 4.8491 4.40387 4.68518 4.21546 4.36637 5.27451 3.80476 3.26349 8.02462 4.06589 2.86227 2.39679 2.3192 2.12563 1.63032 1.2406 0.589025 0.300141 0.00211131 0.00193108 0.00152709 0.000527895 0.000497904
threshold=-0.55906999999999984 -2.6339999999999995 0.49136000000000007 -1.7652999999999996 -0.9301799999999999 -1.0717499999999998 -1.8723999999999998 -1.2532999999999999 -1.0328999999999999 -0.26783499999999993 2.4561500000000005 -0.49881999999999999 -1.3148499999999996 2.9627500000000002 -1.1909499999999997 -2.0438999999999994 5.0061000000000009 1.0492500000000002 6.3084500000000014 1.7865500000000003 4.5764000000000005 2.1726000000000005 2.5834500000000005 -0.19549499999999997 6.3411500000000007 -0.59291499999999997 -1.5965499999999999 -1.2378499999999997 -1.3977999999999999 -0.33304499999999998
decision_type=2 2 2 2 2 2 2 2 2 2 2 2 2 2 2 2 2 2 2 2 2 2 2 2 2 2 2 2 2 2
left_child=3 2 -2 4 -1 -6 8 17 -5 -10 11 12 13 23 19 -16 18 26 20 25 21 22 24 -9 27 -3 -8 -17 -27 -29
right_child=1 14 -4 6 5 -7 7 10 9 -11 -12 -13 -14 -15 15 16 -18 -19 -20 -21 -22 -23 -24 -25 -26 28 -28 29 -30 -31
leaf_value=0.072779116150676657 0.066497618284564061 -0.043998551835719713 -0.012781953880209744 0.051823010301362264 0.046956330990317381 -0.021135198743193806 -0.043724037095525865 -0.045152464616966481 0.03150020096383796 -0.036056428837834366 0.044760825537945796 -0.044335240932553525 0.043943014112512058 0.029662766011424736 0.039717305547399592 -0.044123322457941837 0.024555028151155643 0.0091314677143376332 0.018097685574416291 -0.0037854009158504254 0.0017717535319340641 0.0018140295769242286 -0.013304245736970796 -0.017110424632616975 -0.025879979934663361 -0.043284723146027076 -0.045241713927750525 -0.043416123454708744 -0.042516383077475434 -0.042815020013004725
leaf_weight=5.7530142366886166 4.5979829132556898 4.4345167353749337 7.4432317167520523 9.1086100637912768 5.9359789043664941 5.0783779323101017 5.216082051396369 3.9869612455368086 6.4257064461708069 4.2731236517429334 6.2928709387779227 4.7127219885587719 6.9429373741149893 3.7525103613734245 6.8966180682182303 3.6861428469419542 4.9304833114147177 3.5112244784831992 3.1691362559795371 4.9046266227960578 5.3771587684750548 3.1477820128202429 4.8936967402696601 3.5312263816595086 2.8568459153175345 3.0209967270493534 3.5039232820272437 4.9367285072803577 8.5981444567441887 11.400683037936687
leaf_count=20 18 28 39 34 23 22 33 22 26 21 27 28 31 17 37 23 28 18 20 31 33 18 31 19 19 20 19 32 63 80
internal_value=0 -0.0122897 0.0174912 0.0128758 0.0351933 0.0155614 0.00676713 -0.00255324 0.0262716 0.00451801 0.00851138 -0.00143844 0.00966098 -0.0114573 -0.0172527 -0.0104604 -0.0182546 -0.0289856 -0.0236026 -0.033877 -0.0272433 -0.0322888 -0.0361539 -0.0319814 -0.041041 -0.0430704 -0.0443339 -0.0432041 -0.0427162 -0.0429967
internal_weight=0 84.2948 12.0412 78.0253 16.7674 11.0144 61.2579 41.4505 19.8074 10.6988 29.2192 22.9264 18.2136 11.2707 72.2536 51.2953 44.3987 12.2312 39.4682 20.9583 36.299 30.9219 27.7741 7.51819 22.8804 16.0537 8.72001 20.0236 11.6191 16.3374
internal_count=880 520 57 360 65 45 295 214 81 47 144 117 89 58 463 321 284 70 256 142 236 203 185 41 154 111 52 135 83 112
is_linear=0
shrinkage=0.05


Tree=50
num_leaves=31
num_cat=0
split_feature=1 59 58 73 43 41 60 11 108 12 5 39 37 8 21 28 12 102 63 35 23 68 50 70 77 82 109 29 109 58
split_gain=5.27286 4.938 5.04933 6.14209 6.45731 4.9567 5.17397 5.73543 4.92063 4.35988 4.59096 4.34549 6.11412 4.22757 4.0923 5.0388 3.68962 5.06527 6.2064 4.54742 4.19648 4.12571 3.12018 2.9163 2.73361 2.43655 2.00649 1.69987 1.62023 0.913867
threshold=2.2488000000000006 -7.6214999999999993 3.1171000000000006 2.3252500000000005 4.6464000000000008 -0.086772499999999989 -0.73897999999999986 -0.38808999999999999 -0.66035999999999995 1.1030500000000003 -2.8775999999999997 -2.6709999999999998 1.0714500000000002 10.566000000000001 5.530050000000001 -1.53745 -0.060274499999999995 -1.3393999999999997 -0.77506499999999978 -0.018775499999999997 -1.5090999999999999 -1.0990499999999999 1.3497000000000001 -0.60190999999999983 -0.61031499999999983 -0.79457999999999995 -0.42866999999999994 1.0530000000000002 0.96997500000000014 -0.21779499999999999
decision_type=2 2 2 2 2 2 2 2 2 2 2 2 2 2 2 2 2 2 2 2 2 2 2 2 2 2 2 2 2 2
left_child=1 -1 5 -4 -5 11 28 -8 25 -10 -11 -3 16 -6 15 -2 17 20 -19 26 -13 -20 27 -23 29 -9 -18 -17 -7 -14
right_child=14 2 3 4 13 6 7 8 9 10 -12 12 24 -15 -16 22 19 18 21 -21 -22 23 -24 -25 -26 -27 -28 -29 -30 -31
leaf_value=-0.032531443339798426 0.024087313120738946 0.040221646492334055 0.060433650602609072 0.045786274609614264 -0.043372329436583312 -0.048738592806243049 0.03121564846432286 -0.049027284630215419 0.030813767853131231 0.020838305105735019 -0.03828555838227117 0.015140849058599424 -0.050384007323535013 0.017470040740677747 0.020127296184977477 -0.045685313525154508 0.070935934818094168 -0.031137423032235424 -0.0054773843072461982 0.0003807321803933713 -0.036816164113254626 0.068409285263658262 -0.0030332031885226133 0.021645340893884039 0.0052525049516199754 -0.0062044945412749646 0.029325918108378663 -0.01328350719706119 -0.013105492295355495 -0.020620400477719996
leaf_weight=8.9062016904354078 5.109282359480857 10.291243612766264 8.569993123412134 7.3950653970241573 5.947691008448599 8.7999466806650144 10.680770277976988 9.066554591059683 9.1296808272600227 5.5897772461175865 7.9574512392282521 6.3228244781494167 5.6857846826314935 5.4908841401338577 6.8129097223281851 18.552833393216137 5.9826207160949716 4.8187959343194953 5.1589689105749139 7.284703627228736 10.085032284259791 7.3233598619699478 8.3211905658245069 6.1199104785919261 6.1089293211698523 5.2424101233482316 5.6177368164062509 5.1773682683706275 5.004299968481063 4.7198863327503213
leaf_count=39 20 35 28 25 23 38 39 39 34 20 32 24 23 20 26 82 20 19 21 28 40 24 34 22 25 20 20 21 20 19
internal_value=0 0.00378334 0.00563791 0.0253422 0.00937436 0.00196441 -0.00886538 -0.00105906 -0.0103793 0.00410752 -0.0138902 0.00974877 0.00558009 -0.014166 -0.0154959 -0.022027 0.0131399 0.00450908 0.0194334 0.0313423 -0.0167943 0.0325335 -0.029378 0.0471205 -0.021297 -0.0333382 0.0507853 -0.038616 -0.0358209 -0.0368836
internal_weight=0 183.301 174.394 27.4036 18.8336 146.991 61.4709 47.6666 36.9859 22.6769 13.5472 85.5198 75.2286 11.4386 43.9736 37.1607 58.714 39.8289 23.421 18.8851 16.4079 18.6022 32.0514 13.4433 16.5146 14.309 11.6004 23.7302 13.8042 10.4057
internal_count=880 697 658 96 68 562 242 184 145 86 52 320 285 43 183 157 218 150 86 68 64 67 137 46 67 59 40 103 58 42
is_linear=0
shrinkage=0.05


Tree=51
num_leaves=31
num_cat=0
split_feature=57 55 50 71 77 110 26 86 71 41 107 41 10 94 71 82 101 64 101 28 99 69 73 92 93 91 66 1 110 89
split_gain=4.39095 4.18756 4.70295 4.86239 6.36377 5.50813 6.19148 4.70753 4.30459 5.12004 7.46186 5.53508 6.02944 4.75303 4.69408 3.50139 6.18141 3.41046 5.14164 3.34804 3.27333 2.81728 2.74999 2.23628 2.08406 5.3987 0.667051 0.226884 0.00261066 0.00150875
threshold=10.314000000000002 3.2966000000000002 0.94833000000000012 -1.5913499999999996 -0.96076499999999987 0.11674000000000002 -0.71277999999999986 1.0000000180025095e-35 -1.0288999999999999 0.89673000000000014 1.0438500000000002 -0.80073499999999986 0.15549000000000004 -1.6611999999999998 -0.10106999999999998 -1.0436999999999999 -0.83508499999999986 2.8611500000000003 0.64398000000000011 0.22573500000000005 -1.1660499999999996 8.1814000000000018 2.1782000000000004 -0.49308999999999997 0.31365000000000004 -0.94734499999999988 -1.0270499999999998 -1.2772499999999998 -0.51374999999999982 0.054133000000000008
decision_type=2 2 2 2 2 2 2 2 2 2 2 2 2 2 2 2 2 2 2 2 2 2 2 2 2 2 2 2 2 2
left_child=1 2 8 4 -4 6 -5 -8 13 11 -11 12 15 20 -12 -10 -17 18 27 -7 -1 23 -16 24 25 -15 -3 -13 -29 -25
right_child=-2 26 3 5 -6 19 7 -9 9 10 14 17 -14 21 22 16 -18 -19 -20 -21 -22 -23 -24 29 -26 -27 -28 28 -30 -31
leaf_value=-0.012314748122947007 -0.04411870844173859 -0.044046734217895504 0.0030561902142500139 0.070033267503576926 0.073360741562033913 -0.045712268682366004 -0.024811904800851305 0.034660656195194942 -0.032245577365768309 0.059524273037095836 0.044093973213128662 -0.032020767623279711 0.045911878616960548 -0.03199013600728829 -0.045776112018740128 0.051664939177872238 -0.026015707948203903 0.023031898312685321 0.0058487615601108441 0.0044968699522646791 0.04863119836516322 0.012332882923808672 0.0053246147002675897 -0.044432889373750672 -0.038941769464553633 0.038129939235953918 -0.015451812457913839 -0.047103851269452643 -0.045594250064679626 -0.045552643186899375
leaf_weight=4.3588873445987701 5.4513065814971915 5.1567859351634979 5.7128683477640152 5.2641910016536704 7.372685953974722 5.9927492439746839 6.425038084387781 6.9014318287372589 6.8212438374757793 9.2302343398332614 4.8122721016407022 3.6962179988622657 9.0962807238101941 6.9247200489044189 4.391637891530987 5.2792719751596477 4.9736593514680818 4.1353245973587027 8.2527923583984357 7.4450302720069885 4.4546651393175107 4.9777008593082419 6.5737806111574173 6.3778893798589724 6.9167693257331839 4.5477934777736682 3.3738237321376783 4.670067846775054 7.4053457081317999 5.6937964707612991
leaf_count=23 33 31 27 20 27 31 30 28 35 36 22 20 37 36 23 22 26 19 39 35 19 25 33 37 35 21 19 22 39 30
internal_value=0 0.00144063 0.00316887 0.0169863 0.0426673 0.00649412 0.0241228 0.00598739 -0.0018749 0.0050941 0.0238159 -0.00352345 0.0130312 -0.0143694 0.00292584 -0.00448601 0.0139823 -0.0189086 -0.0261278 -0.0178945 0.0184894 -0.0225413 -0.0151412 -0.0282402 -0.0172637 -0.00419399 -0.0327376 -0.0428602 -0.0461781 -0.044961
internal_weight=0 177.235 168.704 45.114 13.0856 32.0284 18.5907 13.3265 123.59 79.3381 25.0079 54.3302 26.1705 44.2522 15.7777 17.0742 10.2529 28.1597 24.0244 13.4378 8.81355 35.4387 10.9654 30.461 18.3893 11.4725 8.53061 15.7716 12.0754 12.0717
internal_count=880 847 797 198 54 144 78 58 599 373 114 259 120 226 78 83 48 139 120 66 42 184 56 159 92 57 50 81 61 67
is_linear=0
shrinkage=0.05


end of trees

feature_importances:
recent_10_loss_kurtosis=38
recent_25_correlation_best_percentile50_ratio=31
recent_15%_loss_kurtosis=30
recent_25_correlation_kurtosis=28
top_10%_loss_kurtosis=27
top_20%_correlation_stddev_best_ratio=27
top_30%_correlation_percentile5_percentile25_ratio=27
recent_15%_correlation_stddev_best_ratio=26
recent_25_loss_kurtosis=26
all_loss_kurtosis=25
recent_15%_correlation_best_percentile50_ratio=25
top_30%_correlation_skew=25
top_20%_correlation_best_percentile25_ratio=24
all_correlation_best_percentile50_ratio=23
recent_10_correlation_kurtosis=23
recent_15%_correlation_kurtosis=23
recent_25_correlation_stddev_best_ratio=23
recent_25_correlation_stddev_median_ratio=23
top_10%_loss_skew=23
all_correlation_best_percentile75_ratio=22
all_correlation_stddev_median_ratio=22
recent_10_correlation_percentile5_percentile25_ratio=21
top_20%_correlation_kurtosis=21
all_correlation_kurtosis=20
all_loss_best_percentile75_ratio=20
top_10%_correlation_stddev_best_ratio=20
top_10%_correlation_best_percentile50_ratio=19
top_30%_loss_kurtosis=19
recent_25_loss_best_percentile50_ratio=18
top_30%_correlation_kurtosis=18
top_30%_correlation_stddev_best_ratio=18
all_loss_best_percentile25_ratio=17
recent_15%_correlation_percentile5_percentile25_ratio=17
top_10%_correlation_best_percentile25_ratio=17
all_loss_percentile5_percentile25_ratio=16
recent_15%_correlation_best_percentile75_ratio=16
recent_15%_loss_skew=16
top_10%_correlation_kurtosis=16
all_correlation_best_percentile25_ratio=15
all_loss_best_percentile50_ratio=15
recent_10_correlation_skew=15
recent_25_correlation_best_percentile75_ratio=15
recent_25_loss_best_percentile75_ratio=15
recent_25_loss_skew=15
top_20%_loss_kurtosis=15
top_20%_loss_skew=15
top_30%_loss_skew=15
recent_10_loss_percentile5_percentile25_ratio=14
recent_10_loss_skew=14
recent_15%_correlation_best_percentile25_ratio=14
all_correlation_skew=13
all_correlation_stddev_best_ratio=13
recent_10_correlation_best_percentile25_ratio=13
recent_15%_loss_percentile5_percentile25_ratio=13
recent_25_loss_best_percentile25_ratio=13
top_10%_correlation_stddev_median_ratio=13
top_30%_loss_percentile5_percentile25_ratio=13
all_correlation_percentile5_percentile25_ratio=12
recent_10_correlation_stddev_best_ratio=12
top_10%_loss_best_percentile75_ratio=12
top_20%_correlation_best_percentile50_ratio=12
top_20%_correlation_skew=12
top_20%_loss_best_percentile75_ratio=12
all_loss_stddev_median_ratio=11
top_10%_correlation_percentile5_percentile25_ratio=11
top_10%_correlation_skew=11
top_10%_loss_best_percentile25_ratio=11
top_10%_loss_best_percentile50_ratio=11
top_20%_loss_stddev_best_ratio=11
top_30%_correlation_stddev_median_ratio=11
recent_10_correlation_best_percentile75_ratio=10
recent_10_loss_stddev_best_ratio=10
recent_15%_correlation_skew=10
recent_15%_loss_best_percentile50_ratio=10
recent_25_correlation_best_percentile25_ratio=10
top_30%_correlation_best_percentile50_ratio=10
all_loss_skew=9
recent_10_loss_best_percentile50_ratio=9
recent_15%_loss_stddev_best_ratio=9
recent_25_correlation_percentile5_percentile25_ratio=9
recent_25_correlation_skew=9
recent_25_loss_percentile5_percentile25_ratio=9
all_loss_stddev_best_ratio=8
recent_10_loss_best_percentile25_ratio=8
recent_10_loss_stddev_median_ratio=8
recent_15%_loss_best_percentile25_ratio=8
recent_15%_loss_stddev_median_ratio=8
top_20%_loss_stddev_median_ratio=8
top_30%_loss_best_percentile75_ratio=8
top_30%_loss_stddev_best_ratio=8
log10_cardinality=7
recent_10_correlation_best_percentile50_ratio=7
recent_10_loss_best_percentile75_ratio=7
recent_15%_loss_best_percentile75_ratio=7
recent_25_loss_stddev_best_ratio=7
recent_25_loss_stddev_median_ratio=7
top_20%_correlation_best_percentile75_ratio=7
top_20%_correlation_stddev_median_ratio=7
top_30%_loss_best_percentile25_ratio=7
recent_15%_correlation_stddev_median_ratio=6
top_10%_loss_percentile5_percentile25_ratio=6
top_30%_loss_stddev_median_ratio=6
recent_10_correlation_stddev_median_ratio=5
top_20%_correlation_percentile5_percentile25_ratio=5
top_30%_correlation_best_percentile25_ratio=4
top_30%_correlation_best_percentile75_ratio=4
top_20%_loss_best_percentile25_ratio=3
top_20%_loss_percentile5_percentile25_ratio=3
top_10%_loss_stddev_median_ratio=2
top_20%_loss_best_percentile50_ratio=2
top_30%_loss_best_percentile50_ratio=2
top_10%_correlation_best_percentile75_ratio=1
top_10%_loss_stddev_best_ratio=1

parameters:
[boosting: gbdt]
[objective: multiclass]
[metric: multi_error]
[tree_learner: serial]
[device_type: cpu]
[data_sample_strategy: bagging]
[data: ]
[valid: ]
[num_iterations: 100]
[learning_rate: 0.05]
[num_leaves: 31]
[num_threads: 0]
[seed: 0]
[deterministic: 0]
[force_col_wise: 0]
[force_row_wise: 0]
[histogram_pool_size: -1]
[max_depth: -1]
[min_data_in_leaf: 20]
[min_sum_hessian_in_leaf: 0.001]
[bagging_fraction: 1]
[pos_bagging_fraction: 1]
[neg_bagging_fraction: 1]
[bagging_freq: 0]
[bagging_seed: 3]
[feature_fraction: 0.85]
[feature_fraction_bynode: 1]
[feature_fraction_seed: 2]
[extra_trees: 0]
[extra_seed: 6]
[early_stopping_round: 5]
[early_stopping_min_delta: 0]
[first_metric_only: 0]
[max_delta_step: 0]
[lambda_l1: 0]
[lambda_l2: 0]
[linear_lambda: 0]
[min_gain_to_split: 0]
[drop_rate: 0.1]
[max_drop: 50]
[skip_drop: 0.5]
[xgboost_dart_mode: 0]
[uniform_drop: 0]
[drop_seed: 4]
[top_rate: 0.2]
[other_rate: 0.1]
[min_data_per_group: 100]
[max_cat_threshold: 32]
[cat_l2: 10]
[cat_smooth: 10]
[max_cat_to_onehot: 4]
[top_k: 20]
[monotone_constraints: ]
[monotone_constraints_method: basic]
[monotone_penalty: 0]
[feature_contri: ]
[forcedsplits_filename: ]
[refit_decay_rate: 0.9]
[cegb_tradeoff: 1]
[cegb_penalty_split: 0]
[cegb_penalty_feature_lazy: ]
[cegb_penalty_feature_coupled: ]
[path_smooth: 0]
[interaction_constraints: ]
[verbosity: -1]
[saved_feature_importance_type: 0]
[use_quantized_grad: 0]
[num_grad_quant_bins: 4]
[quant_train_renew_leaf: 0]
[stochastic_rounding: 1]
[linear_tree: 0]
[max_bin: 255]
[max_bin_by_feature: ]
[min_data_in_bin: 3]
[bin_construct_sample_cnt: 200000]
[data_random_seed: 1]
[is_enable_sparse: 1]
[enable_bundle: 1]
[use_missing: 1]
[zero_as_missing: 0]
[feature_pre_filter: 1]
[pre_partition: 0]
[two_round: 0]
[header: 0]
[label_column: ]
[weight_column: ]
[group_column: ]
[ignore_column: ]
[categorical_feature: ]
[forcedbins_filename: ]
[precise_float_parser: 0]
[parser_config_file: ]
[objective_seed: 5]
[num_class: 4]
[is_unbalance: 0]
[scale_pos_weight: 1]
[sigmoid: 1]
[boost_from_average: 1]
[reg_sqrt: 0]
[alpha: 0.9]
[fair_c: 1]
[poisson_max_delta_step: 0.7]
[tweedie_variance_power: 1.5]
[lambdarank_truncation_level: 30]
[lambdarank_norm: 1]
[label_gain: ]
[lambdarank_position_bias_regularization: 0]
[eval_at: ]
[multi_error_top_k: 1]
[auc_mu_weights: ]
[num_machines: 1]
[local_listen_port: 12400]
[time_out: 120]
[machine_list_filename: ]
[machines: ]
[gpu_platform_id: -1]
[gpu_device_id: -1]
[gpu_use_dp: 0]
[num_gpu: 1]

end of parameters

pandas_categorical:null
