{"origStddevs": {"random": 0.7069056416950784, "top": 0.7069056416950784}, "origMeans": {"random": 0.33295454545454545, "top": 0.6670454545454545}, "predStddevs": {"random": 0.011592640921457377, "top": 0.011592640921457382}, "predMeans": {"random": 0.3330543101501875, "top": 0.6669456898498125}}