{"origStddev": 0.5374648814925586, "origMean": 0.02329545454545455, "predStddev": 0.19036211374871737, "predMean": 0.02329545457018598}