{"origStddev": 1.0209203646153977, "origMean": 2.513207547169811, "predStddev": 0.21251999161304524, "predMean": 2.5111990639749955}