{"origStddevs": {"correlation": 0.9966472721700325, "fixed": 0.9966472721700325}, "origMeans": {"correlation": 0.4590909090909091, "fixed": 0.5409090909090909}, "predStddevs": {"correlation": 0.04743570887292444, "fixed": 0.04743570887292444}, "predMeans": {"correlation": 0.45918703427794066, "fixed": 0.5408129657220594}}