{"origStddev": 10.115210051213237, "origMean": 16.04090909090909, "predStddev": 3.1158090640887393, "predMean": 16.040909094126622}