{"origStddev": 0.4882771919863723, "origMean": 1.0222772277227723, "predStddev": 0.08633518368151868, "predMean": 1.025377803589966}