{"origStddev": 3.7120598275328986, "origMean": 4.6763202725724025, "predStddev": 0.42187741123882905, "predMean": 4.680552791267429}