{"origStddev": 0.1777810921087798, "origMean": 0.5290966386554622, "predStddev": 0.004904859605220692, "predMean": 0.5286842481108}