{"origStddev": 0.07750460130446439, "origMean": 0.8098837209302326, "predStddev": 0.008267798489089767, "predMean": 0.8093819387023626}