{"origStddev": 0.39997664639987335, "origMean": 1.4938636363636362, "predStddev": 0.18457163669948173, "predMean": 1.4938636333024433}