{"origStddevs": {"age": 1.0092540562217227, "loss_rank": 0.8665989556882701, "none": 1.0187124226198483, "random": 0.8724104538575865}, "origMeans": {"age": 0.30113636363636365, "loss_rank": 0.19204545454545455, "none": 0.31136363636363634, "random": 0.19545454545454546}, "predStddevs": {"age": 0.06728997347061076, "loss_rank": 0.06050674687770898, "none": 0.07230777453605167, "random": 0.04912753863231927}, "predMeans": {"age": 0.3008558995262198, "loss_rank": 0.192578369257374, "none": 0.31118453960703013, "random": 0.19538119160937606}}