{"origStddev": 1.0146850737133015, "origMean": 2.6153846153846154, "predStddev": 0.23447138184509406, "predMean": 2.6816333753363204}