{"origStddev": 0.6549546937204483, "origMean": 2.003409090909091, "predStddev": 0.17403335380126567, "predMean": 2.0034090907308104}