{"all_correlation_best_percentile25_ratio": {"scales": [0.12225348420440135], "means": [1.3154447949618946], "variances": [0.014945914400115811]}, "all_correlation_best_percentile50_ratio": {"scales": [0.2944805393301139], "means": [1.8543375157458588], "variances": [0.08671878804415477]}, "all_correlation_best_percentile75_ratio": {"scales": [0.8660974685055856], "means": [3.303171165318854], "variances": [0.7501248249517838]}, "all_correlation_kurtosis": {"scales": [0.26933562180227], "means": [-1.0083552633994268], "variances": [0.07254167717161543]}, "all_correlation_percentile5_percentile25_ratio": {"scales": [0.08392836339895296], "means": [1.2356326224541359], "variances": [0.007043970182826706]}, "all_correlation_skew": {"scales": [0.2404070977444924], "means": [0.06553215380575747], "variances": [0.057795572645929924]}, "all_correlation_stddev_best_ratio": {"scales": [0.022443416676252513], "means": [0.2870814711982687], "variances": [0.0005037069521038895]}, "all_correlation_stddev_median_ratio": {"scales": [0.09701316175694197], "means": [0.5399213435500253], "variances": [0.009411553554078588]}, "all_loss_best_percentile25_ratio": {"scales": [0.041883283986526895], "means": [0.8419807680328706], "variances": [0.0017542094774960603]}, "all_loss_best_percentile50_ratio": {"scales": [0.06805688572791693], "means": [0.7118764756412098], "variances": [0.0046317396949827425]}, "all_loss_best_percentile75_ratio": {"scales": [0.086348510894215], "means": [0.4942469411536232], "variances": [0.007456065333648367]}, "all_loss_kurtosis": {"scales": [1.9279751380878547], "means": [5.4091136493306955], "variances": [3.7170881330848826]}, "all_loss_percentile5_percentile25_ratio": {"scales": [0.030411765035401432], "means": [0.8964467834490158], "variances": [0.0009248754525684651]}, "all_loss_skew": {"scales": [0.34116318390289885], "means": [2.488792326234868], "variances": [0.1163923180507632]}, "all_loss_stddev_best_ratio": {"scales": [1.2556099530585727], "means": [2.102692905686992], "variances": [1.5765563542197514]}, "all_loss_stddev_median_ratio": {"scales": [0.5609360161370852], "means": [1.2625717860260954], "variances": [0.31464921419974434]}, "log10_cardinality": {"scales": [1.5875844438958138], "means": [8.457942080861379], "variances": [2.5204243664999804]}, "recent_10_correlation_best_percentile25_ratio": {"scales": [0.3280403700138394], "means": [1.7698212503816078], "variances": [0.10761048435881665]}, "recent_10_correlation_best_percentile50_ratio": {"scales": [1.2602685911148757], "means": [3.565634383358845], "variances": [1.5882769217506738]}, "recent_10_correlation_best_percentile75_ratio": {"scales": [4.177416958183613], "means": [7.935105769518509], "variances": [17.450812442520032]}, "recent_10_correlation_kurtosis": {"scales": [0.5244800089319261], "means": [-0.6218393311952677], "variances": [0.27507927976923335]}, "recent_10_correlation_percentile5_percentile25_ratio": {"scales": [0.24058999390595495], "means": [1.5836832724023742], "variances": [0.057883545167667444]}, "recent_10_correlation_skew": {"scales": [0.32857245328850265], "means": [0.7340945760306469], "variances": [0.10795985706002524]}, "recent_10_correlation_stddev_best_ratio": {"scales": [0.020689444842134953], "means": [0.34303238127833013], "variances": [0.0004280531278757446]}, "recent_10_correlation_stddev_median_ratio": {"scales": [0.43733699998604697], "means": [1.2277675949363123], "variances": [0.19126365155679567]}, "recent_10_loss_best_percentile25_ratio": {"scales": [0.029143136435436277], "means": [0.932301496810212], "variances": [0.0008493224012944534]}, "recent_10_loss_best_percentile50_ratio": {"scales": [0.055847542850417646], "means": [0.8629137509511627], "variances": [0.0031189480424292353]}, "recent_10_loss_best_percentile75_ratio": {"scales": [0.110497047238971], "means": [0.7464356346625726], "variances": [0.012209597448531386]}, "recent_10_loss_kurtosis": {"scales": [1.9473382595711062], "means": [1.846491119611617], "variances": [3.792126297189425]}, "recent_10_loss_percentile5_percentile25_ratio": {"scales": [0.022039570772467442], "means": [0.947398607131781], "variances": [0.00048574267983460105]}, "recent_10_loss_skew": {"scales": [0.6152221114185585], "means": [1.681587309104775], "variances": [0.3784982463783093]}, "recent_10_loss_stddev_best_ratio": {"scales": [0.9203084102686835], "means": [1.2069418275084325], "variances": [0.8469675700112714]}, "recent_10_loss_stddev_median_ratio": {"scales": [0.641165226913673], "means": [0.8941209809931858], "variances": [0.4110928482032617]}, "recent_15%_correlation_best_percentile25_ratio": {"scales": [0.3380323500458477], "means": [1.7013059742247927], "variances": [0.11426586967751849]}, "recent_15%_correlation_best_percentile50_ratio": {"scales": [1.1288907917697795], "means": [3.447211455528893], "variances": [1.2743944197425994]}, "recent_15%_correlation_best_percentile75_ratio": {"scales": [3.958152715400071], "means": [8.299311961935377], "variances": [15.666972918428954]}, "recent_15%_correlation_kurtosis": {"scales": [0.5012288910644015], "means": [-0.7209296408376603], "variances": [0.2512304012376496]}, "recent_15%_correlation_percentile5_percentile25_ratio": {"scales": [0.2524747011578313], "means": [1.5411913625797955], "variances": [0.06374347472473622]}, "recent_15%_correlation_skew": {"scales": [0.319391385929842], "means": [0.6793114703279081], "variances": [0.10201085740618529]}, "recent_15%_correlation_stddev_best_ratio": {"scales": [0.022254832514025557], "means": [0.3443180483725472], "variances": [0.0004952775702273291]}, "recent_15%_correlation_stddev_median_ratio": {"scales": [0.3903949359582651], "means": [1.1723709315926933], "variances": [0.1524082060218579]}, "recent_15%_loss_best_percentile25_ratio": {"scales": [0.025588279724896617], "means": [0.9273648723050332], "variances": [0.0006547600592795552]}, "recent_15%_loss_best_percentile50_ratio": {"scales": [0.04299061143028983], "means": [0.8628751662695634], "variances": [0.0018481926711501665]}, "recent_15%_loss_best_percentile75_ratio": {"scales": [0.0918630777329001], "means": [0.747705912642974], "variances": [0.008438825050560846]}, "recent_15%_loss_kurtosis": {"scales": [2.865697774240612], "means": [3.1299976132979626], "variances": [8.212223733287598]}, "recent_15%_loss_percentile5_percentile25_ratio": {"scales": [0.01932424201161106], "means": [0.9467223792214833], "variances": [0.0003734263293233139]}, "recent_15%_loss_skew": {"scales": [0.7169994285636403], "means": [2.0179096388494835], "variances": [0.5140881805605867]}, "recent_15%_loss_stddev_best_ratio": {"scales": [0.9531524067995626], "means": [1.4146254144129682], "variances": [0.9084995105877988]}, "recent_15%_loss_stddev_median_ratio": {"scales": [0.6956316962821353], "means": [1.095729753634842], "variances": [0.48390345687236086]}, "recent_25_correlation_best_percentile25_ratio": {"scales": [0.27286186624868153], "means": [1.6304912656742196], "variances": [0.07445359805271336]}, "recent_25_correlation_best_percentile50_ratio": {"scales": [0.838552219216541], "means": [2.8721318112063905], "variances": [0.7031698243529858]}, "recent_25_correlation_best_percentile75_ratio": {"scales": [2.786009625030068], "means": [5.855298333699126], "variances": [7.761849630760181]}, "recent_25_correlation_kurtosis": {"scales": [0.4374755101126775], "means": [-0.7288307463024789], "variances": [0.19138482194834738]}, "recent_25_correlation_percentile5_percentile25_ratio": {"scales": [0.20447460371365417], "means": [1.4790236463661997], "variances": [0.041809863563855916]}, "recent_25_correlation_skew": {"scales": [0.3135310153948929], "means": [0.5562731802361838], "variances": [0.0983016976145526]}, "recent_25_correlation_stddev_best_ratio": {"scales": [0.023510788308488784], "means": [0.32781586649866035], "variances": [0.0005527571668865729]}, "recent_25_correlation_stddev_median_ratio": {"scales": [0.29777144921416526],