{"origStddev": 1.0777243109659418, "origMean": 2.6934306569343067, "predStddev": 0.018849701156174768, "predMean": 2.693540624939715}