{"origStddev": 9.90078050183189, "origMean": 15.25, "predStddev": 1.1231214677884418, "predMean": 15.286084049834129}