{"origStddev": 0.38516099188446057, "origMean": 1.4940909090909094, "predStddev": 0.12632527557687584, "predMean": 1.497462899642914}