{"origStddevs": {"age": 1.035905401086412, "loss_rank": 0.7976175461961704, "none": 1.0197272919756537, "random": 0.8800000000000002}, "origMeans": {"age": 0.33181818181818185, "loss_rank": 0.15568181818181817, "none": 0.3125, "random": 0.2}, "predStddevs": {"age": 0.03838456090156118, "loss_rank": 0.032486496040493404, "none": 0.04869022850519168, "random": 0.028266628692396212}, "predMeans": {"age": 0.31120696471166814, "loss_rank": 0.1803677740364196, "none": 0.29561293818570306, "random": 0.2128123230662092}}