{"origStddev": 1.0119153140158152, "origMean": 2.5, "predStddev": 0.024989139173859594, "predMean": 2.5027672241379655}