{"origStddev": 0.07451634686706822, "origMean": 0.8113636363636364, "predStddev": 0.0018343205182111031, "predMean": 0.8114819591054248}