{"origStddevs": {"random": 0.674827801726834, "top": 0.6748278017268339}, "origMeans": {"random": 0.2818181818181818, "top": 0.7181818181818181}, "predStddevs": {"random": 0.0745809084644987, "top": 0.0745809084644987}, "predMeans": {"random": 0.30317447812745746, "top": 0.6968255218725425}}