{"origStddevs": {"correlation": 0.9748807937299159, "fixed": 0.9748807937299162}, "origMeans": {"correlation": 0.3886363636363636, "fixed": 0.6113636363636363}, "predStddevs": {"correlation": 0.03427831109942757, "fixed": 0.03427831109942757}, "predMeans": {"correlation": 0.4292770012696586, "fixed": 0.5707229987303414}}