{"origStddev": 3.7157612826916546, "origMean": 4.556962025316456, "predStddev": 0.03546610664181672, "predMean": 4.5587635488548965}