{"origStddev": 0.18314448599802877, "origMean": 0.529460966542751, "predStddev": 0.014386162778162515, "predMean": 0.5295123079717674}