{"origStddev": 0.6912694839810818, "origMean": 1.9835227272727274, "predStddev": 0.03513039385910892, "predMean": 1.982798185704025}