{"origStddev": 0.5398856961927334, "origMean": 0.09784090909090909, "predStddev": 0.08978362340591811, "predMean": 0.09837802536824947}