{"origStddev": 0.4645380817806419, "origMean": 1.056140350877193, "predStddev": 0.007183243822410677, "predMean": 1.0559868817889562}