{"all_correlation_best_percentile25_ratio": {"scales": [0.1561342225717149], "means": [1.4116854057475883], "variances": [0.0243778954580738]}, "all_correlation_best_percentile50_ratio": {"scales": [0.34271515109344863], "means": [2.0884780695748475], "variances": [0.11745367478900534]}, "all_correlation_best_percentile75_ratio": {"scales": [0.9659964178936887], "means": [3.9738116739612206], "variances": [0.9331490793834382]}, "all_correlation_kurtosis": {"scales": [0.2529048071673574], "means": [-0.9622932184528069], "variances": [0.06396084148835823]}, "all_correlation_percentile5_percentile25_ratio": {"scales": [0.11696407462073735], "means": [1.311783898287587], "variances": [0.013680594751885414]}, "all_correlation_skew": {"scales": [0.2436474522761814], "means": [0.1988317182533685], "variances": [0.05936408100067409]}, "all_correlation_stddev_best_ratio": {"scales": [0.017782632988676775], "means": [0.29531751169500975], "variances": [0.00031622203600997545]}, "all_correlation_stddev_median_ratio": {"scales": [0.1081305954999931], "means": [0.6196332011753848], "variances": [0.011692225683183127]}, "all_loss_best_percentile25_ratio": {"scales": [0.04301292641960781], "means": [0.8313241192845605], "variances": [0.001850111839178595]}, "all_loss_best_percentile50_ratio": {"scales": [0.06208510022963722], "means": [0.6985505123499957], "variances": [0.0038545596705241002]}, "all_loss_best_percentile75_ratio": {"scales": [0.0757033907752695], "means": [0.5154814612584074], "variances": [0.005731003374873159]}, "all_loss_kurtosis": {"scales": [4.679854459286974], "means": [9.374051304513113], "variances": [21.90103776010818]}, "all_loss_percentile5_percentile25_ratio": {"scales": [0.02991353642957547], "means": [0.8908685341612171], "variances": [0.0008948196617235389]}, "all_loss_skew": {"scales": [0.6196818031930907], "means": [3.001167572485936], "variances": [0.38400553720864045]}, "all_loss_stddev_best_ratio": {"scales": [0.6153770733076636], "means": [1.454847309000095], "variances": [0.37868894235270556]}, "all_loss_stddev_median_ratio": {"scales": [0.3407228558379918], "means": [0.9320172142442359], "variances": [0.11609206449039694]}, "log10_cardinality": {"scales": [1.9172179709374508], "means": [8.805354727661708], "variances": [3.675724748085516]}, "recent_10_correlation_best_percentile25_ratio": {"scales": [0.4480565670908497], "means": [1.931057043219488], "variances": [0.20075468731323706]}, "recent_10_correlation_best_percentile50_ratio": {"scales": [1.7478881428726916], "means": [4.027015307470249], "variances": [3.0551129599949465]}, "recent_10_correlation_best_percentile75_ratio": {"scales": [2.645872919370967], "means": [5.901796842253348], "variances": [7.000643505460645]}, "recent_10_correlation_kurtosis": {"scales": [0.4891488476194763], "means": [-0.6317975974864278], "variances": [0.23926659512746162]}, "recent_10_correlation_percentile5_percentile25_ratio": {"scales": [0.3404751255134375], "means": [1.7137719547927441], "variances": [0.11592331109339103]}, "recent_10_correlation_skew": {"scales": [0.31112905118605577], "means": [0.7795425036443296], "variances": [0.09680128649193533]}, "recent_10_correlation_stddev_best_ratio": {"scales": [0.01956706150736066], "means": [0.34187837113195363], "variances": [0.0003828698960328353]}, "recent_10_correlation_stddev_median_ratio": {"scales": [0.6052697700247475], "means": [1.3926622051494988], "variances": [0.36635149450581067]}, "recent_10_loss_best_percentile25_ratio": {"scales": [0.030895378453058384], "means": [0.9297597140530071], "variances": [0.0009545244097577042]}, "recent_10_loss_best_percentile50_ratio": {"scales": [0.05422666939029267], "means": [0.8604235944593601], "variances": [0.002940531673164104]}, "recent_10_loss_best_percentile75_ratio": {"scales": [0.09482286216398822], "means": [0.7464162764410049], "variances": [0.00899137518897071]}, "recent_10_loss_kurtosis": {"scales": [1.7611236571237239], "means": [1.3704920238191296], "variances": [3.1015565356808397]}, "recent_10_loss_percentile5_percentile25_ratio": {"scales": [0.02417129749497953], "means": [0.9451858838139765], "variances": [0.0005842516225908038]}, "recent_10_loss_skew": {"scales": [0.627800915410904], "means": [1.4568745089526152], "variances": [0.39413398939076905]}, "recent_10_loss_stddev_best_ratio": {"scales": [0.4157503624708402], "means": [0.6069490854874123], "variances": [0.17284836389463498]}, "recent_10_loss_stddev_median_ratio": {"scales": [0.3046630656694021], "means": [0.46604419468051733], "variances": [0.09281958358307843]}, "recent_15%_correlation_best_percentile25_ratio": {"scales": [0.3728929043784664], "means": [1.8276193978064206], "variances": [0.1390491181358081]}, "recent_15%_correlation_best_percentile50_ratio": {"scales": [1.4925608985251353], "means": [3.960631100285416], "variances": [2.2277380358061594]}, "recent_15%_correlation_best_percentile75_ratio": {"scales": [3.192374018093428], "means": [6.538091847647779], "variances": [10.19125187139798]}, "recent_15%_correlation_kurtosis": {"scales": [0.4766774484212389], "means": [-0.6985530104778933], "variances": [0.22722138983338286]}, "recent_15%_correlation_percentile5_percentile25_ratio": {"scales": [0.2741907921373096], "means": [1.6257433940253125], "variances": [0.07518059049288534]}, "recent_15%_correlation_skew": {"scales": [0.28385865516907915], "means": [0.7266540409241624], "variances": [0.0805757361143982]}, "recent_15%_correlation_stddev_best_ratio": {"scales": [0.02032503353217955], "means": [0.34218457834674587], "variances": [0.00041310698808422316]}, "recent_15%_correlation_stddev_median_ratio": {"scales": [0.5152465831691339], "means": [1.3501318649564968], "variances": [0.26547904146746715]}, "recent_15%_loss_best_percentile25_ratio": {"scales": [0.026976446630298887], "means": [0.9260411883646155], "variances": [0.0007277286727973641]}, "recent_15%_loss_best_percentile50_ratio": {"scales": [0.04559424529730825], "means": [0.8600063153397355], "variances": [0.0020788352042311158]}, "recent_15%_loss_best_percentile75_ratio": {"scales": [0.08019875891066922], "means": [0.7505208004162656], "variances": [0.006431840930811645]}, "recent_15%_loss_kurtosis": {"scales": [3.6562907577480828], "means": [3.5184524148197176], "variances": [13.368462105194048]}, "recent_15%_loss_percentile5_percentile25_ratio": {"scales": [0.019218367087468963], "means": [0.9464534536058921], "variances": [0.0003693456335087103]}, "recent_15%_loss_skew": {"scales": [0.8717186717306119], "means": [2.010205713266432], "variances": [0.7598934426437822]}, "recent_15%_loss_stddev_best_ratio": {"scales": [0.6184648201733925], "means": [0.8950123314886591], "variances": [0.3824987337921068]}, "recent_15%_loss_stddev_median_ratio": {"scales": [0.45550405299188423], "means": [0.6985467577362348], "variances": [0.2074839422920333]}, "recent_25_correlation_best_percentile25_ratio": {"scales": [0.3285010482153866], "means": [1.7248923907574154], "variances": [0.10791293867860777]}, "recent_25_correlation_best_percentile50_ratio": {"scales": [1.1377651156912343], "means": [3.262003853670603], "variances": [1.2945094584838879]}, "recent_25_correlation_best_percentile75_ratio": {"scales": [2.307775364475009], "means": [5.537073302586789], "variances": [5.325827132877761]}, "recent_25_correlation_kurtosis": {"scales": [0.4221508897287892], "means": [-0.7446889853858261], "variances": [0.17821137369880835]}, "recent_25_correlation_percentile5_percentile25_ratio": {"scales": [0.2455587356932747], "means": [1.5493660259876398], "variances": [0.06029909267527953]}, "recent_25_correlation_skew": {"scales": [0.2926598451175393], "means": [0.620914557520253], "variances": [0.08564978494422208]}, "recent_25_correlation_stddev_best_ratio": {"scales": [0.0219590462591511], "means": [0.33101930127231216], "variances": [0.00048219971261153786]}, "recent_25_correlation_stddev_median_ratio": {"scales": [0.41231812238152504], "means": [1.086899317222063],