{"origStddev": 0.48732352507488164, "origMean": 1.0900763358778625, "predStddev": 0.013436876595842584, "predMean": 1.089540134481549}