{"origStddev": 0.46748746171368505, "origMean": 0.03318181818181819, "predStddev": 0.013155053243593798, "predMean": 0.033181818747384975}