{"origStddev": 1.0695266231209455, "origMean": 2.569620253164557, "predStddev": 0.027159233815769724, "predMean": 2.573936725141451}