{"origStddev": 10.618259028361875, "origMean": 16.48181818181818, "predStddev": 1.3543535051743483, "predMean": 16.481818185711216}