{"origStddev": 3.8007515884069534, "origMean": 4.598715890850722, "predStddev": 0.17015482679339322, "predMean": 4.599649127667605}