{"origStddev": 0.184542421363574, "origMean": 0.5196098562628337, "predStddev": 0.008889591050338357, "predMean": 0.5188516216356858}