{"origStddevs": {"random": 0.6820546464952681, "top": 0.6820546464952681}, "origMeans": {"random": 0.29204545454545455, "top": 0.7079545454545455}, "predStddevs": {"random": 0.010955680038249777, "top": 0.010955680038249769}, "predMeans": {"random": 0.2921640098119833, "top": 0.7078359901880168}}