{"origStddev": 1.0501419660252629, "origMean": 2.4943396226415095, "predStddev": 0.4036612909318126, "predMean": 2.515323565550843}