{"origStddevs": {"age": 1.0092540562217227, "loss_rank": 0.8443784696449811, "none": 1.0081666528902848, "random": 0.9103261778066145}, "origMeans": {"age": 0.30113636363636365, "loss_rank": 0.17954545454545454, "none": 0.3, "random": 0.21931818181818183}, "predStddevs": {"age": 0.019383990172287188, "loss_rank": 0.014886436432214463, "none": 0.02017530045941243, "random": 0.015796379195232045}, "predMeans": {"age": 0.3010632025747541, "loss_rank": 0.17965589783216418, "none": 0.2999371401437053, "random": 0.2193437594493764}}