{"origStddev": 0.07588153218247798, "origMean": 0.8098445595854924, "predStddev": 0.00223244449683201, "predMean": 0.8101486241063853}