{"origStddevs": {"correlation": 0.9942785706395657, "fixed": 0.9942785706395657}, "origMeans": {"correlation": 0.4465909090909091, "fixed": 0.553409090909091}, "predStddevs": {"correlation": 0.012543374931800248, "fixed": 0.012543374931800268}, "predMeans": {"correlation": 0.4466248974576358, "fixed": 0.5533751025423642}}