{"origStddev": 0.6659689606192353, "origMean": 1.947159090909091, "predStddev": 0.018855602222165747, "predMean": 1.9471590908951208}