{"origStddev": 0.41908463562648274, "origMean": 1.475, "predStddev": 0.2129038587218624, "predMean": 1.4749999965842546}