{"all_correlation_best_percentile25_ratio": {"scales": [0.18568530075594453], "means": [1.4196240120064363], "variances": [0.034479030916825575]}, "all_correlation_best_percentile50_ratio": {"scales": [0.36467306780698744], "means": [2.0231968958234203], "variances": [0.13298644638375964]}, "all_correlation_best_percentile75_ratio": {"scales": [1.0572228123188578], "means": [3.7607659862617955], "variances": [1.117720074887395]}, "all_correlation_kurtosis": {"scales": [0.2725151716461447], "means": [-0.838208763540384], "variances": [0.07426451877732769]}, "all_correlation_percentile5_percentile25_ratio": {"scales": [0.13035349930709902], "means": [1.306314664981979], "variances": [0.016992034781605863]}, "all_correlation_skew": {"scales": [0.2857274615535481], "means": [0.1631764873029813], "variances": [0.0816401822858343]}, "all_correlation_stddev_best_ratio": {"scales": [0.019530642241382783], "means": [0.2872318027851168], "variances": [0.00038144598636088544]}, "all_correlation_stddev_median_ratio": {"scales": [0.10743049947145819], "means": [0.5815351323087642], "variances": [0.011541312216686977]}, "all_loss_best_percentile25_ratio": {"scales": [0.06065547807089864], "means": [0.8156439238112458], "variances": [0.0036790870200092657]}, "all_loss_best_percentile50_ratio": {"scales": [0.09107732653713772], "means": [0.6703798475392103], "variances": [0.00829507940915241]}, "all_loss_best_percentile75_ratio": {"scales": [0.11982114552130264], "means": [0.46083881184974407], "variances": [0.014357106914037186]}, "all_loss_kurtosis": {"scales": [1.3805064761179846], "means": [3.7773325166089515], "variances": [1.9057981306036957]}, "all_loss_percentile5_percentile25_ratio": {"scales": [0.04050102547147275], "means": [0.8792710183335116], "variances": [0.0016403330642408846]}, "all_loss_skew": {"scales": [0.30520170366955474], "means": [2.162423288427242], "variances": [0.0931480799227987]}, "all_loss_stddev_best_ratio": {"scales": [0.8983257309887315], "means": [1.6111172444515405], "variances": [0.8069891189564387]}, "all_loss_stddev_median_ratio": {"scales": [0.39193328170617786], "means": [0.9606655658889788], "variances": [0.15361169730897417]}, "log10_cardinality": {"scales": [2.1897335871413315], "means": [10.7057353383575], "variances": [4.794933182654843]}, "recent_10_correlation_best_percentile25_ratio": {"scales": [0.5167857127028757], "means": [1.9136221272492375], "variances": [0.2670674728538191]}, "recent_10_correlation_best_percentile50_ratio": {"scales": [1.0460539824121273], "means": [3.0697575677581366], "variances": [1.0942289341202713]}, "recent_10_correlation_best_percentile75_ratio": {"scales": [3.3647241465314135], "means": [6.5300514451345055], "variances": [11.321368582251548]}, "recent_10_correlation_kurtosis": {"scales": [0.5617336619221004], "means": [-0.5869065142469537], "variances": [0.31554470693641257]}, "recent_10_correlation_percentile5_percentile25_ratio": {"scales": [0.3633492001503877], "means": [1.6701777573202778], "variances": [0.1320226412499265]}, "recent_10_correlation_skew": {"scales": [0.37135348382139394], "means": [0.7596640108701549], "variances": [0.1379034099462863]}, "recent_10_correlation_stddev_best_ratio": {"scales": [0.021949945615059627], "means": [0.3338278642989672], "variances": [0.00048180011250407534]}, "recent_10_correlation_stddev_median_ratio": {"scales": [0.3489410383272371], "means": [1.0385984482784654], "variances": [0.12175984822889037]}, "recent_10_loss_best_percentile25_ratio": {"scales": [0.03310672998054493], "means": [0.9255587752117405], "variances": [0.0010960555700047126]}, "recent_10_loss_best_percentile50_ratio": {"scales": [0.061294630572313547], "means": [0.8507178129385565], "variances": [0.003757031736996394]}, "recent_10_loss_best_percentile75_ratio": {"scales": [0.11452351846460634], "means": [0.7170023351029742], "variances": [0.01311563628151303]}, "recent_10_loss_kurtosis": {"scales": [1.7985028281568016], "means": [1.4972601182262624], "variances": [3.2346124228880138]}, "recent_10_loss_percentile5_percentile25_ratio": {"scales": [0.025891723945486538], "means": [0.9417800296349556], "variances": [0.000670381368869281]}, "recent_10_loss_skew": {"scales": [0.5614289095704242], "means": [1.5968206590162877], "variances": [0.31520242050143565]}, "recent_10_loss_stddev_best_ratio": {"scales": [0.5714425592625563], "means": [0.9716150582186306], "variances": [0.32654659853654017]}, "recent_10_loss_stddev_median_ratio": {"scales": [0.4470043953842856], "means": [0.7552676816641989], "variances": [0.19981292949287074]}, "recent_15%_correlation_best_percentile25_ratio": {"scales": [0.42749311422977737], "means": [1.8109103615490583], "variances": [0.1827503627138735]}, "recent_15%_correlation_best_percentile50_ratio": {"scales": [1.1111520038572666], "means": [3.176251139086114], "variances": [1.234658775676019]}, "recent_15%_correlation_best_percentile75_ratio": {"scales": [2.7932805135647794], "means": [6.3109191208613815], "variances": [7.802416027460717]}, "recent_15%_correlation_kurtosis": {"scales": [0.5417841117841578], "means": [-0.6366912796600662], "variances": [0.2935300237817487]}, "recent_15%_correlation_percentile5_percentile25_ratio": {"scales": [0.3022369277266396], "means": [1.6046813241123847], "variances": [0.09134716048163799]}, "recent_15%_correlation_skew": {"scales": [0.3569876302668624], "means": [0.6860973408724627], "variances": [0.12744016816355008]}, "recent_15%_correlation_stddev_best_ratio": {"scales": [0.024946911262036898], "means": [0.33424351505970123], "variances": [0.0006223483815159434]}, "recent_15%_correlation_stddev_median_ratio": {"scales": [0.3716015644240041], "means": [1.051648363969192], "variances": [0.13808772268236727]}, "recent_15%_loss_best_percentile25_ratio": {"scales": [0.0323990795772437], "means": [0.9191712462827962], "variances": [0.0010497003574525697]}, "recent_15%_loss_best_percentile50_ratio": {"scales": [0.05902258748927763], "means": [0.846582150521048], "variances": [0.0034836658339294315]}, "recent_15%_loss_best_percentile75_ratio": {"scales": [0.10558208687401431], "means": [0.7247087225017151], "variances": [0.011147577068671905]}, "recent_15%_loss_kurtosis": {"scales": [2.4489123029691813], "means": [2.6226543657821835], "variances": [5.997171467633819]}, "recent_15%_loss_percentile5_percentile25_ratio": {"scales": [0.023814651844429366], "means": [0.9419223131960663], "variances": [0.000567137642471383]}, "recent_15%_loss_skew": {"scales": [0.6291052895392487], "means": [1.9375473046374374], "variances": [0.3957734653262619]}, "recent_15%_loss_stddev_best_ratio": {"scales": [0.6560271843688237], "means": [1.1809492894225369], "variances": [0.43037166663088655]}, "recent_15%_loss_stddev_median_ratio": {"scales": [0.4720417287052842], "means": [0.9309509019069719], "variances": [0.22282339363907314]}, "recent_25_correlation_best_percentile25_ratio": {"scales": [0.38445052575973954], "means": [1.7422313790760355], "variances": [0.14780220675694017]}, "recent_25_correlation_best_percentile50_ratio": {"scales": [0.8546835702137963], "means": [2.814087283386647], "variances": [0.7304840051934013]}, "recent_25_correlation_best_percentile75_ratio": {"scales": [2.4521902937804145], "means": [5.451708144062976], "variances": [6.013237236910875]}, "recent_25_correlation_kurtosis": {"scales": [0.48707232830468666], "means": [-0.6677234134704406], "variances": [0.23723945300014848]}, "recent_25_correlation_percentile5_percentile25_ratio": {"scales": [0.27544343268200294], "means": [1.5485785769983877], "variances": [0.07586908460764508]}, "recent_25_correlation_skew": {"scales": [0.35295968312286796], "means": [0.6072383128694723], "variances": [0.12458053791019537]}, "recent_25_correlation_stddev_best_ratio": {"scales": [0.023691322663403173], "means": [0.32030798582200104], "variances": [0.0005612787695414809]}, "recent_25_correlation_stddev_median_ratio": {"scales": [0.2932197294239894],