{"origStddevs": {"correlation": 0.9865207248182208, "fixed": 0.986520724818221}, "origMeans": {"correlation": 0.41818181818181815, "fixed": 0.5818181818181818}, "predStddevs": {"correlation": 0.011029909432787229, "fixed": 0.011029909432787227}, "predMeans": {"correlation": 0.41822230190490073, "fixed": 0.5817776980950993}}