{"origStddevs": {"age": 0.9051933495115837, "loss_rank": 0.7359984714658041, "none": 0.8855753779323361, "random": 0.7628523775934635, "cluster": 0.7628523775934634, "skewness": 0.8316249154516717}, "origMeans": {"age": 0.2159090909090909, "loss_rank": 0.12840909090909092, "none": 0.2034090909090909, "random": 0.13977272727272727, "cluster": 0.13977272727272727, "skewness": 0.17272727272727273}, "predStddevs": {"age": 0.01639775083617091, "loss_rank": 0.013909248505402537, "none": 0.014551209632214398, "random": 0.016808129610708874, "cluster": 0.012764657514154874, "skewness": 0.0147522108363593}, "predMeans": {"age": 0.2157682444605852, "loss_rank": 0.13987483864084543, "none": 0.12854425137670172, "random": 0.2033361618088022, "cluster": 0.13976584524017785, "skewness": 0.17271065847288758}}