{"origStddevs": {"random": 0.6662919702873669, "top": 0.6662919702873671}, "origMeans": {"random": 0.27045454545454545, "top": 0.7295454545454545}, "predStddevs": {"random": 0.011579625614319215, "top": 0.011579625614319218}, "predMeans": {"random": 0.27060679909292534, "top": 0.7293932009070747}}