{"origStddev": 1.0169678018813746, "origMean": 2.6106194690265485, "predStddev": 0.04970840748872101, "predMean": 2.6131936607100665}