{"origStddev": 0.17186925512937373, "origMean": 0.4993421052631579, "predStddev": 0.006950818034657672, "predMean": 0.49939690146927}