{"origStddev": 0.07860573635949153, "origMean": 0.8000000000000002, "predStddev": 0.015644134509307475, "predMean": 0.8001221206795922}