{"origStddev": 0.17770215088203234, "origMean": 0.53291015625, "predStddev": 0.008273519904606959, "predMean": 0.532735488608716}