{"origStddev": 0.5600523928366947, "origMean": 0.024886363636363644, "predStddev": 0.016647471833149706, "predMean": 0.0248863638903607}