{"origStddev": 0.6570412879966003, "origMean": 1.9738636363636364, "predStddev": 0.017737800566532496, "predMean": 1.973863636189225}