{"origStddev": 3.7044808208959514, "origMean": 4.626168224299065, "predStddev": 0.10243833738376697, "predMean": 4.627972797612872}