{"origStddev": 10.349834509796052, "origMean": 16.09090909090909, "predStddev": 1.4923858576414821, "predMean": 16.090909091744788}