{"origStddev": 0.42849690202068247, "origMean": 1.451818181818182, "predStddev": 0.27039709496242975, "predMean": 1.4518181802585828}