{"origStddev": 1.050009893107331, "origMean": 2.5105263157894737, "predStddev": 0.029979912196410958, "predMean": 2.5114011260260813}