{"origStddev": 0.46990602567733036, "origMean": 1.057608695652174, "predStddev": 0.01309325712082758, "predMean": 1.0581491464907697}