{"origStddev": 0.16627556729874915, "origMean": 0.6821138211382114, "predStddev": 0.004541437679588772, "predMean": 0.6822788124145144}