{"all_correlation_best_percentile25_ratio": {"scales": [0.13395812192273407], "means": [1.420329125976254], "variances": [0.017944778429066086]}, "all_correlation_best_percentile50_ratio": {"scales": [0.39483013437225134], "means": [2.1739055336898816], "variances": [0.15589083500841006]}, "all_correlation_best_percentile75_ratio": {"scales": [1.073607739345469], "means": [4.106519124888359], "variances": [1.1526335779824886]}, "all_correlation_kurtosis": {"scales": [0.2751482493466501], "means": [-0.9140119525376789], "variances": [0.07570655911852633]}, "all_correlation_percentile5_percentile25_ratio": {"scales": [0.09713669615269495], "means": [1.304968935129273], "variances": [0.009435537739460983]}, "all_correlation_skew": {"scales": [0.2406103050656946], "means": [0.19640289092339033], "variances": [0.057893318903806626]}, "all_correlation_stddev_best_ratio": {"scales": [0.018694390522601884], "means": [0.2861454390206472], "variances": [0.0003494802370115471]}, "all_correlation_stddev_median_ratio": {"scales": [0.12667390469858908], "means": [0.6232538843649458], "variances": [0.016046278131587228]}, "all_loss_best_percentile25_ratio": {"scales": [0.04694691232709207], "means": [0.8217350920231515], "variances": [0.002204012577047669]}, "all_loss_best_percentile50_ratio": {"scales": [0.07294409110635268], "means": [0.6806103707989003], "variances": [0.00532084042733188]}, "all_loss_best_percentile75_ratio": {"scales": [0.1007724408322363], "means": [0.48661185097809856], "variances": [0.010155084831286566]}, "all_loss_kurtosis": {"scales": [1.5887786635006478], "means": [5.04704402359065], "variances": [2.5242176415949045]}, "all_loss_percentile5_percentile25_ratio": {"scales": [0.03701273989851799], "means": [0.8830140863196347], "variances": [0.0013699429147953455]}, "all_loss_skew": {"scales": [0.29641016889449473], "means": [2.412198034162431], "variances": [0.08785898822406288]}, "all_loss_stddev_best_ratio": {"scales": [0.78305886039888], "means": [1.6657314213450385], "variances": [0.6131811788491925]}, "all_loss_stddev_median_ratio": {"scales": [0.3820582978876961], "means": [1.043668147450282], "variances": [0.14596854298484352]}, "log10_cardinality": {"scales": [1.547324233821192], "means": [11.206663566686649], "variances": [2.3942122845703393]}, "recent_10_correlation_best_percentile25_ratio": {"scales": [0.39402791613940924], "means": [1.9298343142334764], "variances": [0.1552579986971653]}, "recent_10_correlation_best_percentile50_ratio": {"scales": [1.722474236717603], "means": [4.2981307029838], "variances": [2.966917496155889]}, "recent_10_correlation_best_percentile75_ratio": {"scales": [1.8315075907303322], "means": [5.728457110592673], "variances": [3.354420054902826]}, "recent_10_correlation_kurtosis": {"scales": [0.5295242336742544], "means": [-0.52961458567799], "variances": [0.2803959140483064]}, "recent_10_correlation_percentile5_percentile25_ratio": {"scales": [0.30037705201277665], "means": [1.6901874058333235], "variances": [0.09022637337588633]}, "recent_10_correlation_skew": {"scales": [0.2828938119340092], "means": [0.8363147501056114], "variances": [0.08002890883055458]}, "recent_10_correlation_stddev_best_ratio": {"scales": [0.020115558937622454], "means": [0.33296541757699266], "variances": [0.00040463571137296263]}, "recent_10_correlation_stddev_median_ratio": {"scales": [0.5831903417029937], "means": [1.424681424205827], "variances": [0.3401109746556545]}, "recent_10_loss_best_percentile25_ratio": {"scales": [0.03278779099939481], "means": [0.929180000700479], "variances": [0.0010750392386199951]}, "recent_10_loss_best_percentile50_ratio": {"scales": [0.06141339368177489], "means": [0.8568426093015798], "variances": [0.003771604923512668]}, "recent_10_loss_best_percentile75_ratio": {"scales": [0.09688738191072187], "means": [0.7339453021853981], "variances": [0.009387164773514074]}, "recent_10_loss_kurtosis": {"scales": [1.776437369217285], "means": [1.5553420269381353], "variances": [3.155729726751628]}, "recent_10_loss_percentile5_percentile25_ratio": {"scales": [0.025183548400432857], "means": [0.94491251255195], "variances": [0.0006342111100369444]}, "recent_10_loss_skew": {"scales": [0.5802636332971522], "means": [1.5809078196097197], "variances": [0.33670588412721203]}, "recent_10_loss_stddev_best_ratio": {"scales": [0.5237955019688124], "means": [0.849500903680564], "variances": [0.2743617278827602]}, "recent_10_loss_stddev_median_ratio": {"scales": [0.4010363857495604], "means": [0.6545379202860455], "variances": [0.1608301826950702]}, "recent_15%_correlation_best_percentile25_ratio": {"scales": [0.3548871478894247], "means": [1.822194389081956], "variances": [0.1259448877370904]}, "recent_15%_correlation_best_percentile50_ratio": {"scales": [1.5891747314223346], "means": [4.242530779669381], "variances": [2.5254763269912495]}, "recent_15%_correlation_best_percentile75_ratio": {"scales": [2.9029855905932793], "means": [7.363149338632245], "variances": [8.42732533919221]}, "recent_15%_correlation_kurtosis": {"scales": [0.4601249243612694], "means": [-0.6979312417373517], "variances": [0.21171494601846386]}, "recent_15%_correlation_percentile5_percentile25_ratio": {"scales": [0.2553704064088628], "means": [1.5995840245560156], "variances": [0.06521404446942777]}, "recent_15%_correlation_skew": {"scales": [0.2562328252171927], "means": [0.7534253469838824], "variances": [0.06565526071878441]}, "recent_15%_correlation_stddev_best_ratio": {"scales": [0.022688674938483703], "means": [0.33814977887397296], "variances": [0.0005147759704641784]}, "recent_15%_correlation_stddev_median_ratio": {"scales": [0.5421664454473903], "means": [1.426181986337674], "variances": [0.29394445456905804]}, "recent_15%_loss_best_percentile25_ratio": {"scales": [0.03419158469219067], "means": [0.9188417998064747], "variances": [0.0011690644637632472]}, "recent_15%_loss_best_percentile50_ratio": {"scales": [0.054839049979362176], "means": [0.8524160205410244], "variances": [0.0030073214026389824]}, "recent_15%_loss_best_percentile75_ratio": {"scales": [0.08319174313975901], "means": [0.746232037035764], "variances": [0.00692086612663164]}, "recent_15%_loss_kurtosis": {"scales": [2.531228315879744], "means": [2.785931110407997], "variances": [6.407116787111406]}, "recent_15%_loss_percentile5_percentile25_ratio": {"scales": [0.025526574944889257], "means": [0.9422822970337704], "variances": [0.000651606028417048]}, "recent_15%_loss_skew": {"scales": [0.6535617052567035], "means": [1.9619396472802004], "variances": [0.42714290257805027]}, "recent_15%_loss_stddev_best_ratio": {"scales": [0.6540885863122341], "means": [1.1449530138190704], "variances": [0.42783187874393697]}, "recent_15%_loss_stddev_median_ratio": {"scales": [0.5033950042905606], "means": [0.9088046113606925], "variances": [0.2534065303446935]}, "recent_25_correlation_best_percentile25_ratio": {"scales": [0.3027104456455978], "means": [1.821192070556251], "variances": [0.0916336139029564]}, "recent_25_correlation_best_percentile50_ratio": {"scales": [1.1508758436977846], "means": [3.4814776167388404], "variances": [1.3245152076070876]}, "recent_25_correlation_best_percentile75_ratio": {"scales": [2.069941189412545], "means": [5.546265172456999], "variances": [4.28465652762662]}, "recent_25_correlation_kurtosis": {"scales": [0.4310038755246316], "means": [-0.6249944085640404], "variances": [0.18576434071725212]}, "recent_25_correlation_percentile5_percentile25_ratio": {"scales": [0.2262942233142401], "means": [1.6101554939372018], "variances": [0.05120907550539516]}, "recent_25_correlation_skew": {"scales": [0.2615180379554998], "means": [0.6928473893519601], "variances": [0.06839168417609424]}, "recent_25_correlation_stddev_best_ratio": {"scales": [0.022646144686499902], "means": [0.31877522830695276], "variances": [0.0005128478691618877]}, "recent_25_correlation_stddev_median_ratio": {"scales": [0.39948364921716784], "means": [1.1084304060999333],