{"origStddev": 1.3654978004981708, "origMean": 0.7172897196261683, "predStddev": 0.04888300509200049, "predMean": 0.7195877096840767}