{"origStddev": 0.47434175139812174, "origMean": 1.0687022900763359, "predStddev": 0.012817102428409555, "predMean": 1.0683500529344898}