{"origStddev": 0.07751999116660759, "origMean": 0.8065789473684211, "predStddev": 0.005578519929923619, "predMean": 0.8071076555797625}