{"origStddev": 1.0240973960811013, "origMean": 2.6474358974358974, "predStddev": 0.22619236120534306, "predMean": 2.724831995775983}