{"origStddev": 0.6583763760033761, "origMean": 1.9920454545454545, "predStddev": 0.08210203415390888, "predMean": 1.992045454744947}