{"origStddev": 0.18491269958198311, "origMean": 0.5337782340862423, "predStddev": 0.03276695531335073, "predMean": 0.5327851641970077}