{"origStddev": 3.711874557341723, "origMean": 4.705372616984402, "predStddev": 0.1745736627203647, "predMean": 4.70013402844372}