{"origStddev": 10.250676091389217, "origMean": 15.547727272727272, "predStddev": 2.077574397516926, "predMean": 15.547727264918397}