{"origStddev": 0.4271105011180237, "origMean": 1.4536363636363636, "predStddev": 0.3055243563723849, "predMean": 1.4536363621486637}