{"origStddev": 0.08043613832259082, "origMean": 0.8025906735751297, "predStddev": 0.00213757981059371, "predMean": 0.8023798994821908}