{"origStddevs": {"random": 0.7127181321161316, "top": 0.7127181321161314}, "origMeans": {"random": 0.3443181818181818, "top": 0.6556818181818181}, "predStddevs": {"random": 0.01107969539010157, "top": 0.011079695390101575}, "predMeans": {"random": 0.3444018875574098, "top": 0.6555981124425901}}