{"origStddevs": {"age": 0.9746281342132498, "loss_rank": 0.7952358140828418, "none": 0.9957126844627421, "random": 0.9103261778066145, "zscore": 0.5630053285715864}, "origMeans": {"age": 0.2681818181818182, "loss_rank": 0.15454545454545454, "none": 0.2875, "random": 0.21931818181818183, "zscore": 0.07045454545454545}, "predStddevs": {"age": 0.019898609210851306, "loss_rank": 0.01469965309587028, "none": 0.01935517155621923, "random": 0.018439472562211005, "zscore": 0.008109442999969447}, "predMeans": {"age": 0.26806560100455046, "loss_rank": 0.1546642292980441, "none": 0.28732773838510317, "random": 0.21932716635166874, "zscore": 0.07061526496063354}}