{"origStddevs": {"correlation": 0.9997907838994357, "fixed": 0.9997907838994357}, "origMeans": {"correlation": 0.48977272727272725, "fixed": 0.5102272727272728}, "predStddevs": {"correlation": 0.01996078510493351, "fixed": 0.01996078510493352}, "predMeans": {"correlation": 0.48978265901884327, "fixed": 0.5102173409811568}}