{"origStddev": 1.4495505062381497, "origMean": 0.7096774193548387, "predStddev": 0.19906879997277896, "predMean": 0.7182204175057889}