{"origStddev": 0.48131857729468885, "origMean": 1.0672853828306264, "predStddev": 0.012260866016400994, "predMean": 1.067989132384682}