{"all_correlation_best_percentile25_ratio": {"scales": [0.12886925898346654], "means": [1.3444039998973647], "variances": [0.016607285910947775]}, "all_correlation_best_percentile50_ratio": {"scales": [0.3602319259657809], "means": [2.0401802973161063], "variances": [0.12976704048501586]}, "all_correlation_best_percentile75_ratio": {"scales": [1.0032718122224191], "means": [3.715653167283545], "variances": [1.006554329200057]}, "all_correlation_kurtosis": {"scales": [0.2462469589880305], "means": [-1.0128670004193865], "variances": [0.06063756481085278]}, "all_correlation_percentile5_percentile25_ratio": {"scales": [0.0958027023198777], "means": [1.2597325607704408], "variances": [0.009178157771791099]}, "all_correlation_skew": {"scales": [0.24699032962142087], "means": [0.11456677235826707], "variances": [0.061004222926498125]}, "all_correlation_stddev_best_ratio": {"scales": [0.02099579734629565], "means": [0.2946987078814291], "variances": [0.0004408235062067154]}, "all_correlation_stddev_median_ratio": {"scales": [0.11575110456382934], "means": [0.6022881568668769], "variances": [0.013398318207746554]}, "all_loss_best_percentile25_ratio": {"scales": [0.08551353886319121], "means": [0.873173142918058], "variances": [0.007312565328906515]}, "all_loss_best_percentile50_ratio": {"scales": [0.13720895739554298], "means": [0.722697103150684], "variances": [0.01882629798957193]}, "all_loss_best_percentile75_ratio": {"scales": [0.18261042377162945], "means": [0.412245546388953], "variances": [0.033346566870054085]}, "all_loss_kurtosis": {"scales": [1.8464679777294097], "means": [3.3599564912326216], "variances": [3.4094439927801363]}, "all_loss_percentile5_percentile25_ratio": {"scales": [0.055933609731238974], "means": [0.9167011723027494], "variances": [0.0031285686975665514]}, "all_loss_skew": {"scales": [0.3949176457209328], "means": [2.005142981268368], "variances": [0.15595994690176418]}, "all_loss_stddev_best_ratio": {"scales": [0.7030581859974325], "means": [0.8153939803827095], "variances": [0.4942908128980005]}, "all_loss_stddev_median_ratio": {"scales": [0.4373991059447102], "means": [0.7958809333858118], "variances": [0.1913179778812318]}, "log10_cardinality": {"scales": [0.9914367519169645], "means": [8.971046870508003], "variances": [0.9829468330516604]}, "recent_10_correlation_best_percentile25_ratio": {"scales": [0.5699379468875643], "means": [2.066100036815297], "variances": [0.324829263302412]}, "recent_10_correlation_best_percentile50_ratio": {"scales": [1.2921494548432448], "means": [3.3554519291362914], "variances": [1.6696502136516946]}, "recent_10_correlation_best_percentile75_ratio": {"scales": [2.1297814676232165], "means": [4.7559326883658315], "variances": [4.535969099831303]}, "recent_10_correlation_kurtosis": {"scales": [0.6112951382116368], "means": [-0.3249159824898213], "variances": [0.3736817460011842]}, "recent_10_correlation_percentile5_percentile25_ratio": {"scales": [0.43931611283044025], "means": [1.8263045191983873], "variances": [0.19299864699244812]}, "recent_10_correlation_skew": {"scales": [0.35954543439293046], "means": [0.9836231283248564], "variances": [0.12927291939280106]}, "recent_10_correlation_stddev_best_ratio": {"scales": [0.02146647329550422], "means": [0.34523679178319755], "variances": [0.00046080947574659594]}, "recent_10_correlation_stddev_median_ratio": {"scales": [0.47788546259560477], "means": [1.156703584909297], "variances": [0.22837451536021516]}, "recent_10_loss_best_percentile25_ratio": {"scales": [0.0386853247330904], "means": [0.9501072928617501], "variances": [0.0014965543497046558]}, "recent_10_loss_best_percentile50_ratio": {"scales": [0.07606323876851206], "means": [0.8958640388428705], "variances": [0.005785616291955676]}, "recent_10_loss_best_percentile75_ratio": {"scales": [0.156309290611377], "means": [0.7638069157205314], "variances": [0.024432594331431905]}, "recent_10_loss_kurtosis": {"scales": [1.7746133719472001], "means": [1.3616913000838304], "variances": [3.1492526198938116]}, "recent_10_loss_percentile5_percentile25_ratio": {"scales": [0.030936379145262673], "means": [0.960170073465152], "variances": [0.0009570595546194432]}, "recent_10_loss_skew": {"scales": [0.589523637613461], "means": [1.5190167079409462], "variances": [0.3475381193050074]}, "recent_10_loss_stddev_best_ratio": {"scales": [0.5447022355226521], "means": [0.47465633263283796], "variances": [0.2967005253833747]}, "recent_10_loss_stddev_median_ratio": {"scales": [0.4378191029638906], "means": [0.4314745767439068], "variances": [0.19168556692010583]}, "recent_15%_correlation_best_percentile25_ratio": {"scales": [0.5161209539106172], "means": [1.9553420320753494], "variances": [0.2663808390656054]}, "recent_15%_correlation_best_percentile50_ratio": {"scales": [1.265266495293329], "means": [3.6589048386532244], "variances": [1.600899304111864]}, "recent_15%_correlation_best_percentile75_ratio": {"scales": [2.8582708616414063], "means": [6.202888421784989], "variances": [8.169712318508308]}, "recent_15%_correlation_kurtosis": {"scales": [0.6048813329922833], "means": [-0.43366248423036113], "variances": [0.3658814270025215]}, "recent_15%_correlation_percentile5_percentile25_ratio": {"scales": [0.3884431111213761], "means": [1.7264135556313067], "variances": [0.15088805057765373]}, "recent_15%_correlation_skew": {"scales": [0.3427723072830949], "means": [0.9158720589115513], "variances": [0.1174928546401764]}, "recent_15%_correlation_stddev_best_ratio": {"scales": [0.023345859099426835], "means": [0.3476759065037226], "variances": [0.0005450291370902908]}, "recent_15%_correlation_stddev_median_ratio": {"scales": [0.4484338235973806], "means": [1.2513210259667011], "variances": [0.20109289414616668]}, "recent_15%_loss_best_percentile25_ratio": {"scales": [0.040432375104945774], "means": [0.9475631770225129], "variances": [0.001634776956627039]}, "recent_15%_loss_best_percentile50_ratio": {"scales": [0.0730694528181977], "means": [0.8958998160274048], "variances": [0.00533914493515082]}, "recent_15%_loss_best_percentile75_ratio": {"scales": [0.1367589377901133], "means": [0.7728684206967058], "variances": [0.018703007065480084]}, "recent_15%_loss_kurtosis": {"scales": [2.7370526261694894], "means": [2.626746108160573], "variances": [7.491457078421298]}, "recent_15%_loss_percentile5_percentile25_ratio": {"scales": [0.029431844003507325], "means": [0.9616027859066745], "variances": [0.0008662334414467901]}, "recent_15%_loss_skew": {"scales": [0.7059260394399136], "means": [1.8671769014500679], "variances": [0.4983315731593224]}, "recent_15%_loss_stddev_best_ratio": {"scales": [0.576915040415563], "means": [0.5604308731631875], "variances": [0.3328309638576906]}, "recent_15%_loss_stddev_median_ratio": {"scales": [0.44340720327197125], "means": [0.4868605129275088], "variances": [0.19660994791347122]}, "recent_25_correlation_best_percentile25_ratio": {"scales": [0.4128351387014192], "means": [1.8003357449419333], "variances": [0.17043285174662]}, "recent_25_correlation_best_percentile50_ratio": {"scales": [0.8606190966746283], "means": [2.8919525624907427], "variances": [0.7406652295610533]}, "recent_25_correlation_best_percentile75_ratio": {"scales": [1.7764071313374488], "means": [4.4444190388768], "variances": [3.155622296266544]}, "recent_25_correlation_kurtosis": {"scales": [0.5219982789450616], "means": [-0.5534158299867038], "variances": [0.27248220322160627]}, "recent_25_correlation_percentile5_percentile25_ratio": {"scales": [0.30121655566622296], "means": [1.6049479332606331], "variances": [0.0907314134074228]}, "recent_25_correlation_skew": {"scales": [0.35821775429122954], "means": [0.731395800087931], "variances": [0.12831995948945168]}, "recent_25_correlation_stddev_best_ratio": {"scales": [0.02393255514845911], "means": [0.33151173081920804], "variances": [0.0005727671959340367]}, "recent_25_correlation_stddev_median_ratio": {"scales": [0.308702368154046], "means": [0.9336223721737312],