{"origStddevs": {"random": 0.7115920977168435, "top": 0.7115920977168435}, "origMeans": {"random": 0.34204545454545454, "top": 0.6579545454545455}, "predStddevs": {"random": 0.010492176304709853, "top": 0.010492176304709857}, "predMeans": {"random": 0.34212155879120953, "top": 0.6578784412087905}}