{"origStddevs": {"age": 0.9597362919052297, "loss_rank": 0.8685476383020106, "none": 1.0469449603489194, "random": 0.8874119674649426}, "origMeans": {"age": 0.2556818181818182, "loss_rank": 0.19318181818181818, "none": 0.3465909090909091, "random": 0.20454545454545456}, "predStddevs": {"age": 0.03250096053680971, "loss_rank": 0.028591939605553084, "none": 0.039349541567800045, "random": 0.02849766293251362}, "predMeans": {"age": 0.25559472739742717, "loss_rank": 0.193405860823038, "none": 0.34638285419343023, "random": 0.2046165575861046}}