{"origStddev": 10.329310778412315, "origMean": 16.306818181818183, "predStddev": 3.0308357878927334, "predMean": 16.306818186321458}