{"origStddev": 0.07700208430720772, "origMean": 0.823888888888889, "predStddev": 0.001883748799256655, "predMean": 0.8239776959923717}