{"origStddev": 0.49405152464275215, "origMean": 1.0541353383458647, "predStddev": 0.01311157016596337, "predMean": 1.0539879978532127}