{"origStddevs": {"correlation": 0.995649109255028, "fixed": 0.995649109255028}, "origMeans": {"correlation": 0.45340909090909093, "fixed": 0.5465909090909091}, "predStddevs": {"correlation": 0.013071074620824309, "fixed": 0.013071074620824305}, "predMeans": {"correlation": 0.45344107598301586, "fixed": 0.5465589240169841}}