{"origStddev": 1.027272548493772, "origMean": 2.44, "predStddev": 0.06852451139705715, "predMean": 2.4440301865229572}