{"origStddev": 3.8552805313255516, "origMean": 4.723661485319516, "predStddev": 0.10859672262342047, "predMean": 4.721204081439543}