{"origStddev": 0.6585516504747181, "origMean": 2.0107954545454545, "predStddev": 0.04293291737626813, "predMean": 2.010795454064847}