{"origStddev": 0.4092945856607924, "origMean": 1.5009090909090907, "predStddev": 0.19985464654474167, "predMean": 1.5009090881852676}