{"origStddev": 0.4736254748137625, "origMean": 0.07113636363636364, "predStddev": 0.033634031350338885, "predMean": 0.07113636425549638}