{"origStddev": 0.18756700990934205, "origMean": 0.4992723492723492, "predStddev": 0.008388676195723853, "predMean": 0.49928179096217945}