{"origStddev": 1.0176470588235293, "origMean": 2.8294117647058825, "predStddev": 0.295273462738569, "predMean": 2.866044138666382}