{"all_correlation_best_percentile25_ratio": {"scales": [0.15012215585696728], "means": [1.3826935269695684], "variances": [0.022536661679143578]}, "all_correlation_best_percentile50_ratio": {"scales": [0.39325414975005196], "means": [2.1157639327989357], "variances": [0.1546488262956363]}, "all_correlation_best_percentile75_ratio": {"scales": [1.0115070623666078], "means": [3.8724057032951453], "variances": [1.0231465372175246]}, "all_correlation_kurtosis": {"scales": [0.28821283522744007], "means": [-0.978366524865686], "variances": [0.08306663838983953]}, "all_correlation_percentile5_percentile25_ratio": {"scales": [0.11300413975378566], "means": [1.2990772617014057], "variances": [0.01276993560149312]}, "all_correlation_skew": {"scales": [0.27417843469660746], "means": [0.19788963436443768], "variances": [0.07517381405268184]}, "all_correlation_stddev_best_ratio": {"scales": [0.01859654938350711], "means": [0.30480667437553044], "variances": [0.00034583164897321865]}, "all_correlation_stddev_median_ratio": {"scales": [0.12745217594695354], "means": [0.6392432657859513], "variances": [0.016244057153613205]}, "all_loss_best_percentile25_ratio": {"scales": [0.049057985163562245], "means": [0.8316665924646289], "variances": [0.0024066859083082936]}, "all_loss_best_percentile50_ratio": {"scales": [0.07869788460989184], "means": [0.7033807644213218], "variances": [0.006193357042071852]}, "all_loss_best_percentile75_ratio": {"scales": [0.09341891824082582], "means": [0.516440002192445], "variances": [0.0087270942852861]}, "all_loss_kurtosis": {"scales": [2.1441314444503763], "means": [5.383739811488378], "variances": [4.597299651080857]}, "all_loss_percentile5_percentile25_ratio": {"scales": [0.036953852934166566], "means": [0.8881435324914557], "variances": [0.0013655872466800108]}, "all_loss_skew": {"scales": [0.3592199867492218], "means": [2.3889461941789976], "variances": [0.12903899888011108]}, "all_loss_stddev_best_ratio": {"scales": [0.6013175191278806], "means": [1.271964498790918], "variances": [0.361582758810109]}, "all_loss_stddev_median_ratio": {"scales": [0.31102921620682933], "means": [0.8069529728003498], "variances": [0.09673917333423458]}, "log10_cardinality": {"scales": [1.2309279728838265], "means": [7.755519034375688], "variances": [1.5151836744278862]}, "recent_10_correlation_best_percentile25_ratio": {"scales": [0.4448655672542625], "means": [1.889697502603775], "variances": [0.19790537292845675]}, "recent_10_correlation_best_percentile50_ratio": {"scales": [0.9046426852975609], "means": [3.020007460472209], "variances": [0.8183783880623818]}, "recent_10_correlation_best_percentile75_ratio": {"scales": [3.3150062149842547], "means": [6.942683283556851], "variances": [10.989266205384235]}, "recent_10_correlation_kurtosis": {"scales": [0.5018822195520425], "means": [-0.660889815189182], "variances": [0.25188576230248455]}, "recent_10_correlation_percentile5_percentile25_ratio": {"scales": [0.35122357769671986], "means": [1.6916601611671989], "variances": [0.1233580015300838]}, "recent_10_correlation_skew": {"scales": [0.33439429152904154], "means": [0.7133842102175048], "variances": [0.11181954220720963]}, "recent_10_correlation_stddev_best_ratio": {"scales": [0.020317468973708758], "means": [0.3441708578955203], "variances": [0.000412799545497618]}, "recent_10_correlation_stddev_median_ratio": {"scales": [0.3189524959997096], "means": [1.0218715778992082], "variances": [0.10173069470444478]}, "recent_10_loss_best_percentile25_ratio": {"scales": [0.03363670223719832], "means": [0.9270971160895035], "variances": [0.0011314277373939423]}, "recent_10_loss_best_percentile50_ratio": {"scales": [0.06071516179616167], "means": [0.8542051095660578], "variances": [0.0036863308719340894]}, "recent_10_loss_best_percentile75_ratio": {"scales": [0.10611430358990584], "means": [0.7445636274911612], "variances": [0.011260245426370703]}, "recent_10_loss_kurtosis": {"scales": [1.8128204305670164], "means": [1.3308629522334696], "variances": [3.286317913481182]}, "recent_10_loss_percentile5_percentile25_ratio": {"scales": [0.02542323378166495], "means": [0.9434956297769163], "variances": [0.0006463408159171901]}, "recent_10_loss_skew": {"scales": [0.6416131527016038], "means": [1.4563398924908764], "variances": [0.4116674377196916]}, "recent_10_loss_stddev_best_ratio": {"scales": [0.5427848389417552], "means": [0.7876080973337249], "variances": [0.29461538138502713]}, "recent_10_loss_stddev_median_ratio": {"scales": [0.38491497816693226], "means": [0.5691747218983375], "variances": [0.14815954041724996]}, "recent_15%_correlation_best_percentile25_ratio": {"scales": [0.36908259224105594], "means": [1.737726807688666], "variances": [0.13622195989537755]}, "recent_15%_correlation_best_percentile50_ratio": {"scales": [0.8339268881819085], "means": [2.9292067162634687], "variances": [0.6954340548327614]}, "recent_15%_correlation_best_percentile75_ratio": {"scales": [2.5185087892315203], "means": [5.978486802199605], "variances": [6.3428865214364185]}, "recent_15%_correlation_kurtosis": {"scales": [0.45233324081126486], "means": [-0.7799470222003165], "variances": [0.20460536074282173]}, "recent_15%_correlation_percentile5_percentile25_ratio": {"scales": [0.27543571634960157], "means": [1.56227687852072], "variances": [0.07586483384101818]}, "recent_15%_correlation_skew": {"scales": [0.3183552889849031], "means": [0.6065562603058904], "variances": [0.1013500900246612]}, "recent_15%_correlation_stddev_best_ratio": {"scales": [0.021470072705761355], "means": [0.3418889126773276], "variances": [0.0004609640219906787]}, "recent_15%_correlation_stddev_median_ratio": {"scales": [0.2928794772280565], "means": [0.981915935149747], "variances": [0.08577838818137967]}, "recent_15%_loss_best_percentile25_ratio": {"scales": [0.027499005052465376], "means": [0.9242725097124415], "variances": [0.0007561952788755162]}, "recent_15%_loss_best_percentile50_ratio": {"scales": [0.04829849389159402], "means": [0.8588233726378247], "variances": [0.0023327445121963447]}, "recent_15%_loss_best_percentile75_ratio": {"scales": [0.08973202233202009], "means": [0.7541538222915715], "variances": [0.008051835831794151]}, "recent_15%_loss_kurtosis": {"scales": [3.356703842781292], "means": [3.266354504757376], "variances": [11.267460688142693]}, "recent_15%_loss_percentile5_percentile25_ratio": {"scales": [0.021291233207772636], "means": [0.9438917089689501], "variances": [0.00045331661150776017]}, "recent_15%_loss_skew": {"scales": [0.8443593728572905], "means": [1.9690791696281122], "variances": [0.7129427505319568]}, "recent_15%_loss_stddev_best_ratio": {"scales": [0.5701907192329264], "means": [0.9591498444434571], "variances": [0.3251174562993619]}, "recent_15%_loss_stddev_median_ratio": {"scales": [0.412759528205376], "means": [0.7284585936033787], "variances": [0.17037042812432457]}, "recent_25_correlation_best_percentile25_ratio": {"scales": [0.30485038941740444], "means": [1.6386072005275298], "variances": [0.09293375992794314]}, "recent_25_correlation_best_percentile50_ratio": {"scales": [0.7197447994902764], "means": [2.637684198471665], "variances": [0.5180325763932981]}, "recent_25_correlation_best_percentile75_ratio": {"scales": [2.1155779571405424], "means": [5.222783446698245], "variances": [4.47567009273895]}, "recent_25_correlation_kurtosis": {"scales": [0.445792607030259], "means": [-0.7726325963602569], "variances": [0.19873104848283496]}, "recent_25_correlation_percentile5_percentile25_ratio": {"scales": [0.21928842472522173], "means": [1.482125719182246], "variances": [0.04808741321846924]}, "recent_25_correlation_skew": {"scales": [0.3216461141368351], "means": [0.5239211608767548], "variances": [0.10345622273932593]}, "recent_25_correlation_stddev_best_ratio": {"scales": [0.0230000416898867], "means": [0.3307072641310334], "variances": [0.0005290019177365262]}, "recent_25_correlation_stddev_median_ratio": {"scales": [0.2610507155548997],