{"origStddev": 0.15604559492143166, "origMean": 0.7006493506493506, "predStddev": 0.00741195789022529, "predMean": 0.7005161509072227}