{"origStddev": 0.08209828596450952, "origMean": 0.8151515151515152, "predStddev": 0.01170374000983276, "predMean": 0.8136453371445467}