{"origStddev": 3.803502624471459, "origMean": 4.758566978193146, "predStddev": 0.11027664333953105, "predMean": 4.758442686572053}