{"origStddevs": {"age": 0.9315444165470588, "loss_rank": 0.7160830957368006, "none": 0.9611321449207703, "random": 0.7855571271397134, "cluster": 0.827269605388715, "zscore": 0.5545268253204708}, "origMeans": {"age": 0.2340909090909091, "loss_rank": 0.12045454545454545, "none": 0.25681818181818183, "random": 0.15, "cluster": 0.17045454545454544, "zscore": 0.06818181818181818}, "predStddevs": {"age": 0.011358552334768882, "loss_rank": 0.009271565930980675, "none": 0.007242271663583854, "random": 0.01213339362807516, "cluster": 0.00836194730483371, "zscore": 0.005135728335282764}, "predMeans": {"age": 0.23403015431263163, "loss_rank": 0.17045872530801667, "none": 0.12049402459963506, "random": 0.2567370915640297, "cluster": 0.15001507010432547, "zscore": 0.06826493411136153}}