{"origStddev": 1.035251961859131, "origMean": 2.516949152542373, "predStddev": 0.13820152892543092, "predMean": 2.531740516750489}