{"origStddev": 1.031687598352251, "origMean": 2.533980582524272, "predStddev": 0.04173829564982227, "predMean": 2.5320427018719474}