{"origStddev": 0.9996884527151396, "origMean": 2.707547169811321, "predStddev": 0.025276450601416006, "predMean": 2.7122217736374865}