{"origStddevs": {"random": 0.6662919702873669, "top": 0.6662919702873671}, "origMeans": {"random": 0.27045454545454545, "top": 0.7295454545454545}, "predStddevs": {"random": 0.011594825897312025, "top": 0.011594825897312037}, "predMeans": {"random": 0.2706071002531785, "top": 0.7293928997468216}}