{"origStddev": 0.4913013416532152, "origMean": 1.0857894736842106, "predStddev": 0.06578908007446219, "predMean": 1.0838424176875783}