{"origStddev": 1.2442297371823616, "origMean": 0.8041666666666667, "predStddev": 0.24716397888462752, "predMean": 0.8270922410732114}