{"origStddev": 0.5437936602591249, "origMean": 0.006136363636363635, "predStddev": 0.13162576565532869, "predMean": 0.006136364321680712}