{"origStddev": 9.885145379485003, "origMean": 14.136363636363637, "predStddev": 0.8033379875715647, "predMean": 14.136363625845089}