{"origStddev": 1.0431592536011471, "origMean": 2.7426470588235294, "predStddev": 0.02440604431328122, "predMean": 2.745077463127328}