{"origStddev": 0.5485902894291802, "origMean": 0.02920454545454546, "predStddev": 0.1922505927246653, "predMean": 0.02920454602042133}