{"origStddev": 0.1770178963783495, "origMean": 0.5181514476614699, "predStddev": 0.042695661556471455, "predMean": 0.5172946490477609}