{"origStddev": 0.17843595489698816, "origMean": 0.5331, "predStddev": 0.0202329668989974, "predMean": 0.531975684919847}