{"origStddev": 0.67954070384475, "origMean": 1.9875, "predStddev": 0.01794877825176432, "predMean": 1.987500000089481}