{"origStddev": 0.6808136539501529, "origMean": 1.9886363636363635, "predStddev": 0.04166506031238694, "predMean": 1.9886363632382726}