{"origStddev": 0.39686963115389845, "origMean": 1.5018181818181817, "predStddev": 0.18439689765197204, "predMean": 1.5018181776237132}