{"origStddevs": {"correlation": 0.9906588508046985, "fixed": 0.9906588508046986}, "origMeans": {"correlation": 0.4318181818181818, "fixed": 0.5681818181818182}, "predStddevs": {"correlation": 0.047237868530469136, "fixed": 0.047237868530469136}, "predMeans": {"correlation": 0.43197737574649814, "fixed": 0.5680226242535019}}