{"origStddev": 0.6900616719205024, "origMean": 2.015340909090909, "predStddev": 0.06679998069513378, "predMean": 2.01534090887871}